participant_id,split,scanner,flair_shape,flair_voxel_mm,flair_axcodes,flair_dtype,t1_shape,t1_voxel_mm,t1_axcodes,qform_sform_agree,O1_valid,O1_wmh_ml,O1_other_ml,O1_same_grid,O3_valid,O3_wmh_ml,O3_same_grid,O4_valid,O4_wmh_ml,O4_same_grid,challenge_t1_same_grid,flair_defaced,flair_mask_same_grid,flair_mask_partial_fraction,flair_defaced_fraction,flair_zero_where_defaced
sub-000,training,utrecht_philips_3t,240x240x48,0.96x0.96x3.00,LPS,uint16,256x256x192,1.00x1.00x1.00,PIR,True,True,24.18,29.18,True,True,20.3,True,True,28.78,True,True,False,n/a,n/a,n/a,n/a
sub-001,test,utrecht_philips_3t,240x240x48,0.96x0.96x3.00,LPS,uint16,256x256x192,1.00x1.00x1.00,PIR,True,True,4.1,0.34,True,n/a,n/a,n/a,n/a,n/a,n/a,True,False,n/a,n/a,n/a,n/a
sub-002,training,utrecht_philips_3t,240x240x48,0.96x0.96x3.00,LPS,uint16,256x256x192,1.00x1.00x1.00,PIR,True,True,32.67,0.0,True,True,32.18,True,True,29.23,True,True,False,n/a,n/a,n/a,n/a
sub-003,test,utrecht_philips_3t,240x240x48,0.96x0.96x3.00,LPS,uint16,256x256x192,1.00x1.00x1.00,PIR,True,True,19.61,0.15,True,n/a,n/a,n/a,n/a,n/a,n/a,True,False,n/a,n/a,n/a,n/a
sub-004,training,utrecht_philips_3t,240x240x48,0.96x0.96x3.00,LPS,uint16,256x256x192,1.00x1.00x1.00,PIR,True,True,31.1,4.06,True,True,34.64,True,True,31.11,True,True,False,n/a,n/a,n/a,n/a
sub-005,test,utrecht_philips_3t,240x240x48,0.96x0.96x3.00,LPS,uint16,256x256x192,1.00x1.00x1.00,PIR,True,True,2.09,0.0,True,n/a,n/a,n/a,n/a,n/a,n/a,True,False,n/a,n/a,n/a,n/a
sub-006,training,utrecht_philips_3t,240x240x48,0.96x0.96x3.00,LPS,uint16,256x256x192,1.00x1.00x1.00,PIR,True,True,1.77,0.0,True,True,2.37,True,True,0.73,True,True,False,n/a,n/a,n/a,n/a
sub-007,test,utrecht_philips_3t,240x240x48,0.96x0.96x3.00,LPS,uint16,256x256x192,1.00x1.00x1.00,PIR,True,True,28.64,0.2,True,n/a,n/a,n/a,n/a,n/a,n/a,True,False,n/a,n/a,n/a,n/a
sub-008,training,utrecht_philips_3t,240x240x48,0.96x0.96x3.00,LPS,uint16,256x256x192,1.00x1.00x1.00,PIR,True,True,1.5,0.0,True,True,1.8,True,True,1.12,True,True,False,n/a,n/a,n/a,n/a
sub-009,test,utrecht_philips_3t,240x240x48,0.96x0.96x3.00,LPS,uint16,256x256x192,1.00x1.00x1.00,PIR,True,True,195.14,7.22,True,n/a,n/a,n/a,n/a,n/a,n/a,True,False,n/a,n/a,n/a,n/a
sub-010,test,utrecht_philips_3t,240x240x48,0.96x0.96x3.00,LPS,uint16,256x256x192,1.00x1.00x1.00,PIR,True,True,6.64,5.3,True,n/a,n/a,n/a,n/a,n/a,n/a,True,False,n/a,n/a,n/a,n/a
sub-011,training,utrecht_philips_3t,240x240x48,0.96x0.96x3.00,LPS,uint16,256x256x192,1.00x1.00x1.00,PIR,True,True,2.46,5.53,True,True,4.43,True,True,4.13,True,True,False,n/a,n/a,n/a,n/a
sub-012,test,utrecht_philips_3t,240x240x48,0.96x0.96x3.00,LPS,uint16,256x256x192,1.00x1.00x1.00,PIR,True,True,1.52,0.0,True,n/a,n/a,n/a,n/a,n/a,n/a,True,False,n/a,n/a,n/a,n/a
sub-013,test,utrecht_philips_3t,240x240x48,0.96x0.96x3.00,LPS,uint16,256x256x192,1.00x1.00x1.00,PIR,True,True,51.4,0.66,True,n/a,n/a,n/a,n/a,n/a,n/a,True,False,n/a,n/a,n/a,n/a
sub-014,test,utrecht_philips_3t,240x240x48,0.96x0.96x3.00,LPS,uint16,256x256x192,1.00x1.00x1.00,PIR,True,True,14.26,0.0,True,n/a,n/a,n/a,n/a,n/a,n/a,True,False,n/a,n/a,n/a,n/a
sub-015,test,utrecht_philips_3t,240x240x48,0.96x0.96x3.00,LPS,uint16,256x256x192,1.00x1.00x1.00,PIR,True,True,7.5,10.14,True,n/a,n/a,n/a,n/a,n/a,n/a,True,False,n/a,n/a,n/a,n/a
sub-016,test,utrecht_philips_3t,240x240x48,0.96x0.96x3.00,LPS,uint16,256x256x192,1.00x1.00x1.00,PIR,True,True,12.74,0.14,True,n/a,n/a,n/a,n/a,n/a,n/a,True,False,n/a,n/a,n/a,n/a
sub-017,training,utrecht_philips_3t,240x240x48,0.96x0.96x3.00,LPS,uint16,288x288x192,0.89x0.89x1.00,PIR,True,True,3.5,0.9,True,True,4.63,True,True,2.84,True,True,False,n/a,n/a,n/a,n/a
sub-018,test,utrecht_philips_3t,240x240x48,0.96x0.96x3.00,LPS,uint16,256x256x192,1.00x1.00x1.00,PIR,True,True,2.14,0.0,True,n/a,n/a,n/a,n/a,n/a,n/a,True,False,n/a,n/a,n/a,n/a
sub-019,training,utrecht_philips_3t,240x240x48,0.96x0.96x3.00,LPS,uint16,256x256x192,1.00x1.00x1.00,PIR,True,True,11.89,28.07,True,True,25.9,True,True,25.14,True,True,False,n/a,n/a,n/a,n/a
sub-020,test,utrecht_philips_3t,240x240x48,0.96x0.96x3.00,LPS,uint16,256x256x192,1.00x1.00x1.00,PIR,True,True,15.34,5.66,True,n/a,n/a,n/a,n/a,n/a,n/a,True,False,n/a,n/a,n/a,n/a
sub-021,training,utrecht_philips_3t,240x240x48,0.96x0.96x3.00,LPS,uint16,256x256x192,1.00x1.00x1.00,PIR,True,True,24.85,0.0,True,True,35.78,True,True,28.44,True,True,False,n/a,n/a,n/a,n/a
sub-022,test,utrecht_philips_3t,240x240x48,0.96x0.96x3.00,LPS,uint16,256x256x192,1.00x1.00x1.00,PIR,True,True,11.81,0.9,True,n/a,n/a,n/a,n/a,n/a,n/a,True,False,n/a,n/a,n/a,n/a
sub-023,training,utrecht_philips_3t,240x240x48,0.96x0.96x3.00,LPS,uint16,256x256x192,1.00x1.00x1.00,PIR,True,True,0.91,0.0,True,True,1.37,True,True,1.62,True,True,False,n/a,n/a,n/a,n/a
sub-024,test,utrecht_philips_3t,240x240x48,0.96x0.96x3.00,LPS,uint16,256x256x192,1.00x1.00x1.00,PIR,True,True,34.93,0.0,True,n/a,n/a,n/a,n/a,n/a,n/a,True,False,n/a,n/a,n/a,n/a
sub-025,training,utrecht_philips_3t,240x240x48,0.96x0.96x3.00,LPS,uint16,256x256x192,1.00x1.00x1.00,PIR,True,True,24.09,1.82,True,True,28.75,True,True,23.58,True,True,False,n/a,n/a,n/a,n/a
sub-026,test,utrecht_philips_3t,240x240x48,0.96x0.96x3.00,LPS,uint16,256x256x192,1.00x1.00x1.00,PIR,True,True,53.63,5.71,True,n/a,n/a,n/a,n/a,n/a,n/a,True,False,n/a,n/a,n/a,n/a
sub-027,training,utrecht_philips_3t,240x240x48,0.96x0.96x3.00,LPS,uint16,256x256x192,1.00x1.00x1.00,PIR,True,True,0.85,1.28,True,True,1.77,True,True,1.88,True,True,False,n/a,n/a,n/a,n/a
sub-028,test,utrecht_philips_3t,240x240x48,0.96x0.96x3.00,LPS,uint16,256x256x192,1.00x1.00x1.00,PIR,True,True,39.2,0.0,True,n/a,n/a,n/a,n/a,n/a,n/a,True,False,n/a,n/a,n/a,n/a
sub-029,training,utrecht_philips_3t,240x240x48,0.96x0.96x3.00,LPS,uint16,256x256x192,1.00x1.00x1.00,PIR,True,True,44.31,2.27,True,True,46.78,True,True,43.46,True,True,False,n/a,n/a,n/a,n/a
sub-030,test,utrecht_philips_3t,240x240x48,0.96x0.96x3.00,LPS,uint16,256x256x192,1.00x1.00x1.00,PIR,True,True,23.09,0.0,True,n/a,n/a,n/a,n/a,n/a,n/a,True,False,n/a,n/a,n/a,n/a
sub-031,training,utrecht_philips_3t,240x240x48,0.96x0.96x3.00,LPS,uint16,256x256x192,1.00x1.00x1.00,PIR,True,True,67.96,0.0,True,True,76.29,True,True,65.88,True,True,False,n/a,n/a,n/a,n/a
sub-032,test,utrecht_philips_3t,240x240x48,0.96x0.96x3.00,LPS,uint16,256x256x192,1.00x1.00x1.00,PIR,True,True,13.81,0.0,True,n/a,n/a,n/a,n/a,n/a,n/a,True,False,n/a,n/a,n/a,n/a
sub-033,training,utrecht_philips_3t,240x240x48,0.96x0.96x3.00,LPS,uint16,256x256x192,1.00x1.00x1.00,PIR,True,True,3.95,0.0,True,True,4.35,True,True,3.12,True,True,False,n/a,n/a,n/a,n/a
sub-034,test,utrecht_philips_3t,240x240x48,0.96x0.96x3.00,LPS,uint16,256x256x192,1.00x1.00x1.00,PIR,True,True,1.94,0.0,True,n/a,n/a,n/a,n/a,n/a,n/a,True,False,n/a,n/a,n/a,n/a
sub-035,training,utrecht_philips_3t,240x240x48,0.96x0.96x3.00,LPS,uint16,256x256x192,1.00x1.00x1.00,PIR,True,True,2.83,0.0,True,True,2.68,True,True,2.3,True,True,False,n/a,n/a,n/a,n/a
sub-036,test,utrecht_philips_3t,240x240x48,0.96x0.96x3.00,LPS,uint16,256x256x192,1.00x1.00x1.00,PIR,True,True,1.78,0.0,True,n/a,n/a,n/a,n/a,n/a,n/a,True,False,n/a,n/a,n/a,n/a
sub-037,training,utrecht_philips_3t,240x240x48,0.96x0.96x3.00,LPS,uint16,256x256x192,1.00x1.00x1.00,PIR,True,True,74.99,0.0,True,True,78.15,True,True,72.57,True,True,False,n/a,n/a,n/a,n/a
sub-038,test,utrecht_philips_3t,240x240x48,0.96x0.96x3.00,LPS,uint16,256x256x192,1.00x1.00x1.00,PIR,True,True,4.26,0.0,True,n/a,n/a,n/a,n/a,n/a,n/a,True,False,n/a,n/a,n/a,n/a
sub-039,training,utrecht_philips_3t,240x240x48,0.96x0.96x3.00,LPS,uint16,256x256x192,1.00x1.00x1.00,PIR,True,True,45.74,0.0,True,True,46.37,True,True,43.63,True,True,False,n/a,n/a,n/a,n/a
sub-040,test,utrecht_philips_3t,240x240x48,0.96x0.96x3.00,LPS,uint16,256x256x192,1.00x1.00x1.00,PIR,True,True,14.88,0.0,True,n/a,n/a,n/a,n/a,n/a,n/a,True,False,n/a,n/a,n/a,n/a
sub-041,training,utrecht_philips_3t,240x240x48,0.96x0.96x3.00,LPS,uint16,256x256x192,1.00x1.00x1.00,PIR,True,True,32.96,1.58,True,True,34.43,True,True,29.4,True,True,False,n/a,n/a,n/a,n/a
sub-042,test,utrecht_philips_3t,240x240x48,0.96x0.96x3.00,LPS,uint16,256x256x192,1.00x1.00x1.00,PIR,True,True,14.09,0.0,True,n/a,n/a,n/a,n/a,n/a,n/a,True,False,n/a,n/a,n/a,n/a
sub-043,test,utrecht_philips_3t,240x240x48,0.96x0.96x3.00,LPS,uint16,256x256x192,1.00x1.00x1.00,PIR,True,True,0.99,0.17,True,n/a,n/a,n/a,n/a,n/a,n/a,True,False,n/a,n/a,n/a,n/a
sub-044,test,utrecht_philips_3t,240x240x48,0.96x0.96x3.00,LPS,uint16,256x256x192,1.00x1.00x1.00,PIR,True,True,4.78,0.0,True,n/a,n/a,n/a,n/a,n/a,n/a,True,False,n/a,n/a,n/a,n/a
sub-045,test,utrecht_philips_3t,240x240x48,0.96x0.96x3.00,LPS,uint16,256x256x192,1.00x1.00x1.00,PIR,True,True,2.99,0.0,True,n/a,n/a,n/a,n/a,n/a,n/a,True,False,n/a,n/a,n/a,n/a
sub-046,test,utrecht_philips_3t,240x240x48,0.96x0.96x3.00,LPS,uint16,256x256x192,1.00x1.00x1.00,PIR,True,True,41.2,0.25,True,n/a,n/a,n/a,n/a,n/a,n/a,True,False,n/a,n/a,n/a,n/a
sub-047,test,utrecht_philips_3t,240x240x48,0.96x0.96x3.00,LPS,uint16,256x256x192,1.00x1.00x1.00,PIR,True,True,21.88,0.0,True,n/a,n/a,n/a,n/a,n/a,n/a,True,False,n/a,n/a,n/a,n/a
sub-048,test,utrecht_philips_3t,240x240x48,0.96x0.96x3.00,LPS,uint16,256x256x192,1.00x1.00x1.00,PIR,True,True,1.72,0.0,True,n/a,n/a,n/a,n/a,n/a,n/a,True,False,n/a,n/a,n/a,n/a
sub-049,training,utrecht_philips_3t,240x240x48,0.96x0.96x3.00,LPS,uint16,256x256x192,1.00x1.00x1.00,PIR,True,True,26.57,0.0,True,True,28.34,True,True,24.91,True,True,False,n/a,n/a,n/a,n/a
sub-050,training,singapore_siemens_3t,256x232x48,1.00x1.00x3.00,LPS,uint16,256x256x192,1.00x1.00x1.00,PIR,True,True,25.68,0.0,True,True,17.57,True,True,23.14,True,True,False,n/a,n/a,n/a,n/a
sub-051,training,singapore_siemens_3t,256x232x48,1.00x1.00x3.00,LPS,uint16,256x256x192,1.00x1.00x1.00,PIR,True,True,26.6,1.25,True,True,17.29,True,True,20.63,True,True,False,n/a,n/a,n/a,n/a
sub-052,training,singapore_siemens_3t,232x256x48,1.00x1.00x3.00,LPS,uint16,256x256x192,1.00x1.00x1.00,PIR,True,True,4.94,0.0,True,True,3.67,True,True,3.69,True,True,False,n/a,n/a,n/a,n/a
sub-053,training,singapore_siemens_3t,232x256x48,1.00x1.00x3.00,LPS,uint16,256x256x192,1.00x1.00x1.00,PIR,True,True,1.14,0.0,True,True,0.88,True,True,1.34,True,True,False,n/a,n/a,n/a,n/a
sub-054,training,singapore_siemens_3t,232x256x48,1.00x1.00x3.00,LPS,uint16,256x256x192,1.00x1.00x1.00,PIR,True,True,0.79,0.51,True,True,0.8,True,True,0.58,True,True,False,n/a,n/a,n/a,n/a
sub-055,training,singapore_siemens_3t,232x256x48,1.00x1.00x3.00,LPS,uint16,256x256x192,1.00x1.00x1.00,PIR,True,True,2.9,0.0,True,True,2.36,True,True,3.04,True,True,False,n/a,n/a,n/a,n/a
sub-056,training,singapore_siemens_3t,232x256x48,1.00x1.00x3.00,LPS,uint16,256x256x192,1.00x1.00x1.00,PIR,True,True,16.39,0.0,True,True,12.48,True,True,13.7,True,True,False,n/a,n/a,n/a,n/a
sub-057,training,singapore_siemens_3t,232x256x48,1.00x1.00x3.00,LPS,uint16,256x256x192,1.00x1.00x1.00,PIR,True,True,15.57,0.0,True,True,13.37,True,True,10.89,True,True,False,n/a,n/a,n/a,n/a
sub-058,training,singapore_siemens_3t,232x256x48,1.00x1.00x3.00,LPS,uint16,256x256x192,1.00x1.00x1.00,PIR,True,True,1.63,0.0,True,True,2.06,True,True,1.4,True,True,False,n/a,n/a,n/a,n/a
sub-059,training,singapore_siemens_3t,232x256x48,1.00x1.00x3.00,LPS,uint16,256x256x192,1.00x1.00x1.00,PIR,True,True,17.59,0.41,True,True,17.04,True,True,12.39,True,True,False,n/a,n/a,n/a,n/a
sub-060,training,singapore_siemens_3t,232x256x48,1.00x1.00x3.00,LPS,uint16,256x256x192,1.00x1.00x1.00,PIR,True,True,21.36,1.23,True,True,21.79,True,True,16.51,True,True,False,n/a,n/a,n/a,n/a
sub-061,training,singapore_siemens_3t,232x256x48,1.00x1.00x3.00,LPS,uint16,256x256x192,1.00x1.00x1.00,PIR,True,True,14.55,2.37,True,True,13.29,True,True,9.42,True,True,False,n/a,n/a,n/a,n/a
sub-062,training,singapore_siemens_3t,232x256x48,1.00x1.00x3.00,LPS,uint16,256x256x192,1.00x1.00x1.00,PIR,True,True,61.33,0.25,True,True,57.78,True,True,49.1,True,True,False,n/a,n/a,n/a,n/a
sub-063,training,singapore_siemens_3t,232x256x48,1.00x1.00x3.00,LPS,uint16,256x256x192,1.00x1.00x1.00,PIR,True,True,35.89,0.55,True,True,35.82,True,True,29.38,True,True,False,n/a,n/a,n/a,n/a
sub-064,training,singapore_siemens_3t,232x256x48,1.00x1.00x3.00,LPS,uint16,256x256x176,1.00x1.00x1.00,PIR,True,True,16.3,2.08,True,True,16.22,True,True,13.34,True,True,False,n/a,n/a,n/a,n/a
sub-065,training,singapore_siemens_3t,232x256x48,1.00x1.00x3.00,LPS,uint16,256x256x192,1.00x1.00x1.00,PIR,True,True,18.1,32.9,True,True,26.93,True,True,20.06,True,True,False,n/a,n/a,n/a,n/a
sub-066,training,singapore_siemens_3t,232x256x48,1.00x1.00x3.00,LPS,uint16,256x256x192,1.00x1.00x1.00,PIR,True,True,11.96,0.0,True,True,15.15,True,True,10.3,True,True,False,n/a,n/a,n/a,n/a
sub-067,training,singapore_siemens_3t,232x256x48,1.00x1.00x3.00,LPS,uint16,256x256x192,1.00x1.00x1.00,PIR,True,True,35.24,9.12,True,True,27.98,True,True,24.09,True,True,False,n/a,n/a,n/a,n/a
sub-068,training,singapore_siemens_3t,232x256x48,1.00x1.00x3.00,LPS,uint16,256x256x192,1.00x1.00x1.00,PIR,True,True,36.72,23.48,True,True,39.38,True,True,29.13,True,True,False,n/a,n/a,n/a,n/a
sub-069,training,singapore_siemens_3t,232x256x48,1.00x1.00x3.00,LPS,uint16,256x256x192,1.00x1.00x1.00,PIR,True,True,17.58,0.0,True,True,16.23,True,True,14.09,True,True,False,n/a,n/a,n/a,n/a
sub-070,test,singapore_siemens_3t,232x256x48,1.00x1.00x3.00,LPS,uint16,256x256x192,1.00x1.00x1.00,PIR,True,True,7.37,0.0,True,n/a,n/a,n/a,n/a,n/a,n/a,True,False,n/a,n/a,n/a,n/a
sub-071,test,singapore_siemens_3t,232x256x48,1.00x1.00x3.00,LPS,uint16,256x256x192,1.00x1.00x1.00,PIR,True,True,24.84,0.59,True,n/a,n/a,n/a,n/a,n/a,n/a,True,False,n/a,n/a,n/a,n/a
sub-072,test,singapore_siemens_3t,232x256x48,1.00x1.00x3.00,LPS,uint16,256x256x192,1.00x1.00x1.00,PIR,True,True,80.51,4.63,True,n/a,n/a,n/a,n/a,n/a,n/a,True,False,n/a,n/a,n/a,n/a
sub-073,test,singapore_siemens_3t,232x256x48,1.00x1.00x3.00,LPS,uint16,256x256x192,1.00x1.00x1.00,PIR,True,True,0.9,1.03,True,n/a,n/a,n/a,n/a,n/a,n/a,True,False,n/a,n/a,n/a,n/a
sub-074,test,singapore_siemens_3t,232x256x48,1.00x1.00x3.00,LPS,uint16,256x256x192,1.00x1.00x1.00,PIR,True,True,3.06,0.0,True,n/a,n/a,n/a,n/a,n/a,n/a,True,False,n/a,n/a,n/a,n/a
sub-075,test,singapore_siemens_3t,232x256x48,1.00x1.00x3.00,LPS,uint16,256x256x192,1.00x1.00x1.00,PIR,True,True,1.36,0.0,True,n/a,n/a,n/a,n/a,n/a,n/a,True,False,n/a,n/a,n/a,n/a
sub-076,test,singapore_siemens_3t,232x256x48,1.00x1.00x3.00,LPS,uint16,256x256x192,1.00x1.00x1.00,PIR,True,True,3.29,1.22,True,n/a,n/a,n/a,n/a,n/a,n/a,True,False,n/a,n/a,n/a,n/a
sub-077,test,singapore_siemens_3t,232x256x48,1.00x1.00x3.00,LPS,uint16,256x256x192,1.00x1.00x1.00,PIR,True,True,10.82,1.18,True,n/a,n/a,n/a,n/a,n/a,n/a,True,False,n/a,n/a,n/a,n/a
sub-078,test,singapore_siemens_3t,232x256x48,1.00x1.00x3.00,LPS,uint16,256x256x192,1.00x1.00x1.00,PIR,True,True,2.39,2.24,True,n/a,n/a,n/a,n/a,n/a,n/a,True,False,n/a,n/a,n/a,n/a
sub-079,test,singapore_siemens_3t,232x256x48,1.00x1.00x3.00,LPS,uint16,256x256x192,1.00x1.00x1.00,PIR,True,True,7.62,0.0,True,n/a,n/a,n/a,n/a,n/a,n/a,True,False,n/a,n/a,n/a,n/a
sub-080,test,singapore_siemens_3t,232x256x48,1.00x1.00x3.00,LPS,uint16,256x256x192,1.00x1.00x1.00,PIR,True,True,18.17,0.59,True,n/a,n/a,n/a,n/a,n/a,n/a,True,False,n/a,n/a,n/a,n/a
sub-081,test,singapore_siemens_3t,232x256x48,1.00x1.00x3.00,LPS,uint16,256x256x192,1.00x1.00x1.00,PIR,True,True,34.98,8.23,True,n/a,n/a,n/a,n/a,n/a,n/a,True,False,n/a,n/a,n/a,n/a
sub-082,test,singapore_siemens_3t,232x256x48,1.00x1.00x3.00,LPS,uint16,256x256x192,1.00x1.00x1.00,PIR,True,True,12.3,0.0,True,n/a,n/a,n/a,n/a,n/a,n/a,True,False,n/a,n/a,n/a,n/a
sub-083,test,singapore_siemens_3t,232x256x48,1.00x1.00x3.00,LPS,uint16,256x256x192,1.00x1.00x1.00,PIR,True,True,4.67,0.0,True,n/a,n/a,n/a,n/a,n/a,n/a,True,False,n/a,n/a,n/a,n/a
sub-084,test,singapore_siemens_3t,232x256x48,1.00x1.00x3.00,LPS,uint16,256x256x192,1.00x1.00x1.00,PIR,True,True,23.29,0.51,True,n/a,n/a,n/a,n/a,n/a,n/a,True,False,n/a,n/a,n/a,n/a
sub-085,test,singapore_siemens_3t,232x256x48,1.00x1.00x3.00,LPS,uint16,256x256x192,1.00x1.00x1.00,PIR,True,True,20.26,0.0,True,n/a,n/a,n/a,n/a,n/a,n/a,True,False,n/a,n/a,n/a,n/a
sub-086,test,singapore_siemens_3t,232x256x48,1.00x1.00x3.00,LPS,uint16,256x256x192,1.00x1.00x1.00,PIR,True,True,27.15,0.0,True,n/a,n/a,n/a,n/a,n/a,n/a,True,False,n/a,n/a,n/a,n/a
sub-087,test,singapore_siemens_3t,232x256x48,1.00x1.00x3.00,LPS,uint16,256x256x192,1.00x1.00x1.00,PIR,True,True,20.27,0.0,True,n/a,n/a,n/a,n/a,n/a,n/a,True,False,n/a,n/a,n/a,n/a
sub-088,test,singapore_siemens_3t,232x256x48,1.00x1.00x3.00,LPS,uint16,256x256x192,1.00x1.00x1.00,PIR,True,True,8.87,5.02,True,n/a,n/a,n/a,n/a,n/a,n/a,True,False,n/a,n/a,n/a,n/a
sub-089,test,singapore_siemens_3t,232x256x48,1.00x1.00x3.00,LPS,uint16,256x256x192,1.00x1.00x1.00,PIR,True,True,0.97,0.0,True,n/a,n/a,n/a,n/a,n/a,n/a,True,False,n/a,n/a,n/a,n/a
sub-090,test,singapore_siemens_3t,232x256x48,1.00x1.00x3.00,LPS,uint16,256x256x192,1.00x1.00x1.00,PIR,True,True,4.33,0.0,True,n/a,n/a,n/a,n/a,n/a,n/a,True,False,n/a,n/a,n/a,n/a
sub-091,test,singapore_siemens_3t,232x256x48,1.00x1.00x3.00,LPS,uint16,256x256x192,1.00x1.00x1.00,PIR,True,True,11.9,114.92,True,n/a,n/a,n/a,n/a,n/a,n/a,True,False,n/a,n/a,n/a,n/a
sub-092,test,singapore_siemens_3t,232x256x48,1.00x1.00x3.00,LPS,uint16,256x256x192,1.00x1.00x1.00,PIR,True,True,22.28,0.0,True,n/a,n/a,n/a,n/a,n/a,n/a,True,False,n/a,n/a,n/a,n/a
sub-093,test,singapore_siemens_3t,232x256x48,1.00x1.00x3.00,LPS,uint16,256x256x192,1.00x1.00x1.00,PIR,True,True,9.45,1.49,True,n/a,n/a,n/a,n/a,n/a,n/a,True,False,n/a,n/a,n/a,n/a
sub-094,test,singapore_siemens_3t,232x256x48,1.00x1.00x3.00,LPS,uint16,256x256x192,1.00x1.00x1.00,PIR,True,True,28.92,0.16,True,n/a,n/a,n/a,n/a,n/a,n/a,True,False,n/a,n/a,n/a,n/a
sub-095,test,singapore_siemens_3t,232x256x48,1.00x1.00x3.00,LPS,uint16,256x256x192,1.00x1.00x1.00,PIR,True,True,18.02,0.0,True,n/a,n/a,n/a,n/a,n/a,n/a,True,False,n/a,n/a,n/a,n/a
sub-096,test,singapore_siemens_3t,232x256x48,1.00x1.00x3.00,LPS,uint16,256x256x192,1.00x1.00x1.00,PIR,True,True,61.03,0.34,True,n/a,n/a,n/a,n/a,n/a,n/a,True,False,n/a,n/a,n/a,n/a
sub-097,test,singapore_siemens_3t,232x256x48,1.00x1.00x3.00,LPS,uint16,256x256x192,1.00x1.00x1.00,PIR,True,True,18.16,3.32,True,n/a,n/a,n/a,n/a,n/a,n/a,True,False,n/a,n/a,n/a,n/a
sub-098,test,singapore_siemens_3t,232x256x48,1.00x1.00x3.00,LPS,uint16,256x256x192,1.00x1.00x1.00,PIR,True,True,4.46,0.0,True,n/a,n/a,n/a,n/a,n/a,n/a,True,False,n/a,n/a,n/a,n/a
sub-099,test,singapore_siemens_3t,232x256x48,1.00x1.00x3.00,LPS,uint16,256x256x192,1.00x1.00x1.00,PIR,True,True,2.54,0.0,True,n/a,n/a,n/a,n/a,n/a,n/a,True,False,n/a,n/a,n/a,n/a
sub-100,training,amsterdam_ge_3t,132x256x83,1.20x0.98x3.00,LPS,uint16,256x256x176,0.94x0.94x1.00,PIR,True,True,6.27,0.0,True,True,5.45,True,True,6.53,True,True,True,True,0.0103,0.247,True
sub-101,training,amsterdam_ge_3t,132x256x83,1.20x0.98x3.00,LPS,uint16,256x256x176,0.94x0.94x1.00,PIR,True,True,3.11,0.0,True,True,1.82,True,True,3.99,True,True,True,True,0.0251,0.211,True
sub-102,training,amsterdam_ge_3t,132x256x83,1.20x0.98x3.00,LPS,uint16,256x256x176,0.94x0.94x1.00,PIR,True,True,4.36,0.0,True,True,3.0,True,True,4.61,True,True,True,True,0.0103,0.235,True
sub-103,training,amsterdam_ge_3t,132x256x83,1.20x0.98x3.00,LPS,uint16,256x256x176,0.94x0.94x1.00,PIR,True,True,22.72,0.0,True,True,9.21,True,True,19.31,True,True,True,True,0.0093,0.26,True
sub-104,training,amsterdam_ge_3t,132x256x83,1.20x0.98x3.00,LPS,uint16,256x256x176,0.94x0.94x1.00,PIR,True,True,29.3,1.71,True,True,24.17,True,True,29.57,True,True,True,True,0.0092,0.2,True
sub-105,training,amsterdam_ge_3t,132x256x83,1.20x0.98x3.00,LPS,uint16,256x256x176,0.94x0.94x1.00,PIR,True,True,11.43,0.19,True,True,9.43,True,True,12.1,True,True,True,True,0.0093,0.241,True
sub-106,training,amsterdam_ge_3t,132x256x83,1.20x0.98x3.00,LPS,uint16,256x256x176,0.94x0.94x1.00,PIR,True,True,3.03,0.0,True,True,2.85,True,True,3.75,True,True,True,True,0.0063,0.263,True
sub-107,training,amsterdam_ge_3t,132x256x83,1.20x0.98x3.00,LPS,uint16,256x256x176,0.94x0.94x1.00,PIR,True,True,6.24,1.74,True,True,5.74,True,True,5.84,True,True,True,True,0.0057,0.244,True
sub-108,training,amsterdam_ge_3t,132x256x83,1.20x0.98x3.00,LPS,uint16,256x256x176,0.94x0.94x1.00,PIR,True,True,1.52,0.05,True,True,1.22,True,True,1.36,True,True,True,True,0.028,0.234,True
sub-109,training,amsterdam_ge_3t,132x256x83,1.20x0.98x3.00,LPS,uint16,256x256x176,0.94x0.94x1.00,PIR,True,True,1.93,0.0,True,True,1.5,True,True,0.98,True,True,True,True,0.0097,0.185,True
sub-110,training,amsterdam_ge_3t,132x256x83,1.20x0.98x3.00,LPS,uint16,256x256x176,0.94x0.94x1.00,PIR,True,True,3.22,0.0,True,True,3.49,True,True,4.68,True,True,True,True,0.0297,0.209,True
sub-111,test,amsterdam_ge_3t,132x256x83,1.20x0.98x3.00,LPS,uint16,256x256x176,0.94x0.94x1.00,PIR,True,True,22.08,12.08,True,n/a,n/a,n/a,n/a,n/a,n/a,True,True,True,0.0209,0.242,True
sub-112,training,amsterdam_ge_3t,132x256x83,1.20x0.98x3.00,LPS,uint16,256x256x176,0.94x0.94x1.00,PIR,True,True,5.76,0.0,True,True,5.16,True,True,5.17,True,True,True,True,0.0291,0.225,True
sub-113,training,amsterdam_ge_3t,132x256x83,1.20x0.98x3.00,LPS,uint16,256x256x176,0.94x0.94x1.00,PIR,True,True,22.67,3.02,True,True,22.42,True,True,23.21,True,True,True,True,0.0105,0.221,True
sub-114,training,amsterdam_ge_3t,132x256x83,1.20x0.98x3.00,LPS,uint16,256x256x176,0.94x0.94x1.00,PIR,True,True,16.87,0.0,True,True,17.4,True,True,17.6,True,True,True,True,0.0102,0.212,True
sub-115,training,amsterdam_ge_3t,132x256x83,1.20x0.98x3.00,LPS,uint16,256x256x176,0.94x0.94x1.00,PIR,True,True,3.33,0.0,True,True,4.05,True,True,4.15,True,True,True,True,0.0175,0.241,True
sub-116,training,amsterdam_ge_3t,132x256x83,1.20x0.98x3.00,LPS,uint16,256x256x176,0.94x0.94x1.00,PIR,True,True,2.16,0.0,True,True,2.86,True,True,2.2,True,True,True,True,0.0099,0.225,True
sub-117,test,amsterdam_ge_3t,132x256x83,1.20x0.98x3.00,LPS,uint16,256x256x176,0.94x0.94x1.00,PIR,True,True,46.91,1.33,True,n/a,n/a,n/a,n/a,n/a,n/a,True,True,True,0.0089,0.207,True
sub-118,test,amsterdam_ge_3t,132x256x83,1.20x0.98x3.00,LPS,uint16,256x256x176,0.94x0.94x1.00,PIR,True,True,2.42,0.0,True,n/a,n/a,n/a,n/a,n/a,n/a,True,True,True,0.0295,0.195,True
sub-119,test,amsterdam_ge_3t,132x256x83,1.20x0.98x3.00,LPS,uint16,256x256x176,0.94x0.94x1.00,PIR,True,True,39.27,0.0,True,n/a,n/a,n/a,n/a,n/a,n/a,True,True,True,0.01,0.227,True
sub-120,test,amsterdam_ge_3t,132x256x83,1.20x0.98x3.00,LPS,uint16,256x256x176,0.94x0.94x1.00,PIR,True,True,6.3,0.0,True,n/a,n/a,n/a,n/a,n/a,n/a,True,True,True,0.0134,0.217,True
sub-121,test,amsterdam_ge_3t,132x256x83,1.20x0.98x3.00,LPS,uint16,256x256x176,0.94x0.94x1.00,PIR,True,True,9.66,0.0,True,n/a,n/a,n/a,n/a,n/a,n/a,True,True,True,0.0293,0.205,True
sub-122,test,amsterdam_ge_3t,132x256x83,1.20x0.98x3.00,LPS,uint16,256x256x176,0.94x0.94x1.00,PIR,True,True,3.38,0.0,True,n/a,n/a,n/a,n/a,n/a,n/a,True,True,True,0.01,0.211,True
sub-123,test,amsterdam_ge_3t,132x256x83,1.20x0.98x3.00,LPS,uint16,256x256x176,0.94x0.94x1.00,PIR,True,True,1.95,0.0,True,n/a,n/a,n/a,n/a,n/a,n/a,True,True,True,0.0083,0.247,True
sub-124,test,amsterdam_ge_3t,132x256x83,1.20x0.98x3.00,LPS,uint16,256x256x176,0.94x0.94x1.00,PIR,True,True,3.3,0.0,True,n/a,n/a,n/a,n/a,n/a,n/a,True,True,True,0.0289,0.17,True
sub-125,test,amsterdam_ge_3t,132x256x83,1.20x0.98x3.00,LPS,uint16,256x256x176,0.94x0.94x1.00,PIR,True,True,0.82,0.0,True,n/a,n/a,n/a,n/a,n/a,n/a,True,True,True,0.0166,0.241,True
sub-126,training,amsterdam_ge_3t,132x256x83,1.20x0.98x3.00,LPS,uint16,256x256x176,0.94x0.94x1.00,PIR,True,True,16.62,0.0,True,True,16.51,True,True,14.0,True,True,True,True,0.016,0.19,True
sub-127,test,amsterdam_ge_3t,132x256x83,1.20x0.98x3.00,LPS,uint16,256x256x176,0.94x0.94x1.00,PIR,True,True,3.45,0.0,True,n/a,n/a,n/a,n/a,n/a,n/a,True,True,True,0.0096,0.284,True
sub-128,test,amsterdam_ge_3t,132x256x83,1.20x0.98x3.00,LPS,uint16,256x256x176,0.94x0.94x1.00,PIR,True,True,54.23,1.12,True,n/a,n/a,n/a,n/a,n/a,n/a,True,True,True,0.0286,0.204,True
sub-129,test,amsterdam_ge_3t,132x256x83,1.20x0.98x3.00,LPS,uint16,256x256x176,0.94x0.94x1.00,PIR,True,True,29.82,0.0,True,n/a,n/a,n/a,n/a,n/a,n/a,True,True,True,0.0278,0.2,True
sub-130,test,amsterdam_ge_3t,132x256x83,1.20x0.98x3.00,LPS,uint16,256x256x176,0.94x0.94x1.00,PIR,True,True,3.2,0.0,True,n/a,n/a,n/a,n/a,n/a,n/a,True,True,True,0.0102,0.219,True
sub-131,test,amsterdam_ge_3t,132x256x83,1.20x0.98x3.00,LPS,uint16,256x256x176,0.94x0.94x1.00,PIR,True,True,4.91,0.22,True,n/a,n/a,n/a,n/a,n/a,n/a,True,True,True,0.0104,0.25,True
sub-132,training,amsterdam_ge_3t,132x256x83,1.20x0.98x3.00,LPS,uint16,256x256x176,0.94x0.94x1.00,PIR,True,True,43.53,0.0,True,True,40.55,True,True,40.52,True,True,True,True,0.0173,0.221,True
sub-133,test,amsterdam_ge_3t,132x256x83,1.20x0.98x3.00,LPS,uint16,256x256x176,0.94x0.94x1.00,PIR,True,True,6.43,0.0,True,n/a,n/a,n/a,n/a,n/a,n/a,True,True,True,0.0275,0.213,True
sub-134,test,amsterdam_ge_3t,132x256x83,1.20x0.98x3.00,LPS,uint16,256x256x176,0.94x0.94x1.00,PIR,True,True,14.38,1.38,True,n/a,n/a,n/a,n/a,n/a,n/a,True,True,True,0.0211,0.196,True
sub-135,test,amsterdam_ge_3t,132x256x83,1.20x0.98x3.00,LPS,uint16,256x256x176,0.94x0.94x1.00,PIR,True,True,51.43,0.0,True,n/a,n/a,n/a,n/a,n/a,n/a,True,True,True,0.0218,0.226,True
sub-136,test,amsterdam_ge_3t,132x256x83,1.20x0.98x3.00,LPS,uint16,256x256x176,0.94x0.94x1.00,PIR,True,True,1.13,0.0,True,n/a,n/a,n/a,n/a,n/a,n/a,True,True,True,0.0159,0.249,True
sub-137,training,amsterdam_ge_3t,132x256x83,1.20x0.98x3.00,LPS,uint16,256x256x176,0.94x0.94x1.00,PIR,True,True,8.97,0.0,True,True,8.84,True,True,8.63,True,True,True,True,0.0294,0.214,True
sub-138,test,amsterdam_ge_3t,132x256x83,1.20x0.98x3.00,LPS,uint16,256x256x176,0.94x0.94x1.00,PIR,True,True,1.88,0.0,True,n/a,n/a,n/a,n/a,n/a,n/a,True,True,True,0.0116,0.234,True
sub-139,test,amsterdam_ge_3t,132x256x83,1.20x0.98x3.00,LPS,uint16,256x256x176,0.94x0.94x1.00,PIR,True,True,3.29,0.0,True,n/a,n/a,n/a,n/a,n/a,n/a,True,True,True,0.0099,0.217,True
sub-140,test,amsterdam_ge_3t,132x256x83,1.20x0.98x3.00,LPS,uint16,256x256x176,0.94x0.94x1.00,PIR,True,True,13.32,0.0,True,n/a,n/a,n/a,n/a,n/a,n/a,True,True,True,0.0172,0.212,True
sub-141,test,amsterdam_ge_3t,132x256x83,1.20x0.98x3.00,LPS,uint16,256x256x176,0.94x0.94x1.00,PIR,True,True,1.96,0.0,True,n/a,n/a,n/a,n/a,n/a,n/a,True,True,True,0.0097,0.194,True
sub-142,test,amsterdam_ge_3t,132x256x83,1.20x0.98x3.00,LPS,uint16,256x256x176,0.94x0.94x1.00,PIR,True,True,26.52,0.0,True,n/a,n/a,n/a,n/a,n/a,n/a,True,True,True,0.0089,0.234,True
sub-143,test,amsterdam_ge_3t,132x256x83,1.20x0.98x3.00,LPS,uint16,256x256x176,0.94x0.94x1.00,PIR,True,True,10.93,0.0,True,n/a,n/a,n/a,n/a,n/a,n/a,True,True,True,0.0062,0.212,True
sub-144,training,amsterdam_ge_3t,132x256x83,1.20x0.98x3.00,LPS,uint16,256x256x176,0.94x0.94x1.00,PIR,True,True,2.22,0.0,True,True,2.8,True,True,2.44,True,True,True,True,0.0115,0.21,True
sub-145,test,amsterdam_ge_3t,132x256x83,1.20x0.98x3.00,LPS,uint16,256x256x176,0.94x0.94x1.00,PIR,True,True,11.54,0.0,True,n/a,n/a,n/a,n/a,n/a,n/a,True,True,True,0.01,0.249,True
sub-146,test,amsterdam_ge_3t,132x256x83,1.20x0.98x3.00,LPS,uint16,256x256x176,0.94x0.94x1.00,PIR,True,True,7.24,0.27,True,n/a,n/a,n/a,n/a,n/a,n/a,True,True,True,0.0053,0.22,True
sub-147,test,amsterdam_ge_3t,140x256x83,1.20x0.98x3.00,LPS,uint16,256x256x176,0.94x0.94x1.00,PIR,True,True,7.56,0.0,True,n/a,n/a,n/a,n/a,n/a,n/a,True,True,True,0.0101,0.209,True
sub-148,test,amsterdam_ge_3t,124x256x83,1.20x0.98x3.00,LPS,uint16,256x256x176,0.94x0.94x1.00,PIR,True,True,12.79,0.0,True,n/a,n/a,n/a,n/a,n/a,n/a,True,True,True,0.0099,0.191,True
sub-149,test,amsterdam_ge_3t,136x256x83,1.20x0.98x3.00,LPS,uint16,256x256x176,0.94x0.94x1.00,PIR,True,True,6.01,0.0,True,n/a,n/a,n/a,n/a,n/a,n/a,True,True,True,0.0282,0.197,True
sub-150,test,amsterdam_ge_1p5t,128x256x103,1.30x1.21x3.00,LPS,uint16,256x256x172,0.98x0.98x1.50,PIR,True,True,4.57,0.26,True,n/a,n/a,n/a,n/a,n/a,n/a,True,True,True,0.0076,0.461,True
sub-151,test,amsterdam_ge_1p5t,128x256x103,1.30x1.21x3.00,LPS,uint16,256x256x172,0.98x0.98x1.50,PIR,True,True,69.24,0.21,True,n/a,n/a,n/a,n/a,n/a,n/a,True,True,True,0.0112,0.445,True
sub-152,test,amsterdam_ge_1p5t,128x256x103,1.30x1.21x3.00,LPS,uint16,256x256x172,0.98x0.98x1.50,PIR,True,True,8.47,0.0,True,n/a,n/a,n/a,n/a,n/a,n/a,True,True,True,0.0064,0.421,True
sub-153,test,amsterdam_ge_1p5t,128x256x103,1.30x1.21x3.00,LPS,uint16,256x256x172,0.98x0.98x1.50,PIR,True,True,0.85,0.9,True,n/a,n/a,n/a,n/a,n/a,n/a,True,True,True,0.0149,0.438,True
sub-154,test,amsterdam_ge_1p5t,128x256x103,1.30x1.21x3.00,LPS,uint16,256x256x172,0.98x0.98x1.50,PIR,True,True,13.07,0.0,True,n/a,n/a,n/a,n/a,n/a,n/a,True,True,True,0.0113,0.453,True
sub-155,test,amsterdam_ge_1p5t,128x256x103,1.30x1.21x3.00,LPS,uint16,256x256x172,0.98x0.98x1.50,PIR,True,True,19.75,0.0,True,n/a,n/a,n/a,n/a,n/a,n/a,True,True,True,0.0132,0.439,True
sub-156,test,amsterdam_ge_1p5t,128x256x103,1.30x1.21x3.00,LPS,uint16,256x256x172,0.98x0.98x1.50,PIR,True,True,2.34,0.0,True,n/a,n/a,n/a,n/a,n/a,n/a,True,True,True,0.0122,0.46,True
sub-157,test,amsterdam_ge_1p5t,124x256x103,1.30x1.21x3.00,LPS,uint16,256x256x172,0.98x0.98x1.50,PIR,True,True,0.9,0.0,True,n/a,n/a,n/a,n/a,n/a,n/a,True,True,True,0.0104,0.461,True
sub-158,test,amsterdam_ge_1p5t,124x256x103,1.30x1.21x3.00,LPS,uint16,256x256x172,0.98x0.98x1.50,PIR,True,True,8.53,0.0,True,n/a,n/a,n/a,n/a,n/a,n/a,True,True,True,0.0102,0.458,True
sub-159,test,amsterdam_ge_1p5t,124x256x103,1.30x1.21x3.00,LPS,uint16,256x256x172,0.98x0.98x1.50,PIR,True,True,31.68,0.0,True,n/a,n/a,n/a,n/a,n/a,n/a,True,True,True,0.0107,0.454,True
sub-160,test,amsterdam_philips_3t,321x240x83,0.56x1.04x3.00,LPS,uint16,288x288x180,0.87x0.87x1.00,PIR,True,True,45.05,4.45,True,n/a,n/a,n/a,n/a,n/a,n/a,True,True,True,0.0102,0.116,True
sub-161,test,amsterdam_philips_3t,321x240x83,0.56x1.04x3.00,LPS,uint16,288x288x180,0.87x0.87x1.00,PIR,True,True,11.75,0.0,True,n/a,n/a,n/a,n/a,n/a,n/a,True,True,True,0.0103,0.186,True
sub-162,test,amsterdam_philips_3t,321x240x83,0.56x1.04x3.00,LPS,uint16,288x288x180,0.87x0.87x1.00,PIR,True,True,5.76,0.39,True,n/a,n/a,n/a,n/a,n/a,n/a,True,True,True,0.0114,0.244,True
sub-163,test,amsterdam_philips_3t,321x240x83,0.56x1.04x3.00,LPS,uint16,288x288x180,0.87x0.87x1.00,PIR,True,True,1.14,0.0,True,n/a,n/a,n/a,n/a,n/a,n/a,True,True,True,0.011,0.198,True
sub-164,test,amsterdam_philips_3t,321x240x83,0.56x1.04x3.00,LPS,uint16,288x288x180,0.87x0.87x1.00,PIR,True,True,3.39,0.0,True,n/a,n/a,n/a,n/a,n/a,n/a,True,True,True,0.0107,0.183,True
sub-165,test,amsterdam_philips_3t,321x240x83,0.56x1.04x3.00,LPS,uint16,288x288x180,0.87x0.87x1.00,PIR,True,True,3.99,0.0,True,n/a,n/a,n/a,n/a,n/a,n/a,True,True,True,0.0109,0.204,True
sub-166,test,amsterdam_philips_3t,321x240x83,0.56x1.04x3.00,LPS,uint16,288x288x180,0.87x0.87x1.00,PIR,True,True,9.51,0.48,True,n/a,n/a,n/a,n/a,n/a,n/a,True,True,True,0.0106,0.187,True
sub-167,test,amsterdam_philips_3t,321x240x83,0.56x1.04x3.00,LPS,uint16,288x288x180,0.87x0.87x1.00,PIR,True,True,13.28,2.59,True,n/a,n/a,n/a,n/a,n/a,n/a,True,True,True,0.0117,0.149,True
sub-168,test,amsterdam_philips_3t,321x240x83,0.56x1.04x3.00,LPS,uint16,288x288x180,0.87x0.87x1.00,PIR,True,True,1.23,0.0,True,n/a,n/a,n/a,n/a,n/a,n/a,True,True,True,0.0119,0.186,True
sub-169,test,amsterdam_philips_3t,321x240x83,0.56x1.04x3.00,LPS,uint16,288x288x180,0.87x0.87x1.00,PIR,True,True,14.11,0.37,True,n/a,n/a,n/a,n/a,n/a,n/a,True,True,True,0.0111,0.181,True
