participant_id,scanner,brain_ml,n_components,largest_component_frac,brain_inside_head_frac,brain_ml_flair_grid,flair_coverage,flagged
sub-000,utrecht_philips_3t,1630.1,1,1.0,,1629.6,1.0,False
sub-001,utrecht_philips_3t,1213.5,1,1.0,,1212.9,1.0,False
sub-002,utrecht_philips_3t,1378.3,1,1.0,,1377.4,0.999,False
sub-003,utrecht_philips_3t,1574.0,1,1.0,,1573.6,1.0,False
sub-004,utrecht_philips_3t,1210.4,1,1.0,,1209.8,1.0,False
sub-005,utrecht_philips_3t,1491.2,1,1.0,,1491.1,1.0,False
sub-006,utrecht_philips_3t,1404.0,1,1.0,,1403.6,1.0,False
sub-007,utrecht_philips_3t,1287.9,1,1.0,,1288.5,1.0,False
sub-008,utrecht_philips_3t,1345.0,1,1.0,,1345.1,1.0,False
sub-009,utrecht_philips_3t,1596.4,1,1.0,,1595.7,1.0,False
sub-010,utrecht_philips_3t,1212.2,1,1.0,,1213.0,1.001,False
sub-011,utrecht_philips_3t,1367.8,1,1.0,,1366.8,0.999,False
sub-012,utrecht_philips_3t,1235.8,1,1.0,,1235.2,1.0,False
sub-013,utrecht_philips_3t,1374.4,1,1.0,,1374.5,1.0,False
sub-014,utrecht_philips_3t,1187.9,1,1.0,,1187.3,0.999,False
sub-015,utrecht_philips_3t,1284.5,1,1.0,,1284.0,1.0,False
sub-016,utrecht_philips_3t,1590.5,1,1.0,,1590.0,1.0,False
sub-017,utrecht_philips_3t,1449.2,1,1.0,,1449.1,1.0,False
sub-018,utrecht_philips_3t,1271.3,1,1.0,,1270.7,1.0,False
sub-019,utrecht_philips_3t,1149.1,1,1.0,,1149.8,1.001,False
sub-020,utrecht_philips_3t,1235.1,1,1.0,,1235.1,1.0,False
sub-021,utrecht_philips_3t,1574.1,1,1.0,,1573.8,1.0,False
sub-022,utrecht_philips_3t,1421.8,1,1.0,,1421.8,1.0,False
sub-023,utrecht_philips_3t,1349.8,1,1.0,,1349.8,1.0,False
sub-024,utrecht_philips_3t,1364.1,1,1.0,,1364.2,1.0,False
sub-025,utrecht_philips_3t,1443.0,1,1.0,,1442.4,1.0,False
sub-026,utrecht_philips_3t,1314.2,1,1.0,,1313.5,0.999,False
sub-027,utrecht_philips_3t,1224.0,1,1.0,,1223.1,0.999,False
sub-028,utrecht_philips_3t,1185.2,1,1.0,,1184.5,0.999,False
sub-029,utrecht_philips_3t,1475.1,1,1.0,,1474.5,1.0,False
sub-030,utrecht_philips_3t,1261.7,1,1.0,,1261.4,1.0,False
sub-031,utrecht_philips_3t,1329.2,1,1.0,,1328.8,1.0,False
sub-032,utrecht_philips_3t,1235.3,1,1.0,,1235.1,1.0,False
sub-033,utrecht_philips_3t,1268.2,1,1.0,,1268.2,1.0,False
sub-034,utrecht_philips_3t,1343.7,1,1.0,,1343.1,1.0,False
sub-035,utrecht_philips_3t,1233.2,1,1.0,,1232.7,1.0,False
sub-036,utrecht_philips_3t,1174.7,1,1.0,,1174.8,1.0,False
sub-037,utrecht_philips_3t,1387.1,1,1.0,,1386.7,1.0,False
sub-038,utrecht_philips_3t,1383.4,1,1.0,,1382.9,1.0,False
sub-039,utrecht_philips_3t,1373.5,1,1.0,,1373.8,1.0,False
sub-040,utrecht_philips_3t,1551.0,1,1.0,,1551.1,1.0,False
sub-041,utrecht_philips_3t,1345.1,1,1.0,,1345.0,1.0,False
sub-042,utrecht_philips_3t,1269.7,1,1.0,,1269.7,1.0,False
sub-043,utrecht_philips_3t,1461.0,1,1.0,,1460.5,1.0,False
sub-044,utrecht_philips_3t,1273.9,1,1.0,,1273.4,1.0,False
sub-045,utrecht_philips_3t,1319.6,1,1.0,,1319.3,1.0,False
sub-046,utrecht_philips_3t,1649.7,1,1.0,,1649.1,1.0,False
sub-047,utrecht_philips_3t,1581.1,1,1.0,,1580.8,1.0,False
sub-048,utrecht_philips_3t,1293.7,1,1.0,,1293.1,1.0,False
sub-049,utrecht_philips_3t,1205.3,1,1.0,,1206.1,1.001,False
sub-050,singapore_siemens_3t,1214.2,1,1.0,,1214.1,1.0,False
sub-051,singapore_siemens_3t,1198.4,1,1.0,,1198.5,1.0,False
sub-052,singapore_siemens_3t,1074.6,1,1.0,,1074.4,1.0,False
sub-053,singapore_siemens_3t,1219.8,1,1.0,,1220.1,1.0,False
sub-054,singapore_siemens_3t,1325.5,1,1.0,,1325.1,1.0,False
sub-055,singapore_siemens_3t,1356.4,1,1.0,,1356.2,1.0,False
sub-056,singapore_siemens_3t,1165.8,1,1.0,,1165.9,1.0,False
sub-057,singapore_siemens_3t,1094.7,1,1.0,,1092.9,0.998,False
sub-058,singapore_siemens_3t,1399.3,1,1.0,,1399.3,1.0,False
sub-059,singapore_siemens_3t,1210.4,1,1.0,,1210.1,1.0,False
sub-060,singapore_siemens_3t,1280.3,1,1.0,,1279.9,1.0,False
sub-061,singapore_siemens_3t,1299.5,1,1.0,,1299.2,1.0,False
sub-062,singapore_siemens_3t,1410.7,1,1.0,,1410.2,1.0,False
sub-063,singapore_siemens_3t,1327.6,1,1.0,,1327.3,1.0,False
sub-064,singapore_siemens_3t,1393.5,1,1.0,,1393.2,1.0,False
sub-065,singapore_siemens_3t,1439.0,1,1.0,,1439.1,1.0,False
sub-066,singapore_siemens_3t,1429.4,1,1.0,,1429.2,1.0,False
sub-067,singapore_siemens_3t,1182.7,1,1.0,,1182.8,1.0,False
sub-068,singapore_siemens_3t,1095.6,1,1.0,,1095.4,1.0,False
sub-069,singapore_siemens_3t,1396.8,1,1.0,,1396.6,1.0,False
sub-070,singapore_siemens_3t,1496.3,1,1.0,,1496.5,1.0,False
sub-071,singapore_siemens_3t,1317.9,1,1.0,,1318.2,1.0,False
sub-072,singapore_siemens_3t,1507.8,1,1.0,,1507.6,1.0,False
sub-073,singapore_siemens_3t,1205.8,1,1.0,,1205.4,1.0,False
sub-074,singapore_siemens_3t,1437.4,1,1.0,,1437.3,1.0,False
sub-075,singapore_siemens_3t,1314.5,1,1.0,,1313.8,0.999,False
sub-076,singapore_siemens_3t,1265.0,1,1.0,,1264.8,1.0,False
sub-077,singapore_siemens_3t,1416.2,1,1.0,,1416.5,1.0,False
sub-078,singapore_siemens_3t,1288.8,1,1.0,,1288.1,0.999,False
sub-079,singapore_siemens_3t,1173.8,1,1.0,,1173.4,1.0,False
sub-080,singapore_siemens_3t,1287.7,1,1.0,,1287.7,1.0,False
sub-081,singapore_siemens_3t,1392.7,1,1.0,,1392.5,1.0,False
sub-082,singapore_siemens_3t,1131.0,1,1.0,,1130.6,1.0,False
sub-083,singapore_siemens_3t,1484.9,1,1.0,,1484.5,1.0,False
sub-084,singapore_siemens_3t,1482.2,1,1.0,,1480.7,0.999,False
sub-085,singapore_siemens_3t,1418.4,1,1.0,,1418.4,1.0,False
sub-086,singapore_siemens_3t,1206.1,1,1.0,,1206.2,1.0,False
sub-087,singapore_siemens_3t,1244.9,1,1.0,,1244.6,1.0,False
sub-088,singapore_siemens_3t,1199.7,1,1.0,,1199.3,1.0,False
sub-089,singapore_siemens_3t,1338.3,1,1.0,,1337.9,1.0,False
sub-090,singapore_siemens_3t,1128.7,1,1.0,,1128.5,1.0,False
sub-091,singapore_siemens_3t,1019.5,1,1.0,,1019.1,1.0,False
sub-092,singapore_siemens_3t,1343.3,1,1.0,,1343.2,1.0,False
sub-093,singapore_siemens_3t,1623.9,1,1.0,,1623.8,1.0,False
sub-094,singapore_siemens_3t,1276.0,1,1.0,,1275.9,1.0,False
sub-095,singapore_siemens_3t,1461.2,1,1.0,,1461.7,1.0,False
sub-096,singapore_siemens_3t,1347.2,1,1.0,,1347.2,1.0,False
sub-097,singapore_siemens_3t,1285.1,1,1.0,,1284.8,1.0,False
sub-098,singapore_siemens_3t,1100.1,1,1.0,,1099.9,1.0,False
sub-099,singapore_siemens_3t,1202.3,1,1.0,,1202.3,1.0,False
sub-100,amsterdam_ge_3t,1357.4,1,1.0,,1357.4,1.0,False
sub-101,amsterdam_ge_3t,1749.2,1,1.0,,1748.1,0.999,False
sub-102,amsterdam_ge_3t,1338.1,1,1.0,,1338.3,1.0,False
sub-103,amsterdam_ge_3t,1235.8,1,1.0,,1236.2,1.0,False
sub-104,amsterdam_ge_3t,1571.2,1,1.0,,1571.4,1.0,False
sub-105,amsterdam_ge_3t,1457.6,1,1.0,,1456.0,0.999,False
sub-106,amsterdam_ge_3t,1429.8,1,1.0,,1429.9,1.0,False
sub-107,amsterdam_ge_3t,1214.6,1,1.0,,1214.1,1.0,False
sub-108,amsterdam_ge_3t,1242.2,2,1.0,,1241.8,1.0,False
sub-109,amsterdam_ge_3t,1650.9,1,1.0,,1650.8,1.0,False
sub-110,amsterdam_ge_3t,1655.7,1,1.0,,1654.6,0.999,False
sub-111,amsterdam_ge_3t,1318.5,1,1.0,,1318.8,1.0,False
sub-112,amsterdam_ge_3t,1250.5,1,1.0,,1251.2,1.001,False
sub-113,amsterdam_ge_3t,1385.3,1,1.0,,1384.9,1.0,False
sub-114,amsterdam_ge_3t,1318.1,1,1.0,,1317.0,0.999,False
sub-115,amsterdam_ge_3t,1498.8,1,1.0,,1498.1,1.0,False
sub-116,amsterdam_ge_3t,1353.2,1,1.0,,1352.5,0.999,False
sub-117,amsterdam_ge_3t,1531.7,1,1.0,,1531.9,1.0,False
sub-118,amsterdam_ge_3t,1418.6,1,1.0,,1419.5,1.001,False
sub-119,amsterdam_ge_3t,1358.7,1,1.0,,1358.7,1.0,False
sub-120,amsterdam_ge_3t,1478.4,1,1.0,,1478.8,1.0,False
sub-121,amsterdam_ge_3t,1433.6,1,1.0,,1432.5,0.999,False
sub-122,amsterdam_ge_3t,1307.9,1,1.0,,1307.4,1.0,False
sub-123,amsterdam_ge_3t,1556.9,1,1.0,,1556.5,1.0,False
sub-124,amsterdam_ge_3t,1599.5,1,1.0,,1599.2,1.0,False
sub-125,amsterdam_ge_3t,1167.2,1,1.0,,1167.4,1.0,False
sub-126,amsterdam_ge_3t,1753.2,1,1.0,,1753.0,1.0,False
sub-127,amsterdam_ge_3t,1420.2,1,1.0,,1419.7,1.0,False
sub-128,amsterdam_ge_3t,1580.2,1,1.0,,1578.9,0.999,False
sub-129,amsterdam_ge_3t,1444.4,1,1.0,,1443.3,0.999,False
sub-130,amsterdam_ge_3t,1396.5,1,1.0,,1396.8,1.0,False
sub-131,amsterdam_ge_3t,1220.0,1,1.0,,1219.8,1.0,False
sub-132,amsterdam_ge_3t,1374.4,1,1.0,,1373.9,1.0,False
sub-133,amsterdam_ge_3t,1441.6,1,1.0,,1440.4,0.999,False
sub-134,amsterdam_ge_3t,1517.8,1,1.0,,1517.4,1.0,False
sub-135,amsterdam_ge_3t,1399.0,1,1.0,,1399.3,1.0,False
sub-136,amsterdam_ge_3t,1427.5,1,1.0,,1427.6,1.0,False
sub-137,amsterdam_ge_3t,1370.0,1,1.0,,1370.6,1.0,False
sub-138,amsterdam_ge_3t,1536.3,1,1.0,,1535.2,0.999,False
sub-139,amsterdam_ge_3t,1377.4,1,1.0,,1378.1,1.001,False
sub-140,amsterdam_ge_3t,1395.1,1,1.0,,1395.4,1.0,False
sub-141,amsterdam_ge_3t,1415.6,1,1.0,,1416.0,1.0,False
sub-142,amsterdam_ge_3t,1744.8,1,1.0,,1743.4,0.999,False
sub-143,amsterdam_ge_3t,1236.6,1,1.0,,1235.4,0.999,False
sub-144,amsterdam_ge_3t,1377.0,1,1.0,,1376.9,1.0,False
sub-145,amsterdam_ge_3t,1205.3,1,1.0,,1205.6,1.0,False
sub-146,amsterdam_ge_3t,1416.5,1,1.0,,1415.8,1.0,False
sub-147,amsterdam_ge_3t,1231.9,1,1.0,,1231.5,1.0,False
sub-148,amsterdam_ge_3t,1367.6,1,1.0,,1367.5,1.0,False
sub-149,amsterdam_ge_3t,1369.4,1,1.0,,1368.7,0.999,False
sub-150,amsterdam_ge_1p5t,1214.3,1,1.0,,1213.8,1.0,False
sub-151,amsterdam_ge_1p5t,1313.2,1,1.0,,1313.1,1.0,False
sub-152,amsterdam_ge_1p5t,1197.9,1,1.0,,1196.3,0.999,False
sub-153,amsterdam_ge_1p5t,1447.6,1,1.0,,1448.9,1.001,False
sub-154,amsterdam_ge_1p5t,1453.5,1,1.0,,1453.7,1.0,False
sub-155,amsterdam_ge_1p5t,1745.1,1,1.0,,1744.7,1.0,False
sub-156,amsterdam_ge_1p5t,1410.6,1,1.0,,1410.5,1.0,False
sub-157,amsterdam_ge_1p5t,1099.5,1,1.0,,1100.1,1.001,False
sub-158,amsterdam_ge_1p5t,1129.8,1,1.0,,1129.7,1.0,False
sub-159,amsterdam_ge_1p5t,1584.7,1,1.0,,1583.7,0.999,False
sub-160,amsterdam_philips_3t,1685.3,1,1.0,,1684.9,1.0,False
sub-161,amsterdam_philips_3t,1440.6,1,1.0,,1439.7,0.999,False
sub-162,amsterdam_philips_3t,1162.5,1,1.0,,1162.6,1.0,False
sub-163,amsterdam_philips_3t,1277.8,1,1.0,,1278.1,1.0,False
sub-164,amsterdam_philips_3t,1270.6,1,1.0,,1270.7,1.0,False
sub-165,amsterdam_philips_3t,1241.7,1,1.0,,1241.6,1.0,False
sub-166,amsterdam_philips_3t,1462.6,1,1.0,,1462.5,1.0,False
sub-167,amsterdam_philips_3t,1428.6,1,1.0,,1428.7,1.0,False
sub-168,amsterdam_philips_3t,1504.5,1,1.0,,1504.0,1.0,False
sub-169,amsterdam_philips_3t,1810.5,1,1.0,,1810.0,1.0,False
