scale,feature,eta2_site_before,eta2_site_after,rho_wmh_before,rho_wmh_after
none,FLAIR_nawm_p5,0.8356,0.02476,0.01579,0.2167
none,FLAIR_nawm_p25,0.8509,0.02495,0.01098,0.2079
none,FLAIR_nawm_p50,0.8569,0.02423,0.01022,0.2124
none,FLAIR_nawm_p75,0.8573,0.02356,0.01639,0.2244
none,FLAIR_nawm_p95,0.8408,0.02792,0.05879,0.3188
none,FLAIR_nawm_iqr,0.765,0.007385,0.02445,0.1601
none,FLAIR_nawm_skew,0.09643,0.02766,0.5783,0.6387
none,FLAIR_nawm_kurtosis,0.04584,0.01703,0.4642,0.4154
none,FLAIR_cortex_p50,0.8855,0.01617,-0.03474,0.1282
none,FLAIR_gm_minus_wm,0.5579,0.01396,-0.361,-0.3613
none,T1w_nawm_p5,0.8022,0.01072,-0.3445,-0.3103
none,T1w_nawm_p25,0.8183,0.01134,-0.326,-0.2823
none,T1w_nawm_p50,0.8243,0.01203,-0.3187,-0.272
none,T1w_nawm_p75,0.8316,0.01248,-0.3132,-0.2622
none,T1w_nawm_p95,0.8392,0.01283,-0.3066,-0.2534
none,T1w_nawm_iqr,0.872,0.02431,-0.08259,0.005641
none,T1w_nawm_skew,0.4082,0.01277,0.428,0.4175
none,T1w_nawm_kurtosis,0.6418,0.01991,-0.3947,-0.3818
none,T1w_cortex_p50,0.8328,0.01772,-0.2908,-0.2219
none,T1w_gm_minus_wm,0.7689,0.007149,0.3256,0.2974
zscore,FLAIR_nawm_p5,0.2665,0.01319,0.4377,0.5043
zscore,FLAIR_nawm_p25,0.176,0.01724,0.4153,0.452
zscore,FLAIR_nawm_p50,0.1092,0.02003,0.4203,0.4274
zscore,FLAIR_nawm_p75,0.08098,0.02226,0.4783,0.4414
zscore,FLAIR_nawm_p95,0.139,0.03469,0.6406,0.5782
zscore,FLAIR_nawm_iqr,0.2855,0.0007709,-0.2006,-0.268
zscore,FLAIR_nawm_skew,0.09643,0.01779,0.5783,0.6438
zscore,FLAIR_nawm_kurtosis,0.04584,0.01754,0.4642,0.444
zscore,FLAIR_cortex_p50,0.2309,0.04053,-0.5722,-0.5877
zscore,FLAIR_gm_minus_wm,0.1295,0.02637,-0.5206,-0.5143
zscore,T1w_nawm_p5,0.1505,0.03245,-0.3935,-0.445
zscore,T1w_nawm_p25,0.1582,0.01977,-0.3725,-0.4104
zscore,T1w_nawm_p50,0.1583,0.004261,-0.09814,-0.1136
zscore,T1w_nawm_p75,0.2597,0.01426,0.1848,0.2684
zscore,T1w_nawm_p95,0.2808,0.01678,0.3007,0.4238
zscore,T1w_nawm_iqr,0.2263,0.03226,0.4016,0.5062
zscore,T1w_nawm_skew,0.4082,0.01897,0.428,0.4203
zscore,T1w_nawm_kurtosis,0.6418,0.02861,-0.3947,-0.3894
zscore,T1w_cortex_p50,0.2076,0.008646,0.4091,0.4781
zscore,T1w_gm_minus_wm,0.203,0.006471,0.3694,0.4326
