participant_id,scanner,rater,reference,dice,hd95_mm,avd_pct,lesion_recall,lesion_f1,true_ml,pred_ml,shared_with_m1
sub-000,utrecht_philips_3t,O3,O1,0.796,12.6142,27.6828,0.3,0.4548,24.1852,17.4901,False
sub-000,utrecht_philips_3t,O4,O1,0.8661,3.0,5.3999,0.725,0.7986,24.1852,25.4912,False
sub-000,utrecht_philips_3t,O4,O3,0.7917,9.7824,45.7467,0.9697,0.579,17.4901,25.4912,False
sub-002,utrecht_philips_3t,O3,O1,0.8288,3.0,1.5178,0.7,0.7967,32.674,32.1781,False
sub-002,utrecht_philips_3t,O4,O1,0.8719,1.9167,10.549,0.8,0.8467,32.674,29.2273,False
sub-002,utrecht_philips_3t,O4,O3,0.8225,3.0,9.1703,0.8774,0.7949,32.1781,29.2273,False
sub-004,utrecht_philips_3t,O3,O1,0.8467,3.0,9.8317,0.5645,0.6703,31.1063,34.1646,False
sub-004,utrecht_philips_3t,O4,O1,0.8437,3.56,0.7706,0.4032,0.5747,31.1063,30.8666,False
sub-004,utrecht_philips_3t,O4,O3,0.8057,3.9513,9.6532,0.525,0.6736,34.1646,30.8666,False
sub-006,utrecht_philips_3t,O3,O1,0.5409,18.3173,33.6957,0.5217,0.6076,1.7744,2.3722,False
sub-006,utrecht_philips_3t,O4,O1,0.5303,41.2822,58.8509,0.3478,0.5161,1.7744,0.7301,False
sub-006,utrecht_philips_3t,O4,O3,0.4281,43.6277,69.2218,0.3636,0.5333,2.3722,0.7301,False
sub-008,utrecht_philips_3t,O3,O1,0.5533,22.3773,19.7802,0.661,0.6983,1.5043,1.8019,False
sub-008,utrecht_philips_3t,O4,O1,0.7129,15.5505,25.8242,0.6441,0.7673,1.5043,1.1159,False
sub-008,utrecht_philips_3t,O4,O3,0.5779,32.5598,38.0734,0.68,0.764,1.8019,1.1159,False
sub-011,utrecht_philips_3t,O3,O1,0.6523,21.5362,2.4609,0.614,0.6966,2.4632,2.4025,False
sub-011,utrecht_philips_3t,O4,O1,0.6091,28.9581,5.7047,0.6842,0.7573,2.4632,2.3226,False
sub-011,utrecht_philips_3t,O4,O3,0.6099,9.0,3.3257,0.8293,0.8489,2.4025,2.3226,False
sub-017,utrecht_philips_3t,O3,O1,0.7077,3.56,28.3805,0.7059,0.6857,3.5046,4.4993,False
sub-017,utrecht_philips_3t,O4,O1,0.7356,15.8864,21.305,0.5882,0.7018,3.5046,2.758,False
sub-017,utrecht_philips_3t,O4,O3,0.6416,16.8159,38.7018,0.5556,0.678,4.4993,2.758,False
sub-019,utrecht_philips_3t,O3,O1,0.8053,7.2447,7.6691,0.6364,0.6731,11.8915,12.8035,True
sub-019,utrecht_philips_3t,O4,O1,0.8312,11.0079,0.3707,0.7922,0.8146,11.8915,11.8474,True
sub-019,utrecht_philips_3t,O4,O3,0.7772,7.3735,7.4672,0.7143,0.6949,12.8035,11.8474,True
sub-019,utrecht_philips_3t,M1,O1,0.8236,4.9703,17.4235,0.6234,0.7309,11.8915,9.8196,True
sub-021,utrecht_philips_3t,O3,O1,0.7493,4.0432,43.9752,0.8435,0.8755,24.8548,35.7847,False
sub-021,utrecht_philips_3t,O4,O1,0.8014,3.2919,14.433,0.8261,0.8549,24.8548,28.442,False
sub-021,utrecht_philips_3t,O4,O3,0.7747,3.56,20.5189,0.8315,0.8441,35.7847,28.442,False
sub-023,utrecht_philips_3t,O3,O1,0.4506,12.643,50.0,0.7143,0.7447,0.9147,1.3721,True
sub-023,utrecht_philips_3t,O4,O1,0.5354,13.1187,76.8072,0.7143,0.7865,0.9147,1.6173,True
sub-023,utrecht_philips_3t,O4,O3,0.4498,36.8554,17.8715,0.7778,0.7636,1.3721,1.6173,True
sub-023,utrecht_philips_3t,M1,O1,0.6677,9.1113,0.6024,0.6667,0.6742,0.9147,0.9092,True
sub-025,utrecht_philips_3t,O3,O1,0.8631,3.0,17.2824,0.5789,0.6693,24.0888,28.2519,False
sub-025,utrecht_philips_3t,O4,O1,0.8857,3.0305,4.0718,0.3947,0.52,24.0888,23.1079,False
sub-025,utrecht_philips_3t,O4,O3,0.8463,3.1493,18.2075,0.4828,0.5761,28.2519,23.1079,False
sub-027,utrecht_philips_3t,O3,O1,0.5427,12.7424,101.3029,0.7222,0.7247,0.8458,1.7027,False
sub-027,utrecht_philips_3t,O4,O1,0.5267,11.5497,122.8013,0.8333,0.8397,0.8458,1.8846,False
sub-027,utrecht_philips_3t,O4,O3,0.5822,9.1015,10.6796,0.7273,0.7094,1.7027,1.8846,False
sub-029,utrecht_philips_3t,O3,O1,0.8901,3.1494,4.2159,0.6296,0.693,44.3093,46.1773,False
sub-029,utrecht_philips_3t,O4,O1,0.9023,3.0305,2.5308,0.5556,0.6993,44.3093,43.1879,False
sub-029,utrecht_philips_3t,O4,O3,0.9003,2.875,6.4737,0.623,0.7118,46.1773,43.1879,False
sub-031,utrecht_philips_3t,O3,O1,0.8889,1.9167,12.2502,0.7692,0.8441,67.9682,76.2945,False
sub-031,utrecht_philips_3t,O4,O1,0.9251,1.3553,3.0727,0.7212,0.7886,67.9682,65.8798,False
sub-031,utrecht_philips_3t,O4,O3,0.8897,2.1429,13.6506,0.7922,0.7961,76.2945,65.8798,False
sub-033,utrecht_philips_3t,O3,O1,0.7437,3.7234,10.3352,0.6833,0.7321,3.9455,4.3532,False
sub-033,utrecht_philips_3t,O4,O1,0.7665,7.0286,20.8799,0.6333,0.7536,3.9455,3.1217,False
sub-033,utrecht_philips_3t,O4,O3,0.7173,6.3422,28.2911,0.6731,0.7553,4.3532,3.1217,False
sub-035,utrecht_philips_3t,O3,O1,0.7363,19.7453,5.2529,0.5333,0.6853,2.8324,2.6836,False
sub-035,utrecht_philips_3t,O4,O1,0.7311,23.5998,18.7743,0.5111,0.6671,2.8324,2.3006,False
sub-035,utrecht_philips_3t,O4,O3,0.7286,6.0,14.271,0.7083,0.7141,2.6836,2.3006,False
sub-037,utrecht_philips_3t,O3,O1,0.9008,1.9167,4.2141,0.7029,0.7928,74.9914,78.1516,True
sub-037,utrecht_philips_3t,O4,O1,0.9105,1.9167,3.2221,0.6304,0.7554,74.9914,72.5751,True
sub-037,utrecht_philips_3t,O4,O3,0.8923,1.9167,7.1356,0.7818,0.8258,78.1516,72.5751,True
sub-037,utrecht_philips_3t,M1,O1,0.9112,1.9167,2.2669,0.587,0.726,74.9914,73.2914,True
sub-039,utrecht_philips_3t,O3,O1,0.9061,2.7106,1.3855,0.7091,0.8044,45.7393,46.373,False
sub-039,utrecht_philips_3t,O4,O1,0.9017,2.875,4.6082,0.6818,0.7919,45.7393,43.6315,False
sub-039,utrecht_philips_3t,O4,O3,0.898,1.9167,5.9117,0.7294,0.758,46.373,43.6315,False
sub-041,utrecht_philips_3t,O3,O1,0.8799,2.875,3.7034,0.5867,0.7131,32.9578,34.1784,False
sub-041,utrecht_philips_3t,O4,O1,0.9022,2.875,11.5951,0.5733,0.7288,32.9578,29.1364,False
sub-041,utrecht_philips_3t,O4,O3,0.8643,3.0,14.7521,0.7045,0.7621,34.1784,29.1364,False
sub-049,utrecht_philips_3t,O3,O1,0.8128,6.1363,6.6466,0.5752,0.7038,26.5712,28.3373,True
sub-049,utrecht_philips_3t,O4,O1,0.8488,3.1493,6.2319,0.5841,0.702,26.5712,24.9153,True
sub-049,utrecht_philips_3t,O4,O3,0.8376,3.1493,12.0758,0.7812,0.7377,28.3373,24.9153,True
sub-049,utrecht_philips_3t,M1,O1,0.8559,3.2919,0.1244,0.6814,0.7624,26.5712,26.6043,True
sub-050,singapore_siemens_3t,O3,O1,0.7952,4.3589,31.5734,0.4286,0.5946,25.683,17.574,False
sub-050,singapore_siemens_3t,O4,O1,0.8774,2.0,9.9171,0.7714,0.7796,25.683,23.136,False
sub-050,singapore_siemens_3t,O4,O3,0.8348,3.7417,31.649,1.0,0.5957,17.574,23.136,False
sub-051,singapore_siemens_3t,O3,O1,0.7733,6.0828,35.0102,0.4156,0.5712,26.598,17.286,False
sub-051,singapore_siemens_3t,O4,O1,0.8325,3.1623,22.4453,0.7532,0.8167,26.598,20.628,False
sub-051,singapore_siemens_3t,O4,O3,0.8354,4.3589,19.3336,0.8478,0.6182,17.286,20.628,False
sub-052,singapore_siemens_3t,O3,O1,0.7194,13.4777,25.7282,0.3,0.4486,4.944,3.672,False
sub-052,singapore_siemens_3t,O4,O1,0.8029,4.614,25.4248,0.68,0.7773,4.944,3.687,False
sub-052,singapore_siemens_3t,O4,O3,0.7607,7.5231,0.4085,0.8889,0.5692,3.672,3.687,False
sub-053,singapore_siemens_3t,O3,O1,0.6172,30.304,23.0971,0.6304,0.7624,1.143,0.879,False
sub-053,singapore_siemens_3t,O4,O1,0.5838,13.7658,17.5853,0.8043,0.8495,1.143,1.344,False
sub-053,singapore_siemens_3t,O4,O3,0.6667,19.5867,52.901,0.9643,0.7941,0.879,1.344,False
sub-054,singapore_siemens_3t,O3,O1,0.6491,7.4833,11.8321,0.6667,0.7742,0.786,0.693,True
sub-054,singapore_siemens_3t,O4,O1,0.7651,3.3298,29.3893,0.8333,0.8571,0.786,0.555,True
sub-054,singapore_siemens_3t,O4,O3,0.6346,7.9874,19.9134,0.8462,0.7333,0.693,0.555,True
sub-054,singapore_siemens_3t,M1,O1,0.7621,5.2,26.7176,0.7778,0.8502,0.786,0.576,True
sub-055,singapore_siemens_3t,O3,O1,0.6035,10.2956,18.342,0.303,0.4651,2.895,2.364,False
sub-055,singapore_siemens_3t,O4,O1,0.7162,7.4688,4.8705,0.6364,0.6885,2.895,3.036,False
sub-055,singapore_siemens_3t,O4,O3,0.7611,9.8489,28.4264,1.0,0.5263,2.364,3.036,False
sub-056,singapore_siemens_3t,O3,O1,0.8047,3.1623,23.8191,0.75,0.7636,16.386,12.483,False
sub-056,singapore_siemens_3t,O4,O1,0.8489,3.1623,16.3859,0.6562,0.7,16.386,13.701,False
sub-056,singapore_siemens_3t,O4,O3,0.8533,3.0,9.7573,0.6667,0.6769,12.483,13.701,False
sub-057,singapore_siemens_3t,O3,O1,0.8637,3.1623,14.126,0.525,0.6779,15.567,13.368,False
sub-057,singapore_siemens_3t,O4,O1,0.808,5.9161,30.0443,0.35,0.5115,15.567,10.89,False
sub-057,singapore_siemens_3t,O4,O3,0.8449,6.3246,18.5368,0.5652,0.6254,13.368,10.89,False
sub-058,singapore_siemens_3t,O3,O1,0.6851,3.6055,26.3352,0.9091,0.8656,1.629,2.058,False
sub-058,singapore_siemens_3t,O4,O1,0.7361,9.1268,14.3646,0.5909,0.6996,1.629,1.395,False
sub-058,singapore_siemens_3t,O4,O3,0.7072,7.3485,32.2157,0.5217,0.6486,2.058,1.395,False
sub-059,singapore_siemens_3t,O3,O1,0.8993,3.0,3.1378,0.6032,0.7245,17.592,17.04,False
sub-059,singapore_siemens_3t,O4,O1,0.7945,3.1623,29.5703,0.6349,0.7385,17.592,12.39,False
sub-059,singapore_siemens_3t,O4,O3,0.7827,3.1623,27.2887,0.8372,0.7745,17.04,12.39,False
sub-060,singapore_siemens_3t,O3,O1,0.8801,3.1623,1.4886,0.6757,0.7484,21.363,21.681,False
sub-060,singapore_siemens_3t,O4,O1,0.8618,7.8103,22.7356,0.4865,0.6454,21.363,16.506,False
sub-060,singapore_siemens_3t,O4,O3,0.8519,9.2736,23.8688,0.5161,0.6375,21.681,16.506,False
sub-061,singapore_siemens_3t,O3,O1,0.8527,3.0,8.6804,0.525,0.6601,14.55,13.287,True
sub-061,singapore_siemens_3t,O4,O1,0.7483,3.6056,35.2784,0.475,0.6441,14.55,9.417,True
sub-061,singapore_siemens_3t,O4,O3,0.7754,3.7417,29.1262,0.7037,0.8016,13.287,9.417,True
sub-061,singapore_siemens_3t,M1,O1,0.8241,3.6056,26.8247,0.475,0.6362,14.55,10.647,True
sub-062,singapore_siemens_3t,O3,O1,0.924,2.2361,6.0311,0.7073,0.7956,61.3321,57.6331,False
sub-062,singapore_siemens_3t,O4,O1,0.8699,3.1623,19.9765,0.6951,0.8154,61.3321,49.0801,False
sub-062,singapore_siemens_3t,O4,O3,0.8767,3.1623,14.8405,0.7424,0.7974,57.6331,49.0801,False
sub-063,singapore_siemens_3t,O3,O1,0.8829,2.2361,0.6604,0.6154,0.6957,35.889,35.652,False
sub-063,singapore_siemens_3t,O4,O1,0.8795,3.1623,18.2396,0.4615,0.6207,35.889,29.343,False
sub-063,singapore_siemens_3t,O4,O3,0.8625,3.3166,17.6961,0.5,0.6122,35.652,29.343,False
sub-064,singapore_siemens_3t,O3,O1,0.8064,3.6056,1.528,0.4762,0.6084,16.296,16.047,False
sub-064,singapore_siemens_3t,O4,O1,0.8073,8.168,18.6303,0.5952,0.7143,16.296,13.26,False
sub-064,singapore_siemens_3t,O4,O3,0.8171,7.3382,17.3677,0.6316,0.5797,16.047,13.26,False
sub-065,singapore_siemens_3t,O3,O1,0.8337,3.0,0.547,0.7073,0.7154,18.099,18.0,False
sub-065,singapore_siemens_3t,O4,O1,0.8019,4.0,24.0179,0.622,0.7377,18.099,13.752,False
sub-065,singapore_siemens_3t,O4,O3,0.8091,6.0828,23.6,0.5526,0.6419,18.0,13.752,False
sub-066,singapore_siemens_3t,O3,O1,0.7569,5.831,26.7185,0.8,0.8041,11.958,15.153,False
sub-066,singapore_siemens_3t,O4,O1,0.8093,3.0,13.8736,0.75,0.8515,11.958,10.299,False
sub-066,singapore_siemens_3t,O4,O3,0.7348,6.3246,32.0333,0.7123,0.7929,15.153,10.299,False
sub-067,singapore_siemens_3t,O3,O1,0.812,3.6056,23.3316,0.4865,0.6316,35.244,27.021,True
sub-067,singapore_siemens_3t,O4,O1,0.7524,6.4031,35.6146,0.5676,0.7152,35.244,22.692,True
sub-067,singapore_siemens_3t,O4,O3,0.8178,3.6056,16.0209,0.8333,0.8333,27.021,22.692,True
sub-067,singapore_siemens_3t,M1,O1,0.7734,7.2594,31.4181,0.6216,0.7345,35.244,24.171,True
sub-068,singapore_siemens_3t,O3,O1,0.9037,2.2361,2.933,0.575,0.6827,36.72,37.797,False
sub-068,singapore_siemens_3t,O4,O1,0.834,3.1623,22.2304,0.6,0.7174,36.72,28.557,False
sub-068,singapore_siemens_3t,O4,O3,0.8127,3.6056,24.4464,0.68,0.6912,37.797,28.557,False
sub-069,singapore_siemens_3t,O3,O1,0.8569,2.0,7.6949,0.6719,0.749,17.583,16.23,True
sub-069,singapore_siemens_3t,O4,O1,0.8446,3.1623,19.8772,0.6875,0.795,17.583,14.088,True
sub-069,singapore_siemens_3t,O4,O3,0.8314,3.1623,13.1978,0.7115,0.7303,16.23,14.088,True
sub-069,singapore_siemens_3t,M1,O1,0.8984,1.0,3.4465,0.7656,0.8448,17.583,16.977,True
sub-100,amsterdam_ge_3t,O3,O1,0.7744,4.8315,13.1166,0.7071,0.8011,6.2721,5.4494,False
sub-100,amsterdam_ge_3t,O4,O1,0.7921,3.9777,4.0919,0.8182,0.8699,6.2721,6.5288,False
sub-100,amsterdam_ge_3t,O4,O3,0.759,4.7868,19.8065,0.8608,0.8083,5.4494,6.5288,False
sub-101,amsterdam_ge_3t,O3,O1,0.6405,22.6003,41.5819,0.64,0.7648,3.1114,1.8176,False
sub-101,amsterdam_ge_3t,O4,O1,0.6954,6.4622,28.1356,0.76,0.8219,3.1114,3.9869,False
sub-101,amsterdam_ge_3t,O4,O3,0.5475,22.1024,119.3424,1.0,0.9143,1.8176,3.9869,False
sub-102,amsterdam_ge_3t,O3,O1,0.6791,18.0496,31.2349,0.6609,0.7713,4.3557,2.9952,False
sub-102,amsterdam_ge_3t,O4,O1,0.6965,10.6522,5.8111,0.8522,0.8696,4.3557,4.6088,False
sub-102,amsterdam_ge_3t,O4,O3,0.6916,6.4621,53.8732,0.9383,0.7774,2.9952,4.6088,False
sub-103,amsterdam_ge_3t,O3,O1,0.5526,14.0584,59.4645,0.3214,0.4728,22.7153,9.2078,True
sub-103,amsterdam_ge_3t,O4,O1,0.8596,3.2311,15.0132,0.5119,0.6727,22.7153,19.305,True
sub-103,amsterdam_ge_3t,O4,O3,0.5956,13.4519,109.6602,0.7234,0.5635,9.2078,19.305,True
sub-103,amsterdam_ge_3t,M1,O1,0.8039,3.6,24.2687,0.5476,0.6889,22.7153,17.2026,True
sub-104,amsterdam_ge_3t,O3,O1,0.8349,3.0,17.5906,0.759,0.8454,29.3003,24.1462,False
sub-104,amsterdam_ge_3t,O4,O1,0.8778,2.2924,0.7559,0.759,0.8501,29.3003,29.5218,False
sub-104,amsterdam_ge_3t,O4,O3,0.8338,2.4955,22.2627,0.8615,0.8795,24.1462,29.5218,False
sub-105,amsterdam_ge_3t,O3,O1,0.8079,3.0,17.5277,0.7955,0.8251,11.4333,9.4293,False
sub-105,amsterdam_ge_3t,O4,O1,0.8209,2.4,5.8733,0.6818,0.8108,11.4333,12.1048,False
sub-105,amsterdam_ge_3t,O4,O3,0.7615,3.166,28.3743,0.7143,0.8075,9.4293,12.1048,False
sub-106,amsterdam_ge_3t,O3,O1,0.805,3.2311,5.8072,0.75,0.6783,3.0271,2.8513,True
sub-106,amsterdam_ge_3t,O4,O1,0.7641,3.3755,24.0418,0.75,0.6667,3.0271,3.7548,True
sub-106,amsterdam_ge_3t,O4,O3,0.7685,3.155,31.6893,0.7143,0.7071,2.8513,3.7548,True
sub-106,amsterdam_ge_3t,M1,O1,0.8233,5.6588,12.6597,0.75,0.7434,3.0271,2.6439,True
sub-107,amsterdam_ge_3t,O3,O1,0.8645,3.2311,10.3662,0.7429,0.7761,6.2405,5.5936,False
sub-107,amsterdam_ge_3t,O4,O1,0.8434,2.8282,8.2817,0.6571,0.7655,6.2405,5.7237,False
sub-107,amsterdam_ge_3t,O4,O3,0.7909,3.3322,2.3256,0.75,0.8415,5.5936,5.7237,False
sub-108,amsterdam_ge_3t,O3,O1,0.7112,5.0769,20.0924,0.8421,0.8903,1.5223,1.2164,False
sub-108,amsterdam_ge_3t,O4,O1,0.7596,6.4497,12.7021,0.6842,0.8125,1.5223,1.3289,False
sub-108,amsterdam_ge_3t,O4,O3,0.674,6.08,9.2486,0.7778,0.875,1.2164,1.3289,False
sub-109,amsterdam_ge_3t,O3,O1,0.6906,6.423,21.8978,0.74,0.8229,1.9266,1.5047,False
sub-109,amsterdam_ge_3t,O4,O1,0.549,38.5484,49.0876,0.56,0.7089,1.9266,0.9809,False
sub-109,amsterdam_ge_3t,O4,O3,0.5431,41.3675,34.8131,0.6829,0.7879,1.5047,0.9809,False
sub-110,amsterdam_ge_3t,O3,O1,0.7895,3.5083,8.2879,0.814,0.8737,3.224,3.4911,True
sub-110,amsterdam_ge_3t,O4,O1,0.7257,3.8451,45.2563,0.8372,0.8303,3.224,4.683,True
sub-110,amsterdam_ge_3t,O4,O3,0.7381,8.7392,34.139,0.9429,0.8621,3.4911,4.683,True
sub-110,amsterdam_ge_3t,M1,O1,0.7983,4.6861,5.4526,0.8372,0.8372,3.224,3.3997,True
sub-112,amsterdam_ge_3t,O3,O1,0.7988,3.155,10.3175,0.7763,0.8617,5.7588,5.1647,False
sub-112,amsterdam_ge_3t,O4,O1,0.7812,3.155,10.2564,0.8026,0.8388,5.7588,5.1682,False
sub-112,amsterdam_ge_3t,O4,O3,0.7873,3.155,0.0681,0.9048,0.8476,5.1647,5.1682,False
sub-113,amsterdam_ge_3t,O3,O1,0.8642,1.5472,2.3108,0.878,0.898,22.6696,22.1458,False
sub-113,amsterdam_ge_3t,O4,O1,0.8648,2.7266,1.9231,0.8415,0.9072,22.6696,23.1056,False
sub-113,amsterdam_ge_3t,O4,O3,0.8717,3.0943,4.334,0.7973,0.8613,22.1458,23.1056,False
sub-114,amsterdam_ge_3t,O3,O1,0.8263,2.9333,3.1895,0.9103,0.9161,16.8651,17.403,False
sub-114,amsterdam_ge_3t,O4,O1,0.8494,1.9532,4.336,0.8846,0.9324,16.8651,17.5964,False
sub-114,amsterdam_ge_3t,O4,O3,0.8297,3.1693,1.1111,0.8571,0.9044,17.403,17.5964,False
sub-115,amsterdam_ge_3t,O3,O1,0.7861,3.2311,21.6473,0.8,0.797,3.3294,4.0502,False
sub-115,amsterdam_ge_3t,O4,O1,0.7959,3.1489,24.4984,0.7429,0.8376,3.3294,4.1451,False
sub-115,amsterdam_ge_3t,O4,O3,0.8142,3.7756,2.3438,0.7059,0.7834,4.0502,4.1451,False
sub-116,amsterdam_ge_3t,O3,O1,0.6311,4.3564,32.6264,0.7143,0.7746,2.1552,2.8583,False
sub-116,amsterdam_ge_3t,O4,O1,0.6333,17.5451,1.9576,0.6286,0.7253,2.1552,2.1974,False
sub-116,amsterdam_ge_3t,O4,O3,0.6857,19.4859,23.1242,0.6923,0.7463,2.8583,2.1974,False
sub-126,amsterdam_ge_3t,O3,O1,0.8341,5.7309,0.6559,0.5319,0.67,16.6155,16.5065,False
sub-126,amsterdam_ge_3t,O4,O1,0.8249,6.9971,15.7215,0.4043,0.5758,16.6155,14.0033,False
sub-126,amsterdam_ge_3t,O4,O3,0.8025,3.5083,15.1651,0.5714,0.6729,16.5065,14.0033,False
sub-132,amsterdam_ge_3t,O3,O1,0.8786,2.5911,6.8331,0.6735,0.7663,43.5286,40.5543,False
sub-132,amsterdam_ge_3t,O4,O1,0.878,2.4,6.9219,0.8776,0.835,43.5286,40.5156,False
sub-132,amsterdam_ge_3t,O4,O3,0.9061,1.5472,0.0954,0.9167,0.7333,40.5543,40.5156,False
sub-137,amsterdam_ge_3t,O3,O1,0.7919,3.0,1.489,0.8289,0.8969,8.9722,8.8386,True
sub-137,amsterdam_ge_3t,O4,O1,0.7895,3.155,3.8401,0.8421,0.8852,8.9722,8.6277,True
sub-137,amsterdam_ge_3t,O4,O3,0.7661,3.155,2.3866,0.9389,0.9008,8.8386,8.6277,True
sub-137,amsterdam_ge_3t,M1,O1,0.8386,1.5472,3.3699,0.9013,0.9141,8.9722,8.6699,True
sub-144,amsterdam_ge_3t,O3,O1,0.6326,11.5254,26.1076,0.6951,0.8138,2.222,2.8021,False
sub-144,amsterdam_ge_3t,O4,O1,0.7074,8.7113,9.8101,0.6951,0.7972,2.222,2.4399,False
sub-144,amsterdam_ge_3t,O4,O3,0.6586,7.0191,12.9235,0.8704,0.8355,2.8021,2.4399,False
