,n,dice,hd95_mm,avd_pct,lesion_recall,lesion_f1
M1 vs O1 | all,12.0,0.815,4.3206,12.8813,0.6862,0.7619
M1 vs O1 | scanner=amsterdam_ge_3t,4.0,0.816,3.873,11.4377,0.759,0.7959
M1 vs O1 | scanner=singapore_siemens_3t,4.0,0.8145,4.2662,22.1017,0.66,0.7664
M1 vs O1 | scanner=utrecht_philips_3t,4.0,0.8146,4.8226,5.1043,0.6396,0.7234
M1 vs O1 | 12 scans shared with M1,12.0,0.815,4.3206,12.8813,0.6862,0.7619
O3 vs O1 | all,60.0,0.7702,6.7863,17.2724,0.6517,0.732
O3 vs O1 | scanner=amsterdam_ge_3t,20.0,0.7597,6.254,17.6072,0.7291,0.7958
O3 vs O1 | scanner=singapore_siemens_3t,20.0,0.796,5.7922,14.6307,0.5886,0.6869
O3 vs O1 | scanner=utrecht_philips_3t,20.0,0.7548,8.3126,19.5792,0.6376,0.7133
O3 vs O1 | 12 scans shared with M1,12.0,0.7566,5.6523,16.2598,0.6411,0.7209
O4 vs O1 | all,60.0,0.7854,7.2197,18.7765,0.6648,0.7559
O4 vs O1 | scanner=amsterdam_ge_3t,20.0,0.7754,6.6927,13.9158,0.7295,0.8007
O4 vs O1 | scanner=singapore_siemens_3t,20.0,0.7987,5.0672,21.5236,0.6326,0.7337
O4 vs O1 | scanner=utrecht_philips_3t,20.0,0.7819,9.8991,20.8902,0.6322,0.7332
O4 vs O1 | 12 scans shared with M1,12.0,0.7813,4.9417,24.5786,0.6855,0.7604
O4 vs O3 | all,60.0,0.7589,8.1944,22.8486,0.7512,0.7385
O4 vs O3 | scanner=amsterdam_ge_3t,20.0,0.7413,8.1524,26.3543,0.811,0.8055
O4 vs O3 | scanner=singapore_siemens_3t,20.0,0.7935,6.1247,22.6314,0.7361,0.684
O4 vs O3 | scanner=utrecht_philips_3t,20.0,0.7418,10.306,19.56,0.7064,0.726
O4 vs O3 | 12 scans shared with M1,12.0,0.7404,8.0244,25.057,0.7891,0.7628
