participant_id,scanner,split,source,native_ml,mni_ml
sub-000,utrecht_philips_3t,training,O1,24.19,21.99
sub-001,utrecht_philips_3t,test,O1,4.103,6.238
sub-001,utrecht_philips_3t,test,resencm,2.606,4.007
sub-001,utrecht_philips_3t,test,wmhsynthseg,10.76,17.84
sub-001,utrecht_philips_3t,test,threshold,5.362,6.698
sub-002,utrecht_philips_3t,training,O1,32.67,37.99
sub-003,utrecht_philips_3t,test,O1,19.61,17.52
sub-003,utrecht_philips_3t,test,resencm,20.62,17.81
sub-003,utrecht_philips_3t,test,wmhsynthseg,33.58,30.88
sub-003,utrecht_philips_3t,test,threshold,25.35,22.05
sub-004,utrecht_philips_3t,training,O1,31.11,38.73
sub-005,utrecht_philips_3t,test,O1,2.088,2.41
sub-005,utrecht_philips_3t,test,resencm,1.168,1.369
sub-005,utrecht_philips_3t,test,wmhsynthseg,10.24,11.74
sub-005,utrecht_philips_3t,test,threshold,14.19,17.5
sub-006,utrecht_philips_3t,training,O1,1.774,2.33
sub-007,utrecht_philips_3t,test,O1,28.64,32.96
sub-007,utrecht_philips_3t,test,resencm,25.48,28.7
sub-007,utrecht_philips_3t,test,wmhsynthseg,28.33,32.83
sub-007,utrecht_philips_3t,test,threshold,32.67,37.58
sub-008,utrecht_philips_3t,training,O1,1.504,1.838
sub-009,utrecht_philips_3t,test,O1,195.2,191.1
sub-009,utrecht_philips_3t,test,resencm,97.37,86.33
sub-009,utrecht_philips_3t,test,wmhsynthseg,26.57,25.67
sub-009,utrecht_philips_3t,test,threshold,74.99,66.33
sub-010,utrecht_philips_3t,test,O1,6.64,8.289
sub-010,utrecht_philips_3t,test,resencm,4.428,5.481
sub-010,utrecht_philips_3t,test,wmhsynthseg,23.36,31.74
sub-010,utrecht_philips_3t,test,threshold,11.64,15.9
sub-011,utrecht_philips_3t,training,O1,2.463,3.422
sub-012,utrecht_philips_3t,test,O1,1.518,2.122
sub-012,utrecht_philips_3t,test,resencm,0.8431,1.138
sub-012,utrecht_philips_3t,test,wmhsynthseg,6.748,10.24
sub-012,utrecht_philips_3t,test,threshold,10.76,17.6
sub-013,utrecht_philips_3t,test,O1,51.41,55.81
sub-013,utrecht_philips_3t,test,resencm,45.01,47.31
sub-013,utrecht_philips_3t,test,wmhsynthseg,43.51,46.08
sub-013,utrecht_philips_3t,test,threshold,41.31,42.75
sub-014,utrecht_philips_3t,test,O1,14.26,20.66
sub-014,utrecht_philips_3t,test,resencm,11.25,15.8
sub-014,utrecht_philips_3t,test,wmhsynthseg,18.67,28.29
sub-014,utrecht_philips_3t,test,threshold,17.2,25.78
sub-015,utrecht_philips_3t,test,O1,7.505,12.84
sub-015,utrecht_philips_3t,test,resencm,6.568,10.96
sub-015,utrecht_philips_3t,test,wmhsynthseg,23.48,42.29
sub-015,utrecht_philips_3t,test,threshold,7.246,11.93
sub-016,utrecht_philips_3t,test,O1,12.75,12.4
sub-016,utrecht_philips_3t,test,resencm,11.31,10.78
sub-016,utrecht_philips_3t,test,wmhsynthseg,33.46,31.38
sub-016,utrecht_philips_3t,test,threshold,19.63,20.06
sub-017,utrecht_philips_3t,training,O1,3.505,5.256
sub-018,utrecht_philips_3t,test,O1,2.141,2.884
sub-018,utrecht_philips_3t,test,resencm,1.75,2.286
sub-018,utrecht_philips_3t,test,wmhsynthseg,9.734,13.44
sub-018,utrecht_philips_3t,test,threshold,11.11,15.59
sub-019,utrecht_philips_3t,training,O1,11.89,18.32
sub-020,utrecht_philips_3t,test,O1,15.34,17.97
sub-020,utrecht_philips_3t,test,resencm,14.27,16.71
sub-020,utrecht_philips_3t,test,wmhsynthseg,21.12,25.47
sub-020,utrecht_philips_3t,test,threshold,19.04,24.98
sub-021,utrecht_philips_3t,training,O1,24.85,23.83
sub-022,utrecht_philips_3t,test,O1,11.81,10.34
sub-022,utrecht_philips_3t,test,resencm,11.61,10.03
sub-022,utrecht_philips_3t,test,wmhsynthseg,23.33,26.13
sub-022,utrecht_philips_3t,test,threshold,15.62,15.06
sub-023,utrecht_philips_3t,training,O1,0.9147,1.366
sub-024,utrecht_philips_3t,test,O1,34.93,33.56
sub-024,utrecht_philips_3t,test,resencm,32.14,29.67
sub-024,utrecht_philips_3t,test,wmhsynthseg,37.13,38.02
sub-024,utrecht_philips_3t,test,threshold,32.39,30.82
sub-025,utrecht_philips_3t,training,O1,24.09,25.33
sub-026,utrecht_philips_3t,test,O1,53.63,48.53
sub-026,utrecht_philips_3t,test,resencm,52.6,46
sub-026,utrecht_philips_3t,test,wmhsynthseg,37.85,33.69
sub-026,utrecht_philips_3t,test,threshold,57.16,50.73
sub-027,utrecht_philips_3t,training,O1,0.8458,1.297
sub-028,utrecht_philips_3t,test,O1,39.2,43.29
sub-028,utrecht_philips_3t,test,resencm,35.78,37.21
sub-028,utrecht_philips_3t,test,wmhsynthseg,38.69,41.86
sub-028,utrecht_philips_3t,test,threshold,40.55,43.83
sub-029,utrecht_philips_3t,training,O1,44.31,42.52
sub-030,utrecht_philips_3t,test,O1,23.09,26
sub-030,utrecht_philips_3t,test,resencm,24.47,27.5
sub-030,utrecht_philips_3t,test,wmhsynthseg,31.27,37.78
sub-030,utrecht_philips_3t,test,threshold,22.78,25.57
sub-031,utrecht_philips_3t,training,O1,67.97,69.04
sub-032,utrecht_philips_3t,test,O1,13.81,16.76
sub-032,utrecht_philips_3t,test,resencm,15.07,18.33
sub-032,utrecht_philips_3t,test,wmhsynthseg,25.21,35.41
sub-032,utrecht_philips_3t,test,threshold,13.61,16.29
sub-033,utrecht_philips_3t,training,O1,3.945,5.332
sub-034,utrecht_philips_3t,test,O1,1.937,3.097
sub-034,utrecht_philips_3t,test,resencm,2.072,3.246
sub-034,utrecht_philips_3t,test,wmhsynthseg,28.04,38.56
sub-034,utrecht_philips_3t,test,threshold,11.44,15.63
sub-035,utrecht_philips_3t,training,O1,2.832,3.86
sub-036,utrecht_philips_3t,test,O1,1.783,3.2
sub-036,utrecht_philips_3t,test,resencm,1.515,2.729
sub-036,utrecht_philips_3t,test,wmhsynthseg,11.03,17.49
sub-036,utrecht_philips_3t,test,threshold,7.505,12.17
sub-037,utrecht_philips_3t,training,O1,74.99,79.62
sub-038,utrecht_philips_3t,test,O1,4.262,5.675
sub-038,utrecht_philips_3t,test,resencm,3.091,3.945
sub-038,utrecht_philips_3t,test,wmhsynthseg,15.47,20
sub-038,utrecht_philips_3t,test,threshold,12.29,16.4
sub-039,utrecht_philips_3t,training,O1,45.74,43.55
sub-040,utrecht_philips_3t,test,O1,14.88,16.13
sub-040,utrecht_philips_3t,test,resencm,13.42,14.14
sub-040,utrecht_philips_3t,test,wmhsynthseg,31.14,37.79
sub-040,utrecht_philips_3t,test,threshold,18.64,19.99
sub-041,utrecht_philips_3t,training,O1,32.96,33.86
sub-042,utrecht_philips_3t,test,O1,14.09,15.98
sub-042,utrecht_philips_3t,test,resencm,12.63,13.87
sub-042,utrecht_philips_3t,test,wmhsynthseg,25.08,28.6
sub-042,utrecht_philips_3t,test,threshold,12.95,14.23
sub-043,utrecht_philips_3t,test,O1,0.9946,1.191
sub-043,utrecht_philips_3t,test,resencm,1.659,2.141
sub-043,utrecht_philips_3t,test,wmhsynthseg,23.06,26.9
sub-043,utrecht_philips_3t,test,threshold,8.155,9.964
sub-044,utrecht_philips_3t,test,O1,4.78,6.055
sub-044,utrecht_philips_3t,test,resencm,4.381,5.415
sub-044,utrecht_philips_3t,test,wmhsynthseg,14.94,19.94
sub-044,utrecht_philips_3t,test,threshold,8.015,10.28
sub-045,utrecht_philips_3t,test,O1,2.992,3.714
sub-045,utrecht_philips_3t,test,resencm,2.339,2.895
sub-045,utrecht_philips_3t,test,wmhsynthseg,12.49,17.38
sub-045,utrecht_philips_3t,test,threshold,7.389,9.798
sub-046,utrecht_philips_3t,test,O1,41.2,33.03
sub-046,utrecht_philips_3t,test,resencm,40.62,31.52
sub-046,utrecht_philips_3t,test,wmhsynthseg,45,38.92
sub-046,utrecht_philips_3t,test,threshold,46.56,36.7
sub-047,utrecht_philips_3t,test,O1,21.88,22.35
sub-047,utrecht_philips_3t,test,resencm,25.14,25.77
sub-047,utrecht_philips_3t,test,wmhsynthseg,27.28,25.38
sub-047,utrecht_philips_3t,test,threshold,31.64,30.62
sub-048,utrecht_philips_3t,test,O1,1.722,2.401
sub-048,utrecht_philips_3t,test,resencm,1.774,2.494
sub-048,utrecht_philips_3t,test,wmhsynthseg,12.39,18.19
sub-048,utrecht_philips_3t,test,threshold,5.816,7.965
sub-049,utrecht_philips_3t,training,O1,26.57,30.6
sub-050,singapore_siemens_3t,training,O1,25.68,33.81
sub-051,singapore_siemens_3t,training,O1,26.6,34.76
sub-052,singapore_siemens_3t,training,O1,4.944,8.319
sub-053,singapore_siemens_3t,training,O1,1.143,1.885
sub-054,singapore_siemens_3t,training,O1,0.786,1.094
sub-055,singapore_siemens_3t,training,O1,2.895,3.931
sub-056,singapore_siemens_3t,training,O1,16.39,21.12
sub-057,singapore_siemens_3t,training,O1,15.57,23.48
sub-058,singapore_siemens_3t,training,O1,1.629,2.419
sub-059,singapore_siemens_3t,training,O1,17.59,25.38
sub-060,singapore_siemens_3t,training,O1,21.36,18.03
sub-061,singapore_siemens_3t,training,O1,14.55,17.96
sub-062,singapore_siemens_3t,training,O1,61.33,48.68
sub-063,singapore_siemens_3t,training,O1,35.89,49.43
sub-064,singapore_siemens_3t,training,O1,16.3,17.96
sub-065,singapore_siemens_3t,training,O1,18.1,21.15
sub-066,singapore_siemens_3t,training,O1,11.96,13.44
sub-067,singapore_siemens_3t,training,O1,35.24,57.03
sub-068,singapore_siemens_3t,training,O1,36.72,59.9
sub-069,singapore_siemens_3t,training,O1,17.58,21.51
sub-070,singapore_siemens_3t,test,O1,7.368,7.34
sub-070,singapore_siemens_3t,test,resencm,8.07,8.335
sub-070,singapore_siemens_3t,test,wmhsynthseg,26,31.42
sub-070,singapore_siemens_3t,test,threshold,6.918,6.787
sub-071,singapore_siemens_3t,test,O1,24.84,29.24
sub-071,singapore_siemens_3t,test,resencm,24.42,28.04
sub-071,singapore_siemens_3t,test,wmhsynthseg,25.05,29.22
sub-071,singapore_siemens_3t,test,threshold,15.16,14.76
sub-072,singapore_siemens_3t,test,O1,80.51,73.91
sub-072,singapore_siemens_3t,test,resencm,80.61,73.77
sub-072,singapore_siemens_3t,test,wmhsynthseg,54.45,48.09
sub-072,singapore_siemens_3t,test,threshold,28.6,21.06
sub-073,singapore_siemens_3t,test,O1,0.903,1.622
sub-073,singapore_siemens_3t,test,resencm,1.419,2.488
sub-073,singapore_siemens_3t,test,wmhsynthseg,7.254,11.83
sub-073,singapore_siemens_3t,test,threshold,1.536,2.465
sub-074,singapore_siemens_3t,test,O1,3.06,3.575
sub-074,singapore_siemens_3t,test,resencm,2.946,3.525
sub-074,singapore_siemens_3t,test,wmhsynthseg,10.14,14.84
sub-074,singapore_siemens_3t,test,threshold,4.314,4.634
sub-075,singapore_siemens_3t,test,O1,1.356,2.368
sub-075,singapore_siemens_3t,test,resencm,0.978,1.621
sub-075,singapore_siemens_3t,test,wmhsynthseg,11.68,16.76
sub-075,singapore_siemens_3t,test,threshold,2.19,3.253
sub-076,singapore_siemens_3t,test,O1,3.291,4.269
sub-076,singapore_siemens_3t,test,resencm,2.607,3.469
sub-076,singapore_siemens_3t,test,wmhsynthseg,12.91,17.26
sub-076,singapore_siemens_3t,test,threshold,6.786,10.36
sub-077,singapore_siemens_3t,test,O1,10.82,13.8
sub-077,singapore_siemens_3t,test,resencm,9.801,11.9
sub-077,singapore_siemens_3t,test,wmhsynthseg,18.53,22.87
sub-077,singapore_siemens_3t,test,threshold,7.929,10.08
sub-078,singapore_siemens_3t,test,O1,2.394,3.262
sub-078,singapore_siemens_3t,test,resencm,1.98,2.716
sub-078,singapore_siemens_3t,test,wmhsynthseg,13.38,20.87
sub-078,singapore_siemens_3t,test,threshold,3.879,5.439
sub-079,singapore_siemens_3t,test,O1,7.62,11.91
sub-079,singapore_siemens_3t,test,resencm,8.544,13.82
sub-079,singapore_siemens_3t,test,wmhsynthseg,12.15,19.13
sub-079,singapore_siemens_3t,test,threshold,4.179,6.288
sub-080,singapore_siemens_3t,test,O1,18.17,22.17
sub-080,singapore_siemens_3t,test,resencm,19.06,23.16
sub-080,singapore_siemens_3t,test,wmhsynthseg,19.38,22.21
sub-080,singapore_siemens_3t,test,threshold,8.409,9.057
sub-081,singapore_siemens_3t,test,O1,34.98,36.96
sub-081,singapore_siemens_3t,test,resencm,38.51,40.94
sub-081,singapore_siemens_3t,test,wmhsynthseg,36.67,39.15
sub-081,singapore_siemens_3t,test,threshold,10.54,8.81
sub-082,singapore_siemens_3t,test,O1,12.3,17.7
sub-082,singapore_siemens_3t,test,resencm,13.76,20.21
sub-082,singapore_siemens_3t,test,wmhsynthseg,15.6,22.63
sub-082,singapore_siemens_3t,test,threshold,10.01,13.8
sub-083,singapore_siemens_3t,test,O1,4.665,5.892
sub-083,singapore_siemens_3t,test,resencm,4.437,5.627
sub-083,singapore_siemens_3t,test,wmhsynthseg,11.85,14.99
sub-083,singapore_siemens_3t,test,threshold,2.733,3.138
sub-084,singapore_siemens_3t,test,O1,23.29,21.71
sub-084,singapore_siemens_3t,test,resencm,24.92,23.14
sub-084,singapore_siemens_3t,test,wmhsynthseg,31.46,29.28
sub-084,singapore_siemens_3t,test,threshold,19.75,17.43
sub-085,singapore_siemens_3t,test,O1,20.26,20.47
sub-085,singapore_siemens_3t,test,resencm,22.77,23.47
sub-085,singapore_siemens_3t,test,wmhsynthseg,19.91,21.56
sub-085,singapore_siemens_3t,test,threshold,19.21,18.36
sub-086,singapore_siemens_3t,test,O1,27.15,28.11
sub-086,singapore_siemens_3t,test,resencm,33.1,36.74
sub-086,singapore_siemens_3t,test,wmhsynthseg,29.17,29.29
sub-086,singapore_siemens_3t,test,threshold,21.6,20.08
sub-087,singapore_siemens_3t,test,O1,20.27,21.21
sub-087,singapore_siemens_3t,test,resencm,23.33,25.24
sub-087,singapore_siemens_3t,test,wmhsynthseg,25.91,29.6
sub-087,singapore_siemens_3t,test,threshold,16.69,15.88
sub-088,singapore_siemens_3t,test,O1,8.874,14.56
sub-088,singapore_siemens_3t,test,resencm,11.36,18.84
sub-088,singapore_siemens_3t,test,wmhsynthseg,12.07,20.8
sub-088,singapore_siemens_3t,test,threshold,5.145,7.532
sub-089,singapore_siemens_3t,test,O1,0.966,1.247
sub-089,singapore_siemens_3t,test,resencm,0.57,0.788
sub-089,singapore_siemens_3t,test,wmhsynthseg,14.18,18.5
sub-089,singapore_siemens_3t,test,threshold,3.426,4.325
sub-090,singapore_siemens_3t,test,O1,4.335,7.173
sub-090,singapore_siemens_3t,test,resencm,5.1,8.353
sub-090,singapore_siemens_3t,test,wmhsynthseg,11.32,18.67
sub-090,singapore_siemens_3t,test,threshold,5.367,7.137
sub-091,singapore_siemens_3t,test,O1,11.9,14.54
sub-091,singapore_siemens_3t,test,resencm,13.27,16.76
sub-091,singapore_siemens_3t,test,wmhsynthseg,13.2,15.87
sub-091,singapore_siemens_3t,test,threshold,5.793,5.599
sub-092,singapore_siemens_3t,test,O1,22.28,20.34
sub-092,singapore_siemens_3t,test,resencm,26.3,24.64
sub-092,singapore_siemens_3t,test,wmhsynthseg,26.25,24.56
sub-092,singapore_siemens_3t,test,threshold,12.47,8.918
sub-093,singapore_siemens_3t,test,O1,9.453,8.99
sub-093,singapore_siemens_3t,test,resencm,10.34,9.88
sub-093,singapore_siemens_3t,test,wmhsynthseg,21.44,22.18
sub-093,singapore_siemens_3t,test,threshold,10.23,9.159
sub-094,singapore_siemens_3t,test,O1,28.92,38.65
sub-094,singapore_siemens_3t,test,resencm,34.38,47.22
sub-094,singapore_siemens_3t,test,wmhsynthseg,27.94,36.81
sub-094,singapore_siemens_3t,test,threshold,7.983,9.021
sub-095,singapore_siemens_3t,test,O1,18.02,19.49
sub-095,singapore_siemens_3t,test,resencm,17.77,19.14
sub-095,singapore_siemens_3t,test,wmhsynthseg,20.17,22.55
sub-095,singapore_siemens_3t,test,threshold,13.01,12.51
sub-096,singapore_siemens_3t,test,O1,61.03,68.74
sub-096,singapore_siemens_3t,test,resencm,58.2,64.78
sub-096,singapore_siemens_3t,test,wmhsynthseg,36.79,42.52
sub-096,singapore_siemens_3t,test,threshold,29.45,30.08
sub-097,singapore_siemens_3t,test,O1,18.17,24.98
sub-097,singapore_siemens_3t,test,resencm,18.22,25.09
sub-097,singapore_siemens_3t,test,wmhsynthseg,16.79,22.18
sub-097,singapore_siemens_3t,test,threshold,7.044,8.524
sub-098,singapore_siemens_3t,test,O1,4.458,6.459
sub-098,singapore_siemens_3t,test,resencm,5.094,7.498
sub-098,singapore_siemens_3t,test,wmhsynthseg,8.52,13.97
sub-098,singapore_siemens_3t,test,threshold,3.711,5.155
sub-099,singapore_siemens_3t,test,O1,2.544,3.482
sub-099,singapore_siemens_3t,test,resencm,2.547,3.29
sub-099,singapore_siemens_3t,test,wmhsynthseg,6.993,9.835
sub-099,singapore_siemens_3t,test,threshold,2.958,3.34
sub-100,amsterdam_ge_3t,training,O1,6.272,8.104
sub-101,amsterdam_ge_3t,training,O1,3.111,3.347
sub-102,amsterdam_ge_3t,training,O1,4.356,5.921
sub-103,amsterdam_ge_3t,training,O1,22.72,28.42
sub-104,amsterdam_ge_3t,training,O1,29.3,33.22
sub-105,amsterdam_ge_3t,training,O1,11.43,12.62
sub-106,amsterdam_ge_3t,training,O1,3.027,3.568
sub-107,amsterdam_ge_3t,training,O1,6.24,7.95
sub-108,amsterdam_ge_3t,training,O1,1.522,2.616
sub-109,amsterdam_ge_3t,training,O1,1.927,2.229
sub-110,amsterdam_ge_3t,training,O1,3.224,3.115
sub-111,amsterdam_ge_3t,test,O1,22.08,27.21
sub-111,amsterdam_ge_3t,test,resencm,23.61,29.2
sub-111,amsterdam_ge_3t,test,wmhsynthseg,33.72,45
sub-111,amsterdam_ge_3t,test,threshold,19.19,22.14
sub-112,amsterdam_ge_3t,training,O1,5.759,7.841
sub-113,amsterdam_ge_3t,training,O1,22.67,21.98
sub-114,amsterdam_ge_3t,training,O1,16.87,18.26
sub-115,amsterdam_ge_3t,training,O1,3.329,3.624
sub-116,amsterdam_ge_3t,training,O1,2.155,3.25
sub-117,amsterdam_ge_3t,test,O1,46.91,51.8
sub-117,amsterdam_ge_3t,test,resencm,43.95,47.35
sub-117,amsterdam_ge_3t,test,wmhsynthseg,51.77,59.32
sub-117,amsterdam_ge_3t,test,threshold,27.96,27.92
sub-118,amsterdam_ge_3t,test,O1,2.415,2.915
sub-118,amsterdam_ge_3t,test,resencm,1.751,2.019
sub-118,amsterdam_ge_3t,test,wmhsynthseg,16.82,18.72
sub-118,amsterdam_ge_3t,test,threshold,1.986,2.306
sub-119,amsterdam_ge_3t,test,O1,39.27,43.38
sub-119,amsterdam_ge_3t,test,resencm,36.95,39.94
sub-119,amsterdam_ge_3t,test,wmhsynthseg,40.04,43.36
sub-119,amsterdam_ge_3t,test,threshold,32.31,31.61
sub-120,amsterdam_ge_3t,test,O1,6.297,7.012
sub-120,amsterdam_ge_3t,test,resencm,6.17,6.798
sub-120,amsterdam_ge_3t,test,wmhsynthseg,21.2,26.09
sub-120,amsterdam_ge_3t,test,threshold,4.845,5.278
sub-121,amsterdam_ge_3t,test,O1,9.661,7.442
sub-121,amsterdam_ge_3t,test,resencm,10.47,7.975
sub-121,amsterdam_ge_3t,test,wmhsynthseg,21.02,21.58
sub-121,amsterdam_ge_3t,test,threshold,11.84,9.084
sub-122,amsterdam_ge_3t,test,O1,3.379,3.712
sub-122,amsterdam_ge_3t,test,resencm,3.593,3.859
sub-122,amsterdam_ge_3t,test,wmhsynthseg,22.55,30.75
sub-122,amsterdam_ge_3t,test,threshold,7.555,7.732
sub-123,amsterdam_ge_3t,test,O1,1.951,2.597
sub-123,amsterdam_ge_3t,test,resencm,0.7383,1.08
sub-123,amsterdam_ge_3t,test,wmhsynthseg,21.58,26.16
sub-123,amsterdam_ge_3t,test,threshold,2.415,3.085
sub-124,amsterdam_ge_3t,test,O1,3.298,3.362
sub-124,amsterdam_ge_3t,test,resencm,3.481,3.575
sub-124,amsterdam_ge_3t,test,wmhsynthseg,22.48,24.71
sub-124,amsterdam_ge_3t,test,threshold,8.476,9.166
sub-125,amsterdam_ge_3t,test,O1,0.8192,1.198
sub-125,amsterdam_ge_3t,test,resencm,0.8719,1.271
sub-125,amsterdam_ge_3t,test,wmhsynthseg,5.745,9.272
sub-125,amsterdam_ge_3t,test,threshold,1.572,2.207
sub-126,amsterdam_ge_3t,training,O1,16.62,13.92
sub-127,amsterdam_ge_3t,test,O1,3.452,3.825
sub-127,amsterdam_ge_3t,test,resencm,4.099,4.711
sub-127,amsterdam_ge_3t,test,wmhsynthseg,28.98,43.66
sub-127,amsterdam_ge_3t,test,threshold,8.287,9.758
sub-128,amsterdam_ge_3t,test,O1,54.23,45.99
sub-128,amsterdam_ge_3t,test,resencm,60.54,50.84
sub-128,amsterdam_ge_3t,test,wmhsynthseg,60.04,50.97
sub-128,amsterdam_ge_3t,test,threshold,54.39,43.17
sub-129,amsterdam_ge_3t,test,O1,29.82,31.13
sub-129,amsterdam_ge_3t,test,resencm,28.89,29.95
sub-129,amsterdam_ge_3t,test,wmhsynthseg,31.05,33.25
sub-129,amsterdam_ge_3t,test,threshold,26.69,26.33
sub-130,amsterdam_ge_3t,test,O1,3.196,3.803
sub-130,amsterdam_ge_3t,test,resencm,3.597,4.193
sub-130,amsterdam_ge_3t,test,wmhsynthseg,14.79,17.9
sub-130,amsterdam_ge_3t,test,threshold,6.223,7.888
sub-131,amsterdam_ge_3t,test,O1,4.911,6.816
sub-131,amsterdam_ge_3t,test,resencm,5.769,8.094
sub-131,amsterdam_ge_3t,test,wmhsynthseg,11.19,16.63
sub-131,amsterdam_ge_3t,test,threshold,7.629,10.43
sub-132,amsterdam_ge_3t,training,O1,43.53,43.81
sub-133,amsterdam_ge_3t,test,O1,6.433,6.163
sub-133,amsterdam_ge_3t,test,resencm,8.898,8.912
sub-133,amsterdam_ge_3t,test,wmhsynthseg,21.79,25.39
sub-133,amsterdam_ge_3t,test,threshold,10.81,10.62
sub-134,amsterdam_ge_3t,test,O1,14.38,14.1
sub-134,amsterdam_ge_3t,test,resencm,16.34,16.67
sub-134,amsterdam_ge_3t,test,wmhsynthseg,29.25,34.29
sub-134,amsterdam_ge_3t,test,threshold,14.87,13.47
sub-135,amsterdam_ge_3t,test,O1,51.43,41.73
sub-135,amsterdam_ge_3t,test,resencm,30.59,24.46
sub-135,amsterdam_ge_3t,test,wmhsynthseg,67.85,61.85
sub-135,amsterdam_ge_3t,test,threshold,35.55,28.36
sub-136,amsterdam_ge_3t,test,O1,1.129,1.452
sub-136,amsterdam_ge_3t,test,resencm,1.308,1.719
sub-136,amsterdam_ge_3t,test,wmhsynthseg,19.07,26.87
sub-136,amsterdam_ge_3t,test,threshold,3.052,4.011
sub-137,amsterdam_ge_3t,training,O1,8.972,10.25
sub-138,amsterdam_ge_3t,test,O1,1.881,2.078
sub-138,amsterdam_ge_3t,test,resencm,1.888,2.152
sub-138,amsterdam_ge_3t,test,wmhsynthseg,26,29.5
sub-138,amsterdam_ge_3t,test,threshold,4.033,4.697
sub-139,amsterdam_ge_3t,test,O1,3.294,4.246
sub-139,amsterdam_ge_3t,test,resencm,3.298,4.227
sub-139,amsterdam_ge_3t,test,wmhsynthseg,13.16,18.16
sub-139,amsterdam_ge_3t,test,threshold,3.319,4.399
sub-140,amsterdam_ge_3t,test,O1,13.32,11.3
sub-140,amsterdam_ge_3t,test,resencm,14.23,12.28
sub-140,amsterdam_ge_3t,test,wmhsynthseg,24.17,27.85
sub-140,amsterdam_ge_3t,test,threshold,18,15.82
sub-141,amsterdam_ge_3t,test,O1,1.958,2.431
sub-141,amsterdam_ge_3t,test,resencm,1.413,1.769
sub-141,amsterdam_ge_3t,test,wmhsynthseg,31.46,38.83
sub-141,amsterdam_ge_3t,test,threshold,3.273,4.223
sub-142,amsterdam_ge_3t,test,O1,26.52,19
sub-142,amsterdam_ge_3t,test,resencm,31.46,23.04
sub-142,amsterdam_ge_3t,test,wmhsynthseg,54.52,45.18
sub-142,amsterdam_ge_3t,test,threshold,24.76,16.69
sub-143,amsterdam_ge_3t,test,O1,10.93,12.42
sub-143,amsterdam_ge_3t,test,resencm,12.28,14.46
sub-143,amsterdam_ge_3t,test,wmhsynthseg,18.83,24.79
sub-143,amsterdam_ge_3t,test,threshold,10.6,11.22
sub-144,amsterdam_ge_3t,training,O1,2.222,2.914
sub-145,amsterdam_ge_3t,test,O1,11.54,16.29
sub-145,amsterdam_ge_3t,test,resencm,13.22,19.19
sub-145,amsterdam_ge_3t,test,wmhsynthseg,20.83,32.97
sub-145,amsterdam_ge_3t,test,threshold,13.44,19.07
sub-146,amsterdam_ge_3t,test,O1,7.235,8.338
sub-146,amsterdam_ge_3t,test,resencm,8.111,9.164
sub-146,amsterdam_ge_3t,test,wmhsynthseg,23.59,32.96
sub-146,amsterdam_ge_3t,test,threshold,5.896,5.955
sub-147,amsterdam_ge_3t,test,O1,7.559,10.58
sub-147,amsterdam_ge_3t,test,resencm,8.343,11.69
sub-147,amsterdam_ge_3t,test,wmhsynthseg,16.21,24.77
sub-147,amsterdam_ge_3t,test,threshold,11.53,15.52
sub-148,amsterdam_ge_3t,test,O1,12.79,16.39
sub-148,amsterdam_ge_3t,test,resencm,15.93,20.83
sub-148,amsterdam_ge_3t,test,wmhsynthseg,27.85,40.88
sub-148,amsterdam_ge_3t,test,threshold,18.72,24.21
sub-149,amsterdam_ge_3t,test,O1,6.012,6.506
sub-149,amsterdam_ge_3t,test,resencm,7.661,8.22
sub-149,amsterdam_ge_3t,test,wmhsynthseg,32.95,37.22
sub-149,amsterdam_ge_3t,test,threshold,10.87,12.52
sub-150,amsterdam_ge_1p5t,test,O1,4.572,6.35
sub-150,amsterdam_ge_1p5t,test,resencm,5.082,7.15
sub-150,amsterdam_ge_1p5t,test,wmhsynthseg,10.25,15.87
sub-150,amsterdam_ge_1p5t,test,threshold,6.593,9.336
sub-151,amsterdam_ge_1p5t,test,O1,69.24,73.22
sub-151,amsterdam_ge_1p5t,test,resencm,66.43,68.6
sub-151,amsterdam_ge_1p5t,test,wmhsynthseg,54.04,58.33
sub-151,amsterdam_ge_1p5t,test,threshold,51.94,50.72
sub-152,amsterdam_ge_1p5t,test,O1,8.468,9.574
sub-152,amsterdam_ge_1p5t,test,resencm,9.365,10.55
sub-152,amsterdam_ge_1p5t,test,wmhsynthseg,19.05,26.51
sub-152,amsterdam_ge_1p5t,test,threshold,8.728,9.859
sub-153,amsterdam_ge_1p5t,test,O1,0.8547,1.254
sub-153,amsterdam_ge_1p5t,test,resencm,0.9964,1.313
sub-153,amsterdam_ge_1p5t,test,wmhsynthseg,29.46,39.92
sub-153,amsterdam_ge_1p5t,test,threshold,0.4864,0.5478
sub-154,amsterdam_ge_1p5t,test,O1,13.07,11.81
sub-154,amsterdam_ge_1p5t,test,resencm,14.34,13.21
sub-154,amsterdam_ge_1p5t,test,wmhsynthseg,22.91,23.65
sub-154,amsterdam_ge_1p5t,test,threshold,15.1,13.32
sub-155,amsterdam_ge_1p5t,test,O1,19.75,15.48
sub-155,amsterdam_ge_1p5t,test,resencm,23.76,18.61
sub-155,amsterdam_ge_1p5t,test,wmhsynthseg,27.86,23.91
sub-155,amsterdam_ge_1p5t,test,threshold,22.59,17.25
sub-156,amsterdam_ge_1p5t,test,O1,2.342,2.585
sub-156,amsterdam_ge_1p5t,test,resencm,2.749,3.004
sub-156,amsterdam_ge_1p5t,test,wmhsynthseg,16.88,23.65
sub-156,amsterdam_ge_1p5t,test,threshold,3.174,3.242
sub-157,amsterdam_ge_1p5t,test,O1,0.902,1.575
sub-157,amsterdam_ge_1p5t,test,resencm,0.9682,1.646
sub-157,amsterdam_ge_1p5t,test,wmhsynthseg,7.212,13.2
sub-157,amsterdam_ge_1p5t,test,threshold,1.483,2.508
sub-158,amsterdam_ge_1p5t,test,O1,8.529,13.27
sub-158,amsterdam_ge_1p5t,test,resencm,9.553,14.64
sub-158,amsterdam_ge_1p5t,test,wmhsynthseg,9.912,16.08
sub-158,amsterdam_ge_1p5t,test,threshold,6.134,9.528
sub-159,amsterdam_ge_1p5t,test,O1,31.68,31.01
sub-159,amsterdam_ge_1p5t,test,resencm,33.29,31.91
sub-159,amsterdam_ge_1p5t,test,wmhsynthseg,48.31,50.63
sub-159,amsterdam_ge_1p5t,test,threshold,16.06,13.99
sub-160,amsterdam_philips_3t,test,O1,45.05,39.27
sub-160,amsterdam_philips_3t,test,resencm,52.36,46.53
sub-160,amsterdam_philips_3t,test,wmhsynthseg,55.91,51.32
sub-160,amsterdam_philips_3t,test,threshold,33.34,27.12
sub-161,amsterdam_philips_3t,test,O1,11.75,12.68
sub-161,amsterdam_philips_3t,test,resencm,15.01,16.16
sub-161,amsterdam_philips_3t,test,wmhsynthseg,18,19.48
sub-161,amsterdam_philips_3t,test,threshold,7.656,7.85
sub-162,amsterdam_philips_3t,test,O1,5.759,7.917
sub-162,amsterdam_philips_3t,test,resencm,5.54,7.447
sub-162,amsterdam_philips_3t,test,wmhsynthseg,12.66,19.01
sub-162,amsterdam_philips_3t,test,threshold,5.813,7.895
sub-163,amsterdam_philips_3t,test,O1,1.143,1.815
sub-163,amsterdam_philips_3t,test,resencm,0.9398,1.412
sub-163,amsterdam_philips_3t,test,wmhsynthseg,10.59,16
sub-163,amsterdam_philips_3t,test,threshold,2.387,3.781
sub-164,amsterdam_philips_3t,test,O1,3.39,4.304
sub-164,amsterdam_philips_3t,test,resencm,3.666,4.696
sub-164,amsterdam_philips_3t,test,wmhsynthseg,8.01,11.56
sub-164,amsterdam_philips_3t,test,threshold,3.293,3.966
sub-165,amsterdam_philips_3t,test,O1,3.992,5.336
sub-165,amsterdam_philips_3t,test,resencm,3.766,5.002
sub-165,amsterdam_philips_3t,test,wmhsynthseg,5.742,8.557
sub-165,amsterdam_philips_3t,test,threshold,4.587,6.85
sub-166,amsterdam_philips_3t,test,O1,9.506,9.015
sub-166,amsterdam_philips_3t,test,resencm,11.58,11.36
sub-166,amsterdam_philips_3t,test,wmhsynthseg,14.58,15.38
sub-166,amsterdam_philips_3t,test,threshold,11.91,11.65
sub-167,amsterdam_philips_3t,test,O1,13.28,15.52
sub-167,amsterdam_philips_3t,test,resencm,14.81,17.14
sub-167,amsterdam_philips_3t,test,wmhsynthseg,24.51,28.96
sub-167,amsterdam_philips_3t,test,threshold,15.8,19.47
sub-168,amsterdam_philips_3t,test,O1,1.227,1.471
sub-168,amsterdam_philips_3t,test,resencm,0.581,0.7228
sub-168,amsterdam_philips_3t,test,wmhsynthseg,15.42,18.62
sub-168,amsterdam_philips_3t,test,threshold,3.672,4.83
sub-169,amsterdam_philips_3t,test,O1,14.11,11.85
sub-169,amsterdam_philips_3t,test,resencm,15.31,13.17
sub-169,amsterdam_philips_3t,test,wmhsynthseg,21.14,19.61
sub-169,amsterdam_philips_3t,test,threshold,12.71,10.4
