source,split,site,pearson_r_vs_O1,mean_freq,mean_freq_O1
O3,training,all,0.993,0.01025,0.01067
O3,training,amsterdam_ge_3t,0.9716,0.005412,0.00628
O3,training,singapore_siemens_3t,0.9855,0.01124,0.01275
O3,training,utrecht_philips_3t,0.9847,0.01409,0.01299
O4,training,all,0.9919,0.009308,0.01067
O4,training,amsterdam_ge_3t,0.9793,0.006106,0.00628
O4,training,singapore_siemens_3t,0.9774,0.009364,0.01275
O4,training,utrecht_philips_3t,0.9872,0.01245,0.01299
resencm,test,all,0.995,0.008836,0.009247
resencm,test,amsterdam_ge_1p5t,0.9699,0.009044,0.008805
resencm,test,amsterdam_ge_3t,0.9865,0.007414,0.007336
resencm,test,amsterdam_philips_3t,0.9693,0.006548,0.005787
resencm,test,singapore_siemens_3t,0.9921,0.0105,0.009791
resencm,test,utrecht_philips_3t,0.9792,0.009286,0.01192
threshold,test,all,0.9033,0.007886,0.009247
threshold,test,amsterdam_ge_1p5t,0.8866,0.006906,0.008805
threshold,test,amsterdam_ge_3t,0.8869,0.007224,0.007336
threshold,test,amsterdam_philips_3t,0.8477,0.005502,0.005787
threshold,test,singapore_siemens_3t,0.8864,0.005353,0.009791
threshold,test,utrecht_philips_3t,0.8552,0.0122,0.01192
wmhsynthseg,test,all,0.8789,0.01459,0.009247
wmhsynthseg,test,amsterdam_ge_1p5t,0.6685,0.01546,0.008805
wmhsynthseg,test,amsterdam_ge_3t,0.8156,0.01712,0.007336
wmhsynthseg,test,amsterdam_philips_3t,0.7962,0.01105,0.005787
wmhsynthseg,test,singapore_siemens_3t,0.8811,0.01253,0.009791
wmhsynthseg,test,utrecht_philips_3t,0.8588,0.01502,0.01192
