participant_id,scanner,flair_mask,flair_head_ml,flair_field_p5,flair_field_p95,t1_field_p5,t1_field_p95,corr_flair_all,corr_flair_core,corr_t1,field_strength_n4,field_strength_spm,cov_raw,cov_spm,cov_n4,slice_spread_raw,slice_spread_spm,slice_spread_n4
sub-000,utrecht_philips_3t,0.4214,3210.3706,0.8672,1.2907,0.7979,1.2368,0.7842,0.7928,0.8563,0.124,0.0855,0.4889,0.4848,0.4817,0.0345,0.0249,0.0171
sub-002,utrecht_philips_3t,0.3545,2700.2203,0.7113,1.2276,0.8339,1.3283,0.9086,0.9166,0.8597,0.1658,0.155,0.3485,0.3247,0.3212,0.0455,0.0216,0.0165
sub-004,utrecht_philips_3t,0.3493,2660.7673,0.7793,1.1845,0.7545,1.2529,0.7064,0.9253,0.89,0.1206,0.1252,0.3074,0.2864,0.2819,0.0333,0.02,0.017
sub-006,utrecht_philips_3t,0.3617,2755.6052,0.837,1.2211,0.8421,1.2412,0.8659,0.8439,0.9488,0.1173,0.0914,0.3338,0.3254,0.3232,0.0502,0.0253,0.0134
sub-008,utrecht_philips_3t,0.3663,2790.4709,0.8823,1.2123,0.8333,1.247,0.7023,0.8728,0.9094,0.0952,0.0777,0.325,0.3169,0.3151,0.0452,0.0296,0.02
sub-011,utrecht_philips_3t,0.3215,2449.2434,0.8829,1.305,0.7698,1.1919,0.6989,0.7453,0.7796,0.1389,0.054,0.4347,0.4248,0.4123,0.0616,0.0378,0.0097
sub-017,utrecht_philips_3t,0.351,2673.9523,0.8756,1.2635,0.8636,1.2909,0.5776,0.7898,0.9253,0.1215,0.0744,0.3261,0.3209,0.3193,0.0383,0.0233,0.0121
sub-019,utrecht_philips_3t,0.3603,2744.7115,0.8701,1.255,0.874,1.2108,0.7466,0.7922,0.8121,0.1175,0.0762,0.5531,0.5271,0.4994,0.0329,0.0137,0.0191
sub-021,utrecht_philips_3t,0.4217,3212.0664,0.8658,1.2993,0.828,1.1965,0.6779,0.828,0.9015,0.1229,0.0745,0.4788,0.4747,0.472,0.0357,0.0202,0.0091
sub-023,utrecht_philips_3t,0.3765,2868.2267,0.8584,1.2009,0.8751,1.2084,0.7006,0.8447,0.7529,0.1026,0.0764,0.3868,0.3805,0.3789,0.0381,0.0221,0.0133
sub-025,utrecht_philips_3t,0.4074,3103.698,0.8212,1.2173,0.8402,1.2318,0.8358,0.889,0.7992,0.1225,0.1025,0.4508,0.436,0.4305,0.0352,0.0199,0.0184
sub-027,utrecht_philips_3t,0.3303,2515.7971,0.8705,1.2147,0.8327,1.2099,0.5441,0.8082,0.8149,0.1042,0.0768,0.3238,0.3159,0.3139,0.0432,0.0287,0.0185
sub-029,utrecht_philips_3t,0.3877,2953.4515,0.7762,1.2325,0.8387,1.2585,0.8292,0.9178,0.8802,0.142,0.1067,0.4382,0.4261,0.4224,0.0263,0.02,0.0134
sub-031,utrecht_philips_3t,0.3806,2899.1266,0.878,1.1327,0.8734,1.1961,0.8042,0.7349,0.5381,0.0756,0.0756,0.334,0.3297,0.3275,0.0376,0.0197,0.0191
sub-033,utrecht_philips_3t,0.3158,2405.9059,0.7941,1.2071,0.8629,1.1723,0.8592,0.8992,0.74,0.1205,0.0876,0.3235,0.3132,0.3098,0.0499,0.031,0.0139
sub-035,utrecht_philips_3t,0.3158,2405.7917,0.8784,1.289,0.8319,1.2466,0.8414,0.8846,0.8887,0.1212,0.0875,0.2915,0.2846,0.2827,0.0486,0.0263,0.018
sub-037,utrecht_philips_3t,0.3822,2911.7257,0.8639,1.1994,0.845,1.2284,0.6203,0.778,0.8562,0.1016,0.0779,0.3277,0.3217,0.3205,0.0348,0.0231,0.0164
sub-039,utrecht_philips_3t,0.3689,2810.3589,0.8603,1.1938,0.7632,1.1856,0.7766,0.8327,0.8826,0.0982,0.08,0.361,0.3517,0.3476,0.0383,0.0247,0.0174
sub-041,utrecht_philips_3t,0.3548,2703.0302,0.818,1.1638,0.78,1.2448,0.8497,0.8086,0.9421,0.1065,0.0836,0.319,0.3137,0.3102,0.0265,0.0238,0.0139
sub-049,utrecht_philips_3t,0.3421,2606.1485,0.8096,1.1525,0.8339,1.1967,0.8909,0.7893,0.8021,0.1005,0.0816,0.2495,0.2424,0.2402,0.054,0.0255,0.0169
sub-050,singapore_siemens_3t,0.1769,1513.3542,0.7542,1.1189,0.8247,1.3001,-0.3816,0.5325,0.7272,0.1074,0.0604,0.2793,0.2786,0.2772,0.038,0.0384,0.034
sub-051,singapore_siemens_3t,0.2249,1923.81,0.7588,1.1221,0.6918,1.3491,-0.3501,0.4025,0.8835,0.1194,0.0762,0.4177,0.4169,0.4142,0.0191,0.0242,0.0206
sub-052,singapore_siemens_3t,0.182,1556.8438,0.7551,1.1122,0.639,1.3334,-0.1972,0.3842,0.888,0.1105,0.0485,0.3327,0.3313,0.3297,0.0358,0.0372,0.0144
sub-053,singapore_siemens_3t,0.1905,1628.895,0.7096,1.1649,0.7334,1.3192,-0.0313,0.5968,0.8937,0.1336,0.0519,0.2186,0.2164,0.2139,0.0385,0.0363,0.0158
sub-054,singapore_siemens_3t,0.2893,2474.28,0.7414,1.157,0.6553,1.594,-0.0256,0.2857,0.9027,0.1358,0.0466,0.288,0.2875,0.2777,0.0208,0.0293,0.0149
sub-055,singapore_siemens_3t,0.2551,2181.669,0.717,1.1837,0.6729,1.5751,-0.1304,0.4961,0.9215,0.1442,0.0661,0.3568,0.3543,0.3469,0.0286,0.0172,0.0281
sub-056,singapore_siemens_3t,0.1694,1449.1464,0.6945,1.114,0.6326,1.2576,-0.0564,0.4769,0.881,0.1327,0.0521,0.374,0.373,0.3697,0.0319,0.0247,0.0275
sub-057,singapore_siemens_3t,0.1497,1280.2433,0.7976,1.1555,0.8177,1.3306,0.2178,0.7225,0.7219,0.1088,0.0796,0.4019,0.4008,0.3985,0.0194,0.022,0.0098
sub-058,singapore_siemens_3t,0.2264,1936.2349,0.7537,1.1569,0.6464,1.5549,0.0414,0.8045,0.9016,0.1259,0.0942,0.3275,0.3187,0.3132,0.0293,0.0304,0.0154
sub-059,singapore_siemens_3t,0.1701,1454.9256,0.8272,1.1231,0.7005,1.333,-0.0858,0.6496,0.8757,0.0885,0.0633,0.3894,0.387,0.3828,0.015,0.0143,0.0165
sub-060,singapore_siemens_3t,0.1829,1564.4461,0.7763,1.1221,0.7995,1.3579,0.0804,0.6295,0.8647,0.1043,0.0567,0.4416,0.4401,0.4371,0.0226,0.0214,0.018
sub-061,singapore_siemens_3t,0.2032,1738.2244,0.7128,1.1281,0.6512,1.5806,0.0225,0.7748,0.9033,0.1363,0.0554,0.2588,0.2527,0.2491,0.0218,0.0202,0.0159
sub-062,singapore_siemens_3t,0.2466,2109.0748,0.8365,1.1292,0.6277,1.4266,0.0919,0.6868,0.9232,0.0875,0.0784,0.3642,0.3623,0.3609,0.0281,0.0229,0.0218
sub-063,singapore_siemens_3t,0.1708,1460.6311,0.7175,1.1721,0.6758,1.2966,0.6374,0.5315,0.8691,0.1358,0.088,0.5211,0.5199,0.5169,0.0403,0.0297,0.0407
sub-064,singapore_siemens_3t,0.2023,1729.8331,0.8733,1.1339,0.7121,1.4173,0.224,0.5974,0.9347,0.0793,0.0554,0.3217,0.3189,0.3156,0.0242,0.0211,0.0167
sub-065,singapore_siemens_3t,0.2332,1994.8112,0.8575,1.1709,0.6998,1.6311,0.0943,0.5833,0.9412,0.0969,0.0822,0.3811,0.3774,0.3729,0.0161,0.0178,0.0158
sub-066,singapore_siemens_3t,0.2184,1867.56,0.7672,1.1623,0.6708,1.4599,0.2084,0.6161,0.9267,0.1179,0.057,0.2997,0.2973,0.2946,0.0253,0.0218,0.0164
sub-067,singapore_siemens_3t,0.1663,1422.3991,0.7635,1.183,0.7702,1.483,0.2485,0.922,0.8615,0.126,0.0864,0.3565,0.3448,0.3419,0.0532,0.0165,0.0231
sub-068,singapore_siemens_3t,0.2378,2033.7503,0.7952,1.217,0.8034,1.5186,0.0066,0.6791,0.762,0.1322,0.079,0.3496,0.3433,0.3383,0.0428,0.0275,0.0226
sub-069,singapore_siemens_3t,0.2368,2025.456,0.7955,1.1618,0.6582,1.5109,0.2573,0.8066,0.9163,0.1107,0.1133,0.4333,0.4215,0.416,0.0471,0.0159,0.0228
sub-100,amsterdam_ge_3t,0.1494,1473.2477,0.8323,1.2579,0.8202,1.2774,0.834,0.8793,0.7449,0.1284,0.1094,0.2609,0.2363,0.2324,0.0238,0.0357,0.0128
sub-101,amsterdam_ge_3t,0.1989,1960.9469,0.8052,1.218,0.8173,1.3273,0.7207,0.9054,0.8801,0.129,0.1195,0.366,0.3535,0.3503,0.037,0.0371,0.023
sub-102,amsterdam_ge_3t,0.14,1380.2461,0.8359,1.2084,0.8003,1.2532,0.7818,0.8745,0.7851,0.107,0.0807,0.3014,0.2892,0.2855,0.033,0.0538,0.0296
sub-103,amsterdam_ge_3t,0.1273,1254.9682,0.8548,1.2654,0.8017,1.3569,0.8558,0.8364,0.6196,0.1189,0.0993,0.2983,0.2828,0.2803,0.049,0.0228,0.0148
sub-104,amsterdam_ge_3t,0.1809,1784.287,0.7896,1.2695,0.7551,1.3867,0.6157,0.934,0.8427,0.1447,0.1171,0.4279,0.4023,0.3972,0.0664,0.0306,0.0337
sub-105,amsterdam_ge_3t,0.1473,1452.8563,0.7907,1.2735,0.797,1.3525,0.8442,0.9151,0.7705,0.1398,0.1121,0.4841,0.4668,0.463,0.0289,0.0308,0.0196
sub-106,amsterdam_ge_3t,0.1389,1370.0671,0.8556,1.2389,0.8582,1.2621,0.8189,0.8747,0.7228,0.1135,0.0922,0.2991,0.2895,0.2871,0.0372,0.0458,0.0298
sub-107,amsterdam_ge_3t,0.1173,1156.6324,0.8281,1.2365,0.8191,1.2683,0.8275,0.8981,0.6411,0.1221,0.0966,0.3223,0.3074,0.3092,0.0422,0.0191,0.0264
sub-108,amsterdam_ge_3t,0.1509,1488.0618,0.823,1.1507,0.7635,1.2313,0.6819,0.8576,0.6466,0.1033,0.0776,0.34,0.327,0.322,0.0504,0.064,0.0292
sub-109,amsterdam_ge_3t,0.1791,1766.346,0.8166,1.2412,0.8385,1.3088,0.7071,0.8973,0.6269,0.1284,0.1187,0.4152,0.3959,0.3966,0.0535,0.0351,0.0328
sub-110,amsterdam_ge_3t,0.1971,1943.5896,0.7841,1.2749,0.7213,1.2795,0.7367,0.9295,0.888,0.144,0.1198,0.3133,0.288,0.2841,0.0123,0.0407,0.0147
sub-112,amsterdam_ge_3t,0.1195,1178.2086,0.8608,1.1714,0.8159,1.2303,0.8521,0.9142,0.7316,0.0965,0.0871,0.35,0.3397,0.3392,0.0501,0.0326,0.0211
sub-113,amsterdam_ge_3t,0.1435,1415.5118,0.8441,1.1974,0.7995,1.2875,0.7363,0.8627,0.7492,0.1076,0.0926,0.3416,0.3275,0.3268,0.0318,0.0201,0.0238
sub-114,amsterdam_ge_3t,0.1311,1293.2021,0.8371,1.2525,0.82,1.3819,0.814,0.8547,0.5077,0.119,0.0984,0.2927,0.2708,0.2696,0.0415,0.0254,0.029
sub-115,amsterdam_ge_3t,0.1444,1423.7106,0.8489,1.2216,0.8213,1.2352,0.8438,0.8983,0.8537,0.1131,0.1031,0.2794,0.2649,0.2628,0.0549,0.0354,0.0145
sub-116,amsterdam_ge_3t,0.1344,1325.1744,0.7446,1.2891,0.7891,1.2962,0.892,0.9383,0.5684,0.1654,0.141,0.2892,0.2555,0.2547,0.0547,0.022,0.0246
sub-126,amsterdam_ge_3t,0.2117,2087.3033,0.7682,1.2601,0.7335,1.3102,0.6778,0.8639,0.7575,0.1525,0.1155,0.409,0.3901,0.3803,0.0688,0.0243,0.0211
sub-132,amsterdam_ge_3t,0.1278,1260.5442,0.8464,1.354,0.8218,1.3241,0.9076,0.9192,0.8538,0.149,0.1187,0.5352,0.5223,0.5242,0.0776,0.049,0.0492
sub-137,amsterdam_ge_3t,0.134,1321.7536,0.8277,1.2519,0.8103,1.231,0.7316,0.9161,0.7823,0.1261,0.0986,0.2928,0.2769,0.2752,0.0434,0.0279,0.0191
sub-144,amsterdam_ge_3t,0.1357,1338.5624,0.8575,1.2357,0.8337,1.2766,0.8377,0.8715,0.8264,0.1129,0.0953,0.2729,0.2586,0.2588,0.0363,0.0373,0.0273
