participant_id,image,corr_otsu_spm,corr_hdbet_spm,corr_otsu_hdbet,scanner
sub-000,FLAIR,0.8128,0.7923,0.9406,utrecht_philips_3t
sub-000,T1w,0.9822,0.9874,0.9628,utrecht_philips_3t
sub-002,FLAIR,0.9382,0.922,0.977,utrecht_philips_3t
sub-002,T1w,0.9825,0.9884,0.9869,utrecht_philips_3t
sub-004,FLAIR,0.9199,0.9079,0.9431,utrecht_philips_3t
sub-004,T1w,0.9606,0.9632,0.9812,utrecht_philips_3t
sub-006,FLAIR,0.8961,0.8957,0.9665,utrecht_philips_3t
sub-006,T1w,0.98,0.9878,0.9877,utrecht_philips_3t
sub-008,FLAIR,0.881,0.8617,0.973,utrecht_philips_3t
sub-008,T1w,0.9786,0.9865,0.9738,utrecht_philips_3t
sub-011,FLAIR,0.7782,0.7805,0.9281,utrecht_philips_3t
sub-011,T1w,0.966,0.9842,0.9642,utrecht_philips_3t
sub-017,FLAIR,0.833,0.8473,0.9619,utrecht_philips_3t
sub-017,T1w,0.9751,0.9886,0.9776,utrecht_philips_3t
sub-019,FLAIR,0.8672,0.8405,0.9238,utrecht_philips_3t
sub-019,T1w,0.9588,0.9648,0.9589,utrecht_philips_3t
sub-021,FLAIR,0.8514,0.8173,0.9188,utrecht_philips_3t
sub-021,T1w,0.9574,0.9418,0.96,utrecht_philips_3t
sub-023,FLAIR,0.8789,0.8956,0.9512,utrecht_philips_3t
sub-023,T1w,0.9451,0.9776,0.9455,utrecht_philips_3t
sub-025,FLAIR,0.9058,0.8635,0.9647,utrecht_philips_3t
sub-025,T1w,0.9348,0.9792,0.9478,utrecht_philips_3t
sub-027,FLAIR,0.8067,0.8733,0.927,utrecht_philips_3t
sub-027,T1w,0.972,0.9831,0.9747,utrecht_philips_3t
sub-029,FLAIR,0.9256,0.8957,0.9705,utrecht_philips_3t
sub-029,T1w,0.9696,0.9781,0.9615,utrecht_philips_3t
sub-031,FLAIR,0.824,0.7475,0.9466,utrecht_philips_3t
sub-031,T1w,0.936,0.9674,0.9049,utrecht_philips_3t
sub-033,FLAIR,0.9217,0.9163,0.974,utrecht_philips_3t
sub-033,T1w,0.9593,0.9833,0.9476,utrecht_philips_3t
sub-035,FLAIR,0.8888,0.8671,0.9566,utrecht_philips_3t
sub-035,T1w,0.9814,0.9803,0.9838,utrecht_philips_3t
sub-037,FLAIR,0.7941,0.8007,0.9111,utrecht_philips_3t
sub-037,T1w,0.9703,0.9727,0.9672,utrecht_philips_3t
sub-039,FLAIR,0.8595,0.8407,0.9407,utrecht_philips_3t
sub-039,T1w,0.9736,0.9775,0.9747,utrecht_philips_3t
sub-041,FLAIR,0.8567,0.8319,0.972,utrecht_philips_3t
sub-041,T1w,0.9804,0.984,0.989,utrecht_philips_3t
sub-049,FLAIR,0.855,0.8168,0.9737,utrecht_philips_3t
sub-049,T1w,0.9673,0.9837,0.9732,utrecht_philips_3t
sub-050,FLAIR,0.046,0.1567,0.8583,singapore_siemens_3t
sub-050,T1w,0.9295,0.9217,0.9695,singapore_siemens_3t
sub-051,FLAIR,0.1965,0.3618,0.7906,singapore_siemens_3t
sub-051,T1w,0.9533,0.961,0.9779,singapore_siemens_3t
sub-052,FLAIR,0.6194,0.6294,0.8983,singapore_siemens_3t
sub-052,T1w,0.9331,0.9596,0.9711,singapore_siemens_3t
sub-053,FLAIR,0.7068,0.735,0.8102,singapore_siemens_3t
sub-053,T1w,0.9615,0.9825,0.9746,singapore_siemens_3t
sub-054,FLAIR,0.4126,0.5934,0.6487,singapore_siemens_3t
sub-054,T1w,0.9729,0.9846,0.988,singapore_siemens_3t
sub-055,FLAIR,0.5865,0.7119,0.842,singapore_siemens_3t
sub-055,T1w,0.9799,0.973,0.9843,singapore_siemens_3t
sub-056,FLAIR,0.5304,0.5901,0.9145,singapore_siemens_3t
sub-056,T1w,0.9311,0.966,0.9512,singapore_siemens_3t
sub-057,FLAIR,0.7203,0.7695,0.9351,singapore_siemens_3t
sub-057,T1w,0.9284,0.9395,0.9293,singapore_siemens_3t
sub-058,FLAIR,0.761,0.8189,0.9044,singapore_siemens_3t
sub-058,T1w,0.9779,0.9667,0.9871,singapore_siemens_3t
sub-059,FLAIR,0.5599,0.5854,0.8995,singapore_siemens_3t
sub-059,T1w,0.9522,0.9584,0.9806,singapore_siemens_3t
sub-060,FLAIR,0.646,0.6846,0.8625,singapore_siemens_3t
sub-060,T1w,0.9561,0.966,0.9702,singapore_siemens_3t
sub-061,FLAIR,0.5894,0.7407,0.8379,singapore_siemens_3t
sub-061,T1w,0.9757,0.9772,0.9908,singapore_siemens_3t
sub-062,FLAIR,0.6562,0.7555,0.8128,singapore_siemens_3t
sub-062,T1w,0.9718,0.9678,0.9893,singapore_siemens_3t
sub-063,FLAIR,0.8853,0.8919,0.9779,singapore_siemens_3t
sub-063,T1w,0.9288,0.9284,0.9701,singapore_siemens_3t
sub-064,FLAIR,0.701,0.7377,0.9087,singapore_siemens_3t
sub-064,T1w,0.9646,0.9701,0.9889,singapore_siemens_3t
sub-065,FLAIR,0.6885,0.7641,0.8764,singapore_siemens_3t
sub-065,T1w,0.974,0.9732,0.983,singapore_siemens_3t
sub-066,FLAIR,0.672,0.7135,0.8074,singapore_siemens_3t
sub-066,T1w,0.9802,0.9773,0.9895,singapore_siemens_3t
sub-067,FLAIR,0.7828,0.8149,0.9582,singapore_siemens_3t
sub-067,T1w,0.9725,0.9729,0.981,singapore_siemens_3t
sub-068,FLAIR,0.5977,0.7661,0.8904,singapore_siemens_3t
sub-068,T1w,0.949,0.9538,0.9421,singapore_siemens_3t
sub-069,FLAIR,0.8488,0.892,0.9399,singapore_siemens_3t
sub-069,T1w,0.9645,0.9687,0.9806,singapore_siemens_3t
sub-100,FLAIR,0.8842,0.8745,0.9878,amsterdam_ge_3t
sub-100,T1w,0.9587,0.9651,0.9657,amsterdam_ge_3t
sub-101,FLAIR,0.9059,0.9044,0.9623,amsterdam_ge_3t
sub-101,T1w,0.9667,0.9662,0.9672,amsterdam_ge_3t
sub-102,FLAIR,0.8206,0.8271,0.9932,amsterdam_ge_3t
sub-102,T1w,0.9557,0.9617,0.9721,amsterdam_ge_3t
sub-103,FLAIR,0.8853,0.8887,0.9963,amsterdam_ge_3t
sub-103,T1w,0.914,0.9177,0.8072,amsterdam_ge_3t
sub-104,FLAIR,0.9101,0.9268,0.9526,amsterdam_ge_3t
sub-104,T1w,0.925,0.8831,0.9248,amsterdam_ge_3t
sub-105,FLAIR,0.8993,0.9014,0.9954,amsterdam_ge_3t
sub-105,T1w,0.8986,0.9064,0.8508,amsterdam_ge_3t
sub-106,FLAIR,0.8164,0.8265,0.9967,amsterdam_ge_3t
sub-106,T1w,0.9711,0.9772,0.9757,amsterdam_ge_3t
sub-107,FLAIR,0.8719,0.8776,0.9942,amsterdam_ge_3t
sub-107,T1w,0.9298,0.9461,0.9066,amsterdam_ge_3t
sub-108,FLAIR,0.8277,0.7941,0.9312,amsterdam_ge_3t
sub-108,T1w,0.9488,0.9417,0.9743,amsterdam_ge_3t
sub-109,FLAIR,0.8889,0.8809,0.9834,amsterdam_ge_3t
sub-109,T1w,0.8855,0.8541,0.8221,amsterdam_ge_3t
sub-110,FLAIR,0.9086,0.892,0.9511,amsterdam_ge_3t
sub-110,T1w,0.9507,0.9709,0.9732,amsterdam_ge_3t
sub-112,FLAIR,0.8595,0.8698,0.9974,amsterdam_ge_3t
sub-112,T1w,0.9413,0.9589,0.941,amsterdam_ge_3t
sub-113,FLAIR,0.8573,0.8626,0.9941,amsterdam_ge_3t
sub-113,T1w,0.9073,0.8667,0.8929,amsterdam_ge_3t
sub-114,FLAIR,0.8803,0.8828,0.9956,amsterdam_ge_3t
sub-114,T1w,0.8526,0.9069,0.7302,amsterdam_ge_3t
sub-115,FLAIR,0.8457,0.8484,0.9977,amsterdam_ge_3t
sub-115,T1w,0.9151,0.889,0.9411,amsterdam_ge_3t
sub-116,FLAIR,0.9207,0.9314,0.9956,amsterdam_ge_3t
sub-116,T1w,0.9186,0.9448,0.8992,amsterdam_ge_3t
sub-126,FLAIR,0.8963,0.9095,0.9762,amsterdam_ge_3t
sub-126,T1w,0.9206,0.8911,0.9564,amsterdam_ge_3t
sub-132,FLAIR,0.9117,0.912,0.9987,amsterdam_ge_3t
sub-132,T1w,0.9189,0.8541,0.8916,amsterdam_ge_3t
sub-137,FLAIR,0.8508,0.8584,0.9943,amsterdam_ge_3t
sub-137,T1w,0.9441,0.9304,0.9589,amsterdam_ge_3t
sub-144,FLAIR,0.8708,0.8746,0.9967,amsterdam_ge_3t
sub-144,T1w,0.9537,0.9411,0.9568,amsterdam_ge_3t
