participant_id,image,method,cov,slice_spread,scanner
sub-000,FLAIR,raw,0.41651,0.05713,utrecht_philips_3t
sub-000,FLAIR,spm12,0.41121,0.03362,utrecht_philips_3t
sub-000,FLAIR,n4_otsu,0.40849,0.0193,utrecht_philips_3t
sub-000,FLAIR,n4_hdbet,0.40772,0.01793,utrecht_philips_3t
sub-000,T1w,raw,0.51972,0.14826,utrecht_philips_3t
sub-000,T1w,spm12,0.48606,0.08248,utrecht_philips_3t
sub-000,T1w,n4_otsu,0.48906,0.09411,utrecht_philips_3t
sub-000,T1w,n4_hdbet,0.4843,0.07541,utrecht_philips_3t
sub-002,FLAIR,raw,0.34704,0.12153,utrecht_philips_3t
sub-002,FLAIR,spm12,0.31232,0.03947,utrecht_philips_3t
sub-002,FLAIR,n4_otsu,0.30862,0.02218,utrecht_philips_3t
sub-002,FLAIR,n4_hdbet,0.30641,0.0219,utrecht_philips_3t
sub-002,T1w,raw,0.48363,0.17551,utrecht_philips_3t
sub-002,T1w,spm12,0.43524,0.11729,utrecht_philips_3t
sub-002,T1w,n4_otsu,0.4354,0.12037,utrecht_philips_3t
sub-002,T1w,n4_hdbet,0.43517,0.12441,utrecht_philips_3t
sub-004,FLAIR,raw,0.27896,0.05313,utrecht_philips_3t
sub-004,FLAIR,spm12,0.25509,0.02097,utrecht_philips_3t
sub-004,FLAIR,n4_otsu,0.25273,0.03239,utrecht_philips_3t
sub-004,FLAIR,n4_hdbet,0.24915,0.01895,utrecht_philips_3t
sub-004,T1w,raw,0.3955,0.12249,utrecht_philips_3t
sub-004,T1w,spm12,0.35855,0.09011,utrecht_philips_3t
sub-004,T1w,n4_otsu,0.35201,0.08406,utrecht_philips_3t
sub-004,T1w,n4_hdbet,0.35026,0.08463,utrecht_philips_3t
sub-006,FLAIR,raw,0.31471,0.10176,utrecht_philips_3t
sub-006,FLAIR,spm12,0.29971,0.03702,utrecht_philips_3t
sub-006,FLAIR,n4_otsu,0.29705,0.01849,utrecht_philips_3t
sub-006,FLAIR,n4_hdbet,0.29638,0.01613,utrecht_philips_3t
sub-006,T1w,raw,0.45451,0.15073,utrecht_philips_3t
sub-006,T1w,spm12,0.41487,0.09484,utrecht_philips_3t
sub-006,T1w,n4_otsu,0.41228,0.10006,utrecht_philips_3t
sub-006,T1w,n4_hdbet,0.41388,0.10297,utrecht_philips_3t
sub-008,FLAIR,raw,0.29552,0.12034,utrecht_philips_3t
sub-008,FLAIR,spm12,0.28167,0.05827,utrecht_philips_3t
sub-008,FLAIR,n4_otsu,0.27695,0.03113,utrecht_philips_3t
sub-008,FLAIR,n4_hdbet,0.27572,0.02671,utrecht_philips_3t
sub-008,T1w,raw,0.41172,0.11228,utrecht_philips_3t
sub-008,T1w,spm12,0.37842,0.07267,utrecht_philips_3t
sub-008,T1w,n4_otsu,0.37773,0.07401,utrecht_philips_3t
sub-008,T1w,n4_hdbet,0.37809,0.07441,utrecht_philips_3t
sub-011,FLAIR,raw,0.34859,0.09121,utrecht_philips_3t
sub-011,FLAIR,spm12,0.34229,0.0486,utrecht_philips_3t
sub-011,FLAIR,n4_otsu,0.33968,0.03513,utrecht_philips_3t
sub-011,FLAIR,n4_hdbet,0.33812,0.01555,utrecht_philips_3t
sub-011,T1w,raw,0.41414,0.11954,utrecht_philips_3t
sub-011,T1w,spm12,0.39029,0.08889,utrecht_philips_3t
sub-011,T1w,n4_otsu,0.39188,0.09583,utrecht_philips_3t
sub-011,T1w,n4_hdbet,0.38872,0.08565,utrecht_philips_3t
sub-017,FLAIR,raw,0.31961,0.1094,utrecht_philips_3t
sub-017,FLAIR,spm12,0.3099,0.05003,utrecht_philips_3t
sub-017,FLAIR,n4_otsu,0.30771,0.03298,utrecht_philips_3t
sub-017,FLAIR,n4_hdbet,0.30653,0.02502,utrecht_philips_3t
sub-017,T1w,raw,0.45632,0.13385,utrecht_philips_3t
sub-017,T1w,spm12,0.42061,0.09643,utrecht_philips_3t
sub-017,T1w,n4_otsu,0.41686,0.08312,utrecht_philips_3t
sub-017,T1w,n4_hdbet,0.41558,0.0884,utrecht_philips_3t
sub-019,FLAIR,raw,0.33843,0.09441,utrecht_philips_3t
sub-019,FLAIR,spm12,0.32759,0.03515,utrecht_philips_3t
sub-019,FLAIR,n4_otsu,0.32685,0.02363,utrecht_philips_3t
sub-019,FLAIR,n4_hdbet,0.32487,0.02186,utrecht_philips_3t
sub-019,T1w,raw,0.45292,0.12996,utrecht_philips_3t
sub-019,T1w,spm12,0.42705,0.09436,utrecht_philips_3t
sub-019,T1w,n4_otsu,0.42566,0.10251,utrecht_philips_3t
sub-019,T1w,n4_hdbet,0.41996,0.08799,utrecht_philips_3t
sub-021,FLAIR,raw,0.42649,0.10513,utrecht_philips_3t
sub-021,FLAIR,spm12,0.42139,0.09138,utrecht_philips_3t
sub-021,FLAIR,n4_otsu,0.41996,0.10666,utrecht_philips_3t
sub-021,FLAIR,n4_hdbet,0.41826,0.10446,utrecht_philips_3t
sub-021,T1w,raw,0.4377,0.09758,utrecht_philips_3t
sub-021,T1w,spm12,0.41596,0.08819,utrecht_philips_3t
sub-021,T1w,n4_otsu,0.41049,0.08142,utrecht_philips_3t
sub-021,T1w,n4_hdbet,0.40773,0.06141,utrecht_philips_3t
sub-023,FLAIR,raw,0.36193,0.08483,utrecht_philips_3t
sub-023,FLAIR,spm12,0.35211,0.03499,utrecht_philips_3t
sub-023,FLAIR,n4_otsu,0.3504,0.01975,utrecht_philips_3t
sub-023,FLAIR,n4_hdbet,0.34909,0.01861,utrecht_philips_3t
sub-023,T1w,raw,0.49095,0.13068,utrecht_philips_3t
sub-023,T1w,spm12,0.45763,0.09791,utrecht_philips_3t
sub-023,T1w,n4_otsu,0.45997,0.10575,utrecht_philips_3t
sub-023,T1w,n4_hdbet,0.45025,0.08604,utrecht_philips_3t
sub-025,FLAIR,raw,0.40229,0.08025,utrecht_philips_3t
sub-025,FLAIR,spm12,0.38953,0.02893,utrecht_philips_3t
sub-025,FLAIR,n4_otsu,0.38705,0.02564,utrecht_philips_3t
sub-025,FLAIR,n4_hdbet,0.38567,0.02973,utrecht_philips_3t
sub-025,T1w,raw,0.50145,0.15197,utrecht_philips_3t
sub-025,T1w,spm12,0.46242,0.09343,utrecht_philips_3t
sub-025,T1w,n4_otsu,0.46865,0.11879,utrecht_philips_3t
sub-025,T1w,n4_hdbet,0.45545,0.08042,utrecht_philips_3t
sub-027,FLAIR,raw,0.31326,0.08132,utrecht_philips_3t
sub-027,FLAIR,spm12,0.30237,0.04002,utrecht_philips_3t
sub-027,FLAIR,n4_otsu,0.30055,0.01915,utrecht_philips_3t
sub-027,FLAIR,n4_hdbet,0.29856,0.01652,utrecht_philips_3t
sub-027,T1w,raw,0.42399,0.13293,utrecht_philips_3t
sub-027,T1w,spm12,0.39125,0.09598,utrecht_philips_3t
sub-027,T1w,n4_otsu,0.39099,0.09425,utrecht_philips_3t
sub-027,T1w,n4_hdbet,0.38918,0.09787,utrecht_philips_3t
sub-029,FLAIR,raw,0.39504,0.0621,utrecht_philips_3t
sub-029,FLAIR,spm12,0.38068,0.02965,utrecht_philips_3t
sub-029,FLAIR,n4_otsu,0.37803,0.01803,utrecht_philips_3t
sub-029,FLAIR,n4_hdbet,0.37678,0.01769,utrecht_philips_3t
sub-029,T1w,raw,0.50246,0.11455,utrecht_philips_3t
sub-029,T1w,spm12,0.46525,0.07352,utrecht_philips_3t
sub-029,T1w,n4_otsu,0.46694,0.07719,utrecht_philips_3t
sub-029,T1w,n4_hdbet,0.45889,0.05796,utrecht_philips_3t
sub-031,FLAIR,raw,0.29835,0.07677,utrecht_philips_3t
sub-031,FLAIR,spm12,0.28993,0.02905,utrecht_philips_3t
sub-031,FLAIR,n4_otsu,0.28709,0.0199,utrecht_philips_3t
sub-031,FLAIR,n4_hdbet,0.28599,0.02067,utrecht_philips_3t
sub-031,T1w,raw,0.44199,0.11717,utrecht_philips_3t
sub-031,T1w,spm12,0.4081,0.07358,utrecht_philips_3t
sub-031,T1w,n4_otsu,0.41774,0.09323,utrecht_philips_3t
sub-031,T1w,n4_hdbet,0.40123,0.0626,utrecht_philips_3t
sub-033,FLAIR,raw,0.31133,0.12564,utrecht_philips_3t
sub-033,FLAIR,spm12,0.29259,0.05206,utrecht_philips_3t
sub-033,FLAIR,n4_otsu,0.28848,0.02092,utrecht_philips_3t
sub-033,FLAIR,n4_hdbet,0.28775,0.02298,utrecht_philips_3t
sub-033,T1w,raw,0.44513,0.14162,utrecht_philips_3t
sub-033,T1w,spm12,0.40934,0.0946,utrecht_philips_3t
sub-033,T1w,n4_otsu,0.41616,0.1096,utrecht_philips_3t
sub-033,T1w,n4_hdbet,0.40655,0.09636,utrecht_philips_3t
sub-035,FLAIR,raw,0.27974,0.08279,utrecht_philips_3t
sub-035,FLAIR,spm12,0.27013,0.03644,utrecht_philips_3t
sub-035,FLAIR,n4_otsu,0.26867,0.02138,utrecht_philips_3t
sub-035,FLAIR,n4_hdbet,0.2675,0.02213,utrecht_philips_3t
sub-035,T1w,raw,0.4269,0.12624,utrecht_philips_3t
sub-035,T1w,spm12,0.39478,0.09806,utrecht_philips_3t
sub-035,T1w,n4_otsu,0.39272,0.09716,utrecht_philips_3t
sub-035,T1w,n4_hdbet,0.39263,0.10121,utrecht_philips_3t
sub-037,FLAIR,raw,0.29885,0.06646,utrecht_philips_3t
sub-037,FLAIR,spm12,0.29012,0.03521,utrecht_philips_3t
sub-037,FLAIR,n4_otsu,0.28886,0.02647,utrecht_philips_3t
sub-037,FLAIR,n4_hdbet,0.28622,0.02211,utrecht_philips_3t
sub-037,T1w,raw,0.429,0.12248,utrecht_philips_3t
sub-037,T1w,spm12,0.3853,0.08633,utrecht_philips_3t
sub-037,T1w,n4_otsu,0.38928,0.08556,utrecht_philips_3t
sub-037,T1w,n4_hdbet,0.37523,0.07412,utrecht_philips_3t
sub-039,FLAIR,raw,0.33767,0.07275,utrecht_philips_3t
sub-039,FLAIR,spm12,0.32579,0.04058,utrecht_philips_3t
sub-039,FLAIR,n4_otsu,0.32428,0.03542,utrecht_philips_3t
sub-039,FLAIR,n4_hdbet,0.32184,0.03318,utrecht_philips_3t
sub-039,T1w,raw,0.47612,0.13559,utrecht_philips_3t
sub-039,T1w,spm12,0.44209,0.09668,utrecht_philips_3t
sub-039,T1w,n4_otsu,0.44018,0.08987,utrecht_philips_3t
sub-039,T1w,n4_hdbet,0.43659,0.09007,utrecht_philips_3t
sub-041,FLAIR,raw,0.29698,0.07788,utrecht_philips_3t
sub-041,FLAIR,spm12,0.2866,0.03944,utrecht_philips_3t
sub-041,FLAIR,n4_otsu,0.28303,0.02865,utrecht_philips_3t
sub-041,FLAIR,n4_hdbet,0.2819,0.02702,utrecht_philips_3t
sub-041,T1w,raw,0.45786,0.15678,utrecht_philips_3t
sub-041,T1w,spm12,0.41383,0.0976,utrecht_philips_3t
sub-041,T1w,n4_otsu,0.40879,0.09231,utrecht_philips_3t
sub-041,T1w,n4_hdbet,0.40852,0.09583,utrecht_philips_3t
sub-049,FLAIR,raw,0.22166,0.09842,utrecht_philips_3t
sub-049,FLAIR,spm12,0.20765,0.03866,utrecht_philips_3t
sub-049,FLAIR,n4_otsu,0.20428,0.02603,utrecht_philips_3t
sub-049,FLAIR,n4_hdbet,0.20321,0.02604,utrecht_philips_3t
sub-049,T1w,raw,0.36717,0.14285,utrecht_philips_3t
sub-049,T1w,spm12,0.3229,0.08402,utrecht_philips_3t
sub-049,T1w,n4_otsu,0.32635,0.08821,utrecht_philips_3t
sub-049,T1w,n4_hdbet,0.31824,0.08582,utrecht_philips_3t
sub-050,FLAIR,raw,0.29424,0.04158,singapore_siemens_3t
sub-050,FLAIR,spm12,0.29446,0.0292,singapore_siemens_3t
sub-050,FLAIR,n4_otsu,0.28985,0.03119,singapore_siemens_3t
sub-050,FLAIR,n4_hdbet,0.28958,0.02267,singapore_siemens_3t
sub-050,T1w,raw,0.37375,0.10784,singapore_siemens_3t
sub-050,T1w,spm12,0.35225,0.09163,singapore_siemens_3t
sub-050,T1w,n4_otsu,0.34027,0.06511,singapore_siemens_3t
sub-050,T1w,n4_hdbet,0.3464,0.08007,singapore_siemens_3t
sub-051,FLAIR,raw,0.38566,0.03741,singapore_siemens_3t
sub-051,FLAIR,spm12,0.38531,0.02863,singapore_siemens_3t
sub-051,FLAIR,n4_otsu,0.3804,0.02214,singapore_siemens_3t
sub-051,FLAIR,n4_hdbet,0.38293,0.02099,singapore_siemens_3t
sub-051,T1w,raw,0.43452,0.16195,singapore_siemens_3t
sub-051,T1w,spm12,0.38642,0.0678,singapore_siemens_3t
sub-051,T1w,n4_otsu,0.38259,0.04384,singapore_siemens_3t
sub-051,T1w,n4_hdbet,0.377,0.04365,singapore_siemens_3t
sub-052,FLAIR,raw,0.31868,0.03113,singapore_siemens_3t
sub-052,FLAIR,spm12,0.31601,0.01626,singapore_siemens_3t
sub-052,FLAIR,n4_otsu,0.31361,0.01241,singapore_siemens_3t
sub-052,FLAIR,n4_hdbet,0.31455,0.01502,singapore_siemens_3t
sub-052,T1w,raw,0.38209,0.15404,singapore_siemens_3t
sub-052,T1w,spm12,0.3478,0.08491,singapore_siemens_3t
sub-052,T1w,n4_otsu,0.33883,0.05159,singapore_siemens_3t
sub-052,T1w,n4_hdbet,0.33961,0.05275,singapore_siemens_3t
sub-053,FLAIR,raw,0.24286,0.04423,singapore_siemens_3t
sub-053,FLAIR,spm12,0.23622,0.02049,singapore_siemens_3t
sub-053,FLAIR,n4_otsu,0.23456,0.01603,singapore_siemens_3t
sub-053,FLAIR,n4_hdbet,0.23248,0.01595,singapore_siemens_3t
sub-053,T1w,raw,0.33623,0.18015,singapore_siemens_3t
sub-053,T1w,spm12,0.29447,0.08369,singapore_siemens_3t
sub-053,T1w,n4_otsu,0.28538,0.05829,singapore_siemens_3t
sub-053,T1w,n4_hdbet,0.29223,0.07429,singapore_siemens_3t
sub-054,FLAIR,raw,0.2545,0.02896,singapore_siemens_3t
sub-054,FLAIR,spm12,0.25163,0.03139,singapore_siemens_3t
sub-054,FLAIR,n4_otsu,0.25021,0.0381,singapore_siemens_3t
sub-054,FLAIR,n4_hdbet,0.24861,0.02532,singapore_siemens_3t
sub-054,T1w,raw,0.39391,0.21059,singapore_siemens_3t
sub-054,T1w,spm12,0.30882,0.07868,singapore_siemens_3t
sub-054,T1w,n4_otsu,0.2977,0.04845,singapore_siemens_3t
sub-054,T1w,n4_hdbet,0.3027,0.05717,singapore_siemens_3t
sub-055,FLAIR,raw,0.37501,0.03665,singapore_siemens_3t
sub-055,FLAIR,spm12,0.37078,0.03748,singapore_siemens_3t
sub-055,FLAIR,n4_otsu,0.36729,0.02414,singapore_siemens_3t
sub-055,FLAIR,n4_hdbet,0.3683,0.02438,singapore_siemens_3t
sub-055,T1w,raw,0.46928,0.20133,singapore_siemens_3t
sub-055,T1w,spm12,0.40147,0.07512,singapore_siemens_3t
sub-055,T1w,n4_otsu,0.39754,0.05693,singapore_siemens_3t
sub-055,T1w,n4_hdbet,0.39305,0.04203,singapore_siemens_3t
sub-056,FLAIR,raw,0.35291,0.03322,singapore_siemens_3t
sub-056,FLAIR,spm12,0.35071,0.01953,singapore_siemens_3t
sub-056,FLAIR,n4_otsu,0.34488,0.01482,singapore_siemens_3t
sub-056,FLAIR,n4_hdbet,0.3469,0.01636,singapore_siemens_3t
sub-056,T1w,raw,0.39973,0.15232,singapore_siemens_3t
sub-056,T1w,spm12,0.3642,0.07403,singapore_siemens_3t
sub-056,T1w,n4_otsu,0.35975,0.06328,singapore_siemens_3t
sub-056,T1w,n4_hdbet,0.35788,0.04469,singapore_siemens_3t
sub-057,FLAIR,raw,0.43091,0.0954,singapore_siemens_3t
sub-057,FLAIR,spm12,0.42377,0.03842,singapore_siemens_3t
sub-057,FLAIR,n4_otsu,0.4188,0.02235,singapore_siemens_3t
sub-057,FLAIR,n4_hdbet,0.42085,0.02192,singapore_siemens_3t
sub-057,T1w,raw,0.45953,0.16197,singapore_siemens_3t
sub-057,T1w,spm12,0.42756,0.08561,singapore_siemens_3t
sub-057,T1w,n4_otsu,0.42404,0.09645,singapore_siemens_3t
sub-057,T1w,n4_hdbet,0.41799,0.0459,singapore_siemens_3t
sub-058,FLAIR,raw,0.33692,0.02522,singapore_siemens_3t
sub-058,FLAIR,spm12,0.32927,0.03004,singapore_siemens_3t
sub-058,FLAIR,n4_otsu,0.32395,0.01646,singapore_siemens_3t
sub-058,FLAIR,n4_hdbet,0.32535,0.01654,singapore_siemens_3t
sub-058,T1w,raw,0.43167,0.19652,singapore_siemens_3t
sub-058,T1w,spm12,0.3549,0.08456,singapore_siemens_3t
sub-058,T1w,n4_otsu,0.34582,0.0527,singapore_siemens_3t
sub-058,T1w,n4_hdbet,0.34404,0.04842,singapore_siemens_3t
sub-059,FLAIR,raw,0.40095,0.06505,singapore_siemens_3t
sub-059,FLAIR,spm12,0.39789,0.03012,singapore_siemens_3t
sub-059,FLAIR,n4_otsu,0.39427,0.02014,singapore_siemens_3t
sub-059,FLAIR,n4_hdbet,0.39622,0.01862,singapore_siemens_3t
sub-059,T1w,raw,0.43383,0.15202,singapore_siemens_3t
sub-059,T1w,spm12,0.39146,0.07493,singapore_siemens_3t
sub-059,T1w,n4_otsu,0.38508,0.04314,singapore_siemens_3t
sub-059,T1w,n4_hdbet,0.38255,0.04422,singapore_siemens_3t
sub-060,FLAIR,raw,0.38651,0.05003,singapore_siemens_3t
sub-060,FLAIR,spm12,0.38258,0.03815,singapore_siemens_3t
sub-060,FLAIR,n4_otsu,0.37865,0.0267,singapore_siemens_3t
sub-060,FLAIR,n4_hdbet,0.3794,0.02358,singapore_siemens_3t
sub-060,T1w,raw,0.43778,0.16829,singapore_siemens_3t
sub-060,T1w,spm12,0.39598,0.08513,singapore_siemens_3t
sub-060,T1w,n4_otsu,0.39308,0.08606,singapore_siemens_3t
sub-060,T1w,n4_hdbet,0.38888,0.04802,singapore_siemens_3t
sub-061,FLAIR,raw,0.30944,0.0354,singapore_siemens_3t
sub-061,FLAIR,spm12,0.30547,0.04083,singapore_siemens_3t
sub-061,FLAIR,n4_otsu,0.30141,0.03163,singapore_siemens_3t
sub-061,FLAIR,n4_hdbet,0.30293,0.0348,singapore_siemens_3t
sub-061,T1w,raw,0.43555,0.22297,singapore_siemens_3t
sub-061,T1w,spm12,0.33315,0.08721,singapore_siemens_3t
sub-061,T1w,n4_otsu,0.32549,0.05836,singapore_siemens_3t
sub-061,T1w,n4_hdbet,0.32266,0.05595,singapore_siemens_3t
sub-062,FLAIR,raw,0.38934,0.06516,singapore_siemens_3t
sub-062,FLAIR,spm12,0.38629,0.05173,singapore_siemens_3t
sub-062,FLAIR,n4_otsu,0.38273,0.05218,singapore_siemens_3t
sub-062,FLAIR,n4_hdbet,0.38474,0.05413,singapore_siemens_3t
sub-062,T1w,raw,0.43136,0.19097,singapore_siemens_3t
sub-062,T1w,spm12,0.37071,0.07976,singapore_siemens_3t
sub-062,T1w,n4_otsu,0.36469,0.05038,singapore_siemens_3t
sub-062,T1w,n4_hdbet,0.36143,0.05139,singapore_siemens_3t
sub-063,FLAIR,raw,0.43007,0.05118,singapore_siemens_3t
sub-063,FLAIR,spm12,0.41255,0.03357,singapore_siemens_3t
sub-063,FLAIR,n4_otsu,0.40478,0.02129,singapore_siemens_3t
sub-063,FLAIR,n4_hdbet,0.40663,0.02493,singapore_siemens_3t
sub-063,T1w,raw,0.42631,0.12633,singapore_siemens_3t
sub-063,T1w,spm12,0.3926,0.06597,singapore_siemens_3t
sub-063,T1w,n4_otsu,0.38669,0.04828,singapore_siemens_3t
sub-063,T1w,n4_hdbet,0.38639,0.04503,singapore_siemens_3t
sub-064,FLAIR,raw,0.32945,0.07171,singapore_siemens_3t
sub-064,FLAIR,spm12,0.32538,0.03692,singapore_siemens_3t
sub-064,FLAIR,n4_otsu,0.3226,0.02132,singapore_siemens_3t
sub-064,FLAIR,n4_hdbet,0.32393,0.0176,singapore_siemens_3t
sub-064,T1w,raw,0.43616,0.19068,singapore_siemens_3t
sub-064,T1w,spm12,0.38384,0.09223,singapore_siemens_3t
sub-064,T1w,n4_otsu,0.37671,0.06765,singapore_siemens_3t
sub-064,T1w,n4_hdbet,0.37408,0.05827,singapore_siemens_3t
sub-065,FLAIR,raw,0.3919,0.07615,singapore_siemens_3t
sub-065,FLAIR,spm12,0.38553,0.03976,singapore_siemens_3t
sub-065,FLAIR,n4_otsu,0.38283,0.03919,singapore_siemens_3t
sub-065,FLAIR,n4_hdbet,0.38379,0.01919,singapore_siemens_3t
sub-065,T1w,raw,0.45325,0.18161,singapore_siemens_3t
sub-065,T1w,spm12,0.39478,0.08763,singapore_siemens_3t
sub-065,T1w,n4_otsu,0.3912,0.05612,singapore_siemens_3t
sub-065,T1w,n4_hdbet,0.38499,0.04992,singapore_siemens_3t
sub-066,FLAIR,raw,0.34716,0.0622,singapore_siemens_3t
sub-066,FLAIR,spm12,0.34221,0.02792,singapore_siemens_3t
sub-066,FLAIR,n4_otsu,0.33894,0.02269,singapore_siemens_3t
sub-066,FLAIR,n4_hdbet,0.34048,0.01513,singapore_siemens_3t
sub-066,T1w,raw,0.42092,0.17594,singapore_siemens_3t
sub-066,T1w,spm12,0.36789,0.07322,singapore_siemens_3t
sub-066,T1w,n4_otsu,0.36408,0.04786,singapore_siemens_3t
sub-066,T1w,n4_hdbet,0.36109,0.04595,singapore_siemens_3t
sub-067,FLAIR,raw,0.39289,0.05447,singapore_siemens_3t
sub-067,FLAIR,spm12,0.38528,0.03544,singapore_siemens_3t
sub-067,FLAIR,n4_otsu,0.37851,0.02225,singapore_siemens_3t
sub-067,FLAIR,n4_hdbet,0.381,0.02824,singapore_siemens_3t
sub-067,T1w,raw,0.46444,0.23583,singapore_siemens_3t
sub-067,T1w,spm12,0.38171,0.08844,singapore_siemens_3t
sub-067,T1w,n4_otsu,0.37776,0.07771,singapore_siemens_3t
sub-067,T1w,n4_hdbet,0.37264,0.05332,singapore_siemens_3t
sub-068,FLAIR,raw,0.36399,0.05049,singapore_siemens_3t
sub-068,FLAIR,spm12,0.3567,0.02708,singapore_siemens_3t
sub-068,FLAIR,n4_otsu,0.35582,0.04284,singapore_siemens_3t
sub-068,FLAIR,n4_hdbet,0.35381,0.02719,singapore_siemens_3t
sub-068,T1w,raw,0.42714,0.18708,singapore_siemens_3t
sub-068,T1w,spm12,0.38516,0.0983,singapore_siemens_3t
sub-068,T1w,n4_otsu,0.38178,0.0918,singapore_siemens_3t
sub-068,T1w,n4_hdbet,0.37331,0.04849,singapore_siemens_3t
sub-069,FLAIR,raw,0.40466,0.06327,singapore_siemens_3t
sub-069,FLAIR,spm12,0.39181,0.01795,singapore_siemens_3t
sub-069,FLAIR,n4_otsu,0.3887,0.02296,singapore_siemens_3t
sub-069,FLAIR,n4_hdbet,0.39013,0.01976,singapore_siemens_3t
sub-069,T1w,raw,0.46472,0.18544,singapore_siemens_3t
sub-069,T1w,spm12,0.39013,0.0719,singapore_siemens_3t
sub-069,T1w,n4_otsu,0.38572,0.04245,singapore_siemens_3t
sub-069,T1w,n4_hdbet,0.38116,0.03892,singapore_siemens_3t
sub-100,FLAIR,raw,0.27558,0.04582,amsterdam_ge_3t
sub-100,FLAIR,spm12,0.24587,0.0232,amsterdam_ge_3t
sub-100,FLAIR,n4_otsu,0.24212,0.01351,amsterdam_ge_3t
sub-100,FLAIR,n4_hdbet,0.24213,0.0136,amsterdam_ge_3t
sub-100,T1w,raw,0.3583,0.1345,amsterdam_ge_3t
sub-100,T1w,spm12,0.32733,0.09512,amsterdam_ge_3t
sub-100,T1w,n4_otsu,0.3249,0.08565,amsterdam_ge_3t
sub-100,T1w,n4_hdbet,0.31889,0.08112,amsterdam_ge_3t
sub-101,FLAIR,raw,0.3696,0.09132,amsterdam_ge_3t
sub-101,FLAIR,spm12,0.3462,0.03283,amsterdam_ge_3t
sub-101,FLAIR,n4_otsu,0.34192,0.02363,amsterdam_ge_3t
sub-101,FLAIR,n4_hdbet,0.34154,0.01735,amsterdam_ge_3t
sub-101,T1w,raw,0.43232,0.15153,amsterdam_ge_3t
sub-101,T1w,spm12,0.40396,0.09241,amsterdam_ge_3t
sub-101,T1w,n4_otsu,0.40125,0.08469,amsterdam_ge_3t
sub-101,T1w,n4_hdbet,0.39605,0.07366,amsterdam_ge_3t
sub-102,FLAIR,raw,0.30317,0.02352,amsterdam_ge_3t
sub-102,FLAIR,spm12,0.28869,0.04068,amsterdam_ge_3t
sub-102,FLAIR,n4_otsu,0.28295,0.01457,amsterdam_ge_3t
sub-102,FLAIR,n4_hdbet,0.28274,0.01418,amsterdam_ge_3t
sub-102,T1w,raw,0.36355,0.09426,amsterdam_ge_3t
sub-102,T1w,spm12,0.34549,0.08446,amsterdam_ge_3t
sub-102,T1w,n4_otsu,0.34373,0.07174,amsterdam_ge_3t
sub-102,T1w,n4_hdbet,0.34048,0.0767,amsterdam_ge_3t
sub-103,FLAIR,raw,0.32363,0.0889,amsterdam_ge_3t
sub-103,FLAIR,spm12,0.29995,0.02136,amsterdam_ge_3t
sub-103,FLAIR,n4_otsu,0.2962,0.01524,amsterdam_ge_3t
sub-103,FLAIR,n4_hdbet,0.29578,0.01441,amsterdam_ge_3t
sub-103,T1w,raw,0.35498,0.11163,amsterdam_ge_3t
sub-103,T1w,spm12,0.32417,0.06173,amsterdam_ge_3t
sub-103,T1w,n4_otsu,0.33107,0.06798,amsterdam_ge_3t
sub-103,T1w,n4_hdbet,0.31289,0.03264,amsterdam_ge_3t
sub-104,FLAIR,raw,0.39214,0.06129,amsterdam_ge_3t
sub-104,FLAIR,spm12,0.36654,0.02066,amsterdam_ge_3t
sub-104,FLAIR,n4_otsu,0.36188,0.03628,amsterdam_ge_3t
sub-104,FLAIR,n4_hdbet,0.36286,0.01866,amsterdam_ge_3t
sub-104,T1w,raw,0.42134,0.06795,amsterdam_ge_3t
sub-104,T1w,spm12,0.4017,0.07583,amsterdam_ge_3t
sub-104,T1w,n4_otsu,0.39808,0.05956,amsterdam_ge_3t
sub-104,T1w,n4_hdbet,0.39047,0.03654,amsterdam_ge_3t
sub-105,FLAIR,raw,0.41479,0.07744,amsterdam_ge_3t
sub-105,FLAIR,spm12,0.39186,0.01697,amsterdam_ge_3t
sub-105,FLAIR,n4_otsu,0.38884,0.01431,amsterdam_ge_3t
sub-105,FLAIR,n4_hdbet,0.38889,0.01183,amsterdam_ge_3t
sub-105,T1w,raw,0.44738,0.10815,amsterdam_ge_3t
sub-105,T1w,spm12,0.43059,0.0766,amsterdam_ge_3t
sub-105,T1w,n4_otsu,0.43208,0.078,amsterdam_ge_3t
sub-105,T1w,n4_hdbet,0.42249,0.04569,amsterdam_ge_3t
sub-106,FLAIR,raw,0.32147,0.04057,amsterdam_ge_3t
sub-106,FLAIR,spm12,0.30502,0.04164,amsterdam_ge_3t
sub-106,FLAIR,n4_otsu,0.29957,0.0225,amsterdam_ge_3t
sub-106,FLAIR,n4_hdbet,0.29951,0.02297,amsterdam_ge_3t
sub-106,T1w,raw,0.39519,0.12095,amsterdam_ge_3t
sub-106,T1w,spm12,0.37053,0.09356,amsterdam_ge_3t
sub-106,T1w,n4_otsu,0.37148,0.09022,amsterdam_ge_3t
sub-106,T1w,n4_hdbet,0.36832,0.09513,amsterdam_ge_3t
sub-107,FLAIR,raw,0.35491,0.05675,amsterdam_ge_3t
sub-107,FLAIR,spm12,0.33599,0.01646,amsterdam_ge_3t
sub-107,FLAIR,n4_otsu,0.33563,0.01593,amsterdam_ge_3t
sub-107,FLAIR,n4_hdbet,0.33514,0.01508,amsterdam_ge_3t
sub-107,T1w,raw,0.38135,0.10676,amsterdam_ge_3t
sub-107,T1w,spm12,0.35512,0.07088,amsterdam_ge_3t
sub-107,T1w,n4_otsu,0.35572,0.06464,amsterdam_ge_3t
sub-107,T1w,n4_hdbet,0.34667,0.0496,amsterdam_ge_3t
sub-108,FLAIR,raw,0.31241,0.04094,amsterdam_ge_3t
sub-108,FLAIR,spm12,0.29843,0.02879,amsterdam_ge_3t
sub-108,FLAIR,n4_otsu,0.29358,0.02417,amsterdam_ge_3t
sub-108,FLAIR,n4_hdbet,0.29369,0.01733,amsterdam_ge_3t
sub-108,T1w,raw,0.37507,0.09274,amsterdam_ge_3t
sub-108,T1w,spm12,0.3595,0.07537,amsterdam_ge_3t
sub-108,T1w,n4_otsu,0.3544,0.0628,amsterdam_ge_3t
sub-108,T1w,n4_hdbet,0.35555,0.06997,amsterdam_ge_3t
sub-109,FLAIR,raw,0.37198,0.06789,amsterdam_ge_3t
sub-109,FLAIR,spm12,0.3487,0.03447,amsterdam_ge_3t
sub-109,FLAIR,n4_otsu,0.34578,0.01862,amsterdam_ge_3t
sub-109,FLAIR,n4_hdbet,0.34627,0.01839,amsterdam_ge_3t
sub-109,T1w,raw,0.40203,0.09655,amsterdam_ge_3t
sub-109,T1w,spm12,0.39071,0.07345,amsterdam_ge_3t
sub-109,T1w,n4_otsu,0.39021,0.06866,amsterdam_ge_3t
sub-109,T1w,n4_hdbet,0.37984,0.03809,amsterdam_ge_3t
sub-110,FLAIR,raw,0.34455,0.0678,amsterdam_ge_3t
sub-110,FLAIR,spm12,0.3155,0.02989,amsterdam_ge_3t
sub-110,FLAIR,n4_otsu,0.31026,0.02213,amsterdam_ge_3t
sub-110,FLAIR,n4_hdbet,0.30951,0.01283,amsterdam_ge_3t
sub-110,T1w,raw,0.39499,0.14405,amsterdam_ge_3t
sub-110,T1w,spm12,0.37358,0.09101,amsterdam_ge_3t
sub-110,T1w,n4_otsu,0.36706,0.06716,amsterdam_ge_3t
sub-110,T1w,n4_hdbet,0.3688,0.07302,amsterdam_ge_3t
sub-112,FLAIR,raw,0.34824,0.06052,amsterdam_ge_3t
sub-112,FLAIR,spm12,0.33424,0.02671,amsterdam_ge_3t
sub-112,FLAIR,n4_otsu,0.3327,0.02093,amsterdam_ge_3t
sub-112,FLAIR,n4_hdbet,0.33258,0.02074,amsterdam_ge_3t
sub-112,T1w,raw,0.39637,0.10475,amsterdam_ge_3t
sub-112,T1w,spm12,0.37851,0.08349,amsterdam_ge_3t
sub-112,T1w,n4_otsu,0.37758,0.07132,amsterdam_ge_3t
sub-112,T1w,n4_hdbet,0.37417,0.0755,amsterdam_ge_3t
sub-113,FLAIR,raw,0.33308,0.0554,amsterdam_ge_3t
sub-113,FLAIR,spm12,0.31669,0.01574,amsterdam_ge_3t
sub-113,FLAIR,n4_otsu,0.3149,0.01715,amsterdam_ge_3t
sub-113,FLAIR,n4_hdbet,0.31476,0.01647,amsterdam_ge_3t
sub-113,T1w,raw,0.36977,0.08804,amsterdam_ge_3t
sub-113,T1w,spm12,0.35739,0.07976,amsterdam_ge_3t
sub-113,T1w,n4_otsu,0.35403,0.06582,amsterdam_ge_3t
sub-113,T1w,n4_hdbet,0.34571,0.04679,amsterdam_ge_3t
sub-114,FLAIR,raw,0.31806,0.05918,amsterdam_ge_3t
sub-114,FLAIR,spm12,0.29689,0.01249,amsterdam_ge_3t
sub-114,FLAIR,n4_otsu,0.29427,0.0155,amsterdam_ge_3t
sub-114,FLAIR,n4_hdbet,0.29403,0.01586,amsterdam_ge_3t
sub-114,T1w,raw,0.38122,0.0995,amsterdam_ge_3t
sub-114,T1w,spm12,0.35762,0.07388,amsterdam_ge_3t
sub-114,T1w,n4_otsu,0.36704,0.08834,amsterdam_ge_3t
sub-114,T1w,n4_hdbet,0.34552,0.04725,amsterdam_ge_3t
sub-115,FLAIR,raw,0.31296,0.08179,amsterdam_ge_3t
sub-115,FLAIR,spm12,0.29292,0.02367,amsterdam_ge_3t
sub-115,FLAIR,n4_otsu,0.29085,0.01587,amsterdam_ge_3t
sub-115,FLAIR,n4_hdbet,0.2904,0.01404,amsterdam_ge_3t
sub-115,T1w,raw,0.36336,0.11597,amsterdam_ge_3t
sub-115,T1w,spm12,0.34393,0.08172,amsterdam_ge_3t
sub-115,T1w,n4_otsu,0.33794,0.06016,amsterdam_ge_3t
sub-115,T1w,n4_hdbet,0.3312,0.04915,amsterdam_ge_3t
sub-116,FLAIR,raw,0.35611,0.09954,amsterdam_ge_3t
sub-116,FLAIR,spm12,0.31468,0.02733,amsterdam_ge_3t
sub-116,FLAIR,n4_otsu,0.31273,0.02681,amsterdam_ge_3t
sub-116,FLAIR,n4_hdbet,0.31142,0.02261,amsterdam_ge_3t
sub-116,T1w,raw,0.37265,0.13608,amsterdam_ge_3t
sub-116,T1w,spm12,0.3496,0.08611,amsterdam_ge_3t
sub-116,T1w,n4_otsu,0.34917,0.07934,amsterdam_ge_3t
sub-116,T1w,n4_hdbet,0.33973,0.06076,amsterdam_ge_3t
sub-126,FLAIR,raw,0.43236,0.09179,amsterdam_ge_3t
sub-126,FLAIR,spm12,0.40666,0.03281,amsterdam_ge_3t
sub-126,FLAIR,n4_otsu,0.39943,0.01679,amsterdam_ge_3t
sub-126,FLAIR,n4_hdbet,0.4002,0.01774,amsterdam_ge_3t
sub-126,T1w,raw,0.43636,0.0817,amsterdam_ge_3t
sub-126,T1w,spm12,0.41872,0.06906,amsterdam_ge_3t
sub-126,T1w,n4_otsu,0.41294,0.0386,amsterdam_ge_3t
sub-126,T1w,n4_hdbet,0.40919,0.02864,amsterdam_ge_3t
sub-132,FLAIR,raw,0.43543,0.07025,amsterdam_ge_3t
sub-132,FLAIR,spm12,0.41252,0.02436,amsterdam_ge_3t
sub-132,FLAIR,n4_otsu,0.41138,0.01568,amsterdam_ge_3t
sub-132,FLAIR,n4_hdbet,0.41139,0.01507,amsterdam_ge_3t
sub-132,T1w,raw,0.42244,0.07804,amsterdam_ge_3t
sub-132,T1w,spm12,0.41255,0.06651,amsterdam_ge_3t
sub-132,T1w,n4_otsu,0.41104,0.05872,amsterdam_ge_3t
sub-132,T1w,n4_hdbet,0.40522,0.05084,amsterdam_ge_3t
sub-137,FLAIR,raw,0.33942,0.0496,amsterdam_ge_3t
sub-137,FLAIR,spm12,0.322,0.02628,amsterdam_ge_3t
sub-137,FLAIR,n4_otsu,0.31954,0.01484,amsterdam_ge_3t
sub-137,FLAIR,n4_hdbet,0.31957,0.01513,amsterdam_ge_3t
sub-137,T1w,raw,0.36827,0.11301,amsterdam_ge_3t
sub-137,T1w,spm12,0.34522,0.08151,amsterdam_ge_3t
sub-137,T1w,n4_otsu,0.34049,0.06536,amsterdam_ge_3t
sub-137,T1w,n4_hdbet,0.33325,0.05563,amsterdam_ge_3t
sub-144,FLAIR,raw,0.30036,0.04209,amsterdam_ge_3t
sub-144,FLAIR,spm12,0.28202,0.01973,amsterdam_ge_3t
sub-144,FLAIR,n4_otsu,0.28083,0.01663,amsterdam_ge_3t
sub-144,FLAIR,n4_hdbet,0.2806,0.01397,amsterdam_ge_3t
sub-144,T1w,raw,0.36143,0.12116,amsterdam_ge_3t
sub-144,T1w,spm12,0.34139,0.08068,amsterdam_ge_3t
sub-144,T1w,n4_otsu,0.3386,0.06421,amsterdam_ge_3t
sub-144,T1w,n4_hdbet,0.33181,0.0564,amsterdam_ge_3t
