participant_id,scanner,split,seen_in_training,scale,FLAIR_nawm_p5,FLAIR_nawm_p25,FLAIR_nawm_p50,FLAIR_nawm_p75,FLAIR_nawm_p95,FLAIR_nawm_iqr,FLAIR_nawm_skew,FLAIR_nawm_kurtosis,FLAIR_cortex_p50,FLAIR_gm_minus_wm,T1w_nawm_p5,T1w_nawm_p25,T1w_nawm_p50,T1w_nawm_p75,T1w_nawm_p95,T1w_nawm_iqr,T1w_nawm_skew,T1w_nawm_kurtosis,T1w_cortex_p50,T1w_gm_minus_wm
sub-000,utrecht_philips_3t,training,True,none,0.75123,0.84113,0.89446,0.95025,1.0537,0.10912,0.31976,7.5587,0.95409,0.059631,0.7611,0.99324,1.1123,1.1768,1.2341,0.18357,-1.5252,3.0991,0.72896,-0.3833
sub-000,utrecht_philips_3t,training,True,zscore,-0.69381,-0.19953,0.093682,0.40042,0.96932,0.59994,0.31976,7.5587,0.42153,0.32785,-0.016399,0.52444,0.80172,0.95211,1.0855,0.42767,-1.5252,3.0991,-0.091262,-0.89298
sub-001,utrecht_philips_3t,test,True,none,0.96246,1.0746,1.1361,1.199,1.3065,0.12444,0.28231,10.91,1.1112,-0.024869,0.72363,0.91166,1.0206,1.0941,1.1637,0.18246,-1.2965,2.7259,0.73338,-0.28725
sub-001,utrecht_philips_3t,test,True,zscore,-0.54267,-0.0077154,0.28562,0.58598,1.0986,0.59369,0.28231,10.91,0.16697,-0.11865,-0.16037,0.40602,0.73427,0.95563,1.1653,0.54961,-1.2965,2.7259,-0.131,-0.86526
sub-002,utrecht_philips_3t,training,True,none,0.68954,0.76747,0.81741,0.86956,0.97255,0.1021,0.72692,4.7026,0.88995,0.072532,1.0267,1.3441,1.5218,1.6075,1.6841,0.26342,-1.4651,2.6691,0.97559,-0.54619
sub-002,utrecht_philips_3t,training,True,zscore,-0.99941,-0.43198,-0.06827,0.31146,1.0614,0.74344,0.72692,4.7026,0.45988,0.52815,-0.14812,0.45099,0.78634,0.94822,1.0927,0.49723,-1.4651,2.6691,-0.24464,-1.031
sub-003,utrecht_philips_3t,test,True,none,0.593,0.66751,0.71573,0.76804,0.8616,0.10053,-0.12106,8.0488,0.74962,0.033881,0.74551,0.99554,1.1053,1.1706,1.2475,0.17506,-1.3742,2.4037,0.75057,-0.35477
sub-003,utrecht_philips_3t,test,True,zscore,-0.86233,-0.2949,0.072391,0.47075,1.1833,0.76566,-0.12106,8.0488,0.33043,0.25804,-0.22083,0.45131,0.74648,0.92192,1.1286,0.4706,-1.3742,2.4037,-0.20724,-0.95372
sub-004,utrecht_philips_3t,training,True,none,0.70777,0.796,0.85956,0.93259,1.0797,0.13659,1.1739,4.5288,0.92032,0.060761,0.94539,1.2622,1.4262,1.5177,1.6073,0.25554,-1.2599,1.7065,0.96706,-0.4591
sub-004,utrecht_philips_3t,training,True,zscore,-1.1996,-0.58838,-0.14805,0.35788,1.3772,0.94626,1.1739,4.5288,0.27288,0.42093,-0.27763,0.48945,0.88657,1.1082,1.3252,0.6188,-1.2599,1.7065,-0.22518,-1.1117
sub-005,utrecht_philips_3t,test,True,none,0.79569,0.88411,0.9403,0.99591,1.082,0.11181,0.055149,2.6378,1.0342,0.093882,1.4515,1.7982,1.9534,2.0285,2.1058,0.23032,-1.5274,2.8835,1.2575,-0.69588
sub-005,utrecht_philips_3t,test,True,zscore,-1.4508,-0.72857,-0.26959,0.18473,0.88796,0.9133,0.055149,2.6378,0.4973,0.76689,-0.058156,0.553,0.8266,0.95903,1.0953,0.40603,-1.5274,2.8835,-0.40014,-1.2267
sub-006,utrecht_philips_3t,training,True,none,0.82816,0.92002,0.97682,1.0338,1.1207,0.11382,-0.53992,3.5193,1.0626,0.085745,1.1567,1.4607,1.6443,1.7362,1.8107,0.27551,-1.5538,3.4839,1.0772,-0.56716
sub-006,utrecht_philips_3t,training,True,zscore,-1.0367,-0.43952,-0.070312,0.30042,0.86518,0.73993,-0.53992,3.5193,0.48711,0.55742,-0.074454,0.47708,0.81016,0.97688,1.112,0.4998,-1.5538,3.4839,-0.21872,-1.0289
sub-007,utrecht_philips_3t,test,True,none,1.0116,1.1166,1.179,1.242,1.3622,0.12548,1.3304,10.238,1.2617,0.082697,0.95801,1.2277,1.3809,1.4621,1.5271,0.23439,-1.3163,1.9137,0.88456,-0.49636
sub-007,utrecht_philips_3t,test,True,zscore,-1.1091,-0.46324,-0.079163,0.30866,1.0478,0.7719,1.3304,10.238,0.42955,0.50871,-0.076257,0.55163,0.90828,1.0973,1.2486,0.54566,-1.3163,1.9137,-0.24724,-1.1555
sub-008,utrecht_philips_3t,training,True,none,0.71568,0.80232,0.86161,0.92051,1.0088,0.11819,0.031953,1.0594,0.9823,0.12069,1.3489,1.6448,1.7752,1.8359,1.8996,0.1911,-1.746,4.2281,1.128,-0.64717
sub-008,utrecht_philips_3t,training,True,zscore,-1.2104,-0.62866,-0.23053,0.16495,0.75759,0.7936,0.031953,1.0594,0.57985,0.81038,0.030651,0.54361,0.7697,0.87493,0.98529,0.33132,-1.746,4.2281,-0.35231,-1.122
sub-009,utrecht_philips_3t,test,True,none,0.95297,1.1265,1.2932,1.53,1.824,0.40353,0.36824,-0.040452,1.1482,-0.14499,0.71174,0.9002,1.0235,1.1415,1.2469,0.24126,-0.6819,0.68891,0.84737,-0.1761
sub-009,utrecht_philips_3t,test,True,zscore,-1.0079,-0.17368,0.62811,1.7666,3.1802,1.9403,0.36824,-0.040452,-0.069032,-0.69714,-0.59407,0.14307,0.6252,1.0867,1.4992,0.94366,-0.6819,0.68891,-0.063602,-0.6888
sub-010,utrecht_philips_3t,test,True,none,0.68446,0.77532,0.83584,0.9005,1.0102,0.12518,0.049932,4.1869,0.95203,0.1162,1.2609,1.6087,1.8004,1.89,1.9666,0.28129,-1.4708,2.6251,1.1076,-0.69287
sub-010,utrecht_philips_3t,test,True,zscore,-1.2307,-0.63209,-0.23343,0.19261,0.91527,0.8247,0.049932,4.1869,0.53211,0.76554,-0.079571,0.49658,0.81426,0.96262,1.0896,0.46604,-1.4708,2.6251,-0.33366,-1.1479
sub-011,utrecht_philips_3t,training,True,none,0.68548,0.77071,0.82895,0.8882,0.97982,0.11749,1.5201,13.812,0.91299,0.084037,1.1056,1.3465,1.4795,1.5485,1.6094,0.20196,-1.4543,2.7873,0.9878,-0.49174
sub-011,utrecht_philips_3t,training,True,zscore,-0.94901,-0.40976,-0.041287,0.3336,0.91327,0.74336,1.5201,13.812,0.49041,0.5317,0.027496,0.52294,0.79642,0.93823,1.0634,0.41529,-1.4543,2.7873,-0.21476,-1.0112
sub-012,utrecht_philips_3t,test,True,none,0.74642,0.84494,0.90622,0.96615,1.0582,0.12121,0.064029,1.5756,1.0346,0.12838,1.8708,2.2663,2.47,2.5609,2.6451,0.29456,-1.6063,3.5628,1.6252,-0.8448
sub-012,utrecht_philips_3t,test,True,zscore,-1.4337,-0.73973,-0.30806,0.11408,0.76244,0.85381,0.064029,1.5756,0.59622,0.90428,-0.060985,0.50819,0.80129,0.93212,1.0533,0.42393,-1.6063,3.5628,-0.41455,-1.2158
sub-013,utrecht_philips_3t,test,True,none,0.91859,1.0177,1.0847,1.1629,1.3322,0.14518,1.1737,5.5314,1.1088,0.024186,1.0109,1.3119,1.4453,1.5255,1.6004,0.21362,-1.4777,2.6789,1.0088,-0.43644
sub-013,utrecht_philips_3t,test,True,zscore,-0.93887,-0.34402,0.057442,0.52697,1.5428,0.87099,1.1737,5.5314,0.20255,0.14511,-0.23871,0.46228,0.77284,0.95976,1.1342,0.49748,-1.4777,2.6789,-0.24353,-1.0164
sub-014,utrecht_philips_3t,test,True,none,0.96539,1.0628,1.1272,1.1959,1.3162,0.13315,0.24773,2.9809,1.2018,0.074563,1.0193,1.3012,1.4454,1.5188,1.5919,0.21767,-1.3531,2.0954,0.97126,-0.47416
sub-014,utrecht_philips_3t,test,True,zscore,-1.2089,-0.55625,-0.12421,0.33624,1.1425,0.89249,0.24773,2.9809,0.37556,0.49978,-0.1979,0.49762,0.85352,1.0346,1.2149,0.53702,-1.3531,2.0954,-0.3163,-1.1698
sub-015,utrecht_philips_3t,test,True,none,0.72447,0.8219,0.882,0.94153,1.0365,0.11963,0.24158,4.7537,0.93672,0.054719,0.86317,1.0998,1.2253,1.2977,1.3638,0.19793,-1.3894,2.4846,0.84927,-0.37605
sub-015,utrecht_philips_3t,test,True,zscore,-0.83702,-0.2825,0.059528,0.39837,0.93871,0.68087,0.24158,4.7537,0.37096,0.31144,-0.085283,0.48517,0.78782,0.96237,1.1216,0.4772,-1.3894,2.4846,-0.11879,-0.90661
sub-016,utrecht_philips_3t,test,True,none,0.84628,0.94491,1.0082,1.0727,1.1781,0.12777,0.35187,3.4382,1.1088,0.10065,1.088,1.3759,1.508,1.5777,1.6551,0.20179,-1.5317,3.1874,0.97525,-0.53275
sub-016,utrecht_philips_3t,test,True,zscore,-1.2999,-0.63219,-0.20392,0.23281,0.94631,0.865,0.35187,3.4382,0.47749,0.68142,-0.13694,0.49714,0.78796,0.94151,1.1118,0.44436,-1.5317,3.1874,-0.38521,-1.1732
sub-017,utrecht_philips_3t,training,True,none,0.87346,0.96732,1.0283,1.09,1.187,0.12269,0.023258,3.793,1.1147,0.086455,1.1492,1.4303,1.59,1.6728,1.7477,0.24249,-1.4757,2.994,1.072,-0.51795
sub-017,utrecht_philips_3t,training,True,zscore,-0.94418,-0.39784,-0.043093,0.31632,0.88063,0.71416,0.023258,3.793,0.46013,0.50323,-0.028187,0.50118,0.80188,0.95787,1.0988,0.45669,-1.4757,2.994,-0.17357,-0.97544
sub-018,utrecht_philips_3t,test,True,none,0.85019,0.95082,1.014,1.0767,1.1727,0.1259,0.13981,2.7548,1.0902,0.07617,1.3129,1.7102,1.9232,2.0091,2.0834,0.29897,-1.574,2.9872,1.2111,-0.71205
sub-018,utrecht_philips_3t,test,True,zscore,-1.278,-0.57719,-0.13718,0.29977,0.96854,0.87696,0.13981,2.7548,0.39337,0.53055,-0.22005,0.44133,0.79599,0.93912,1.0627,0.4978,-1.574,2.9872,-0.3896,-1.1856
sub-019,utrecht_philips_3t,training,True,none,0.76465,0.86174,0.92363,0.9923,1.1924,0.13056,2.5276,10.15,0.99919,0.075558,0.84797,1.1379,1.2841,1.3692,1.4439,0.23124,-1.5407,3.0599,0.86923,-0.41488
sub-019,utrecht_philips_3t,training,True,zscore,-0.88816,-0.35504,-0.015159,0.36188,1.4605,0.71692,2.5276,10.15,0.39974,0.4149,-0.2234,0.45611,0.79868,0.998,1.1732,0.5419,-1.5407,3.0599,-0.17358,-0.97226
sub-020,utrecht_philips_3t,test,True,none,1.0209,1.1545,1.2229,1.2983,1.4895,0.14379,0.82523,5.883,1.1832,-0.039639,0.76679,1.0597,1.1896,1.2636,1.3384,0.20386,-1.7141,4.0557,0.86864,-0.32095
sub-020,utrecht_philips_3t,test,True,zscore,-0.74345,-0.054868,0.29756,0.68623,1.6721,0.7411,0.82523,5.883,0.093266,-0.2043,-0.41927,0.37313,0.72454,0.92465,1.127,0.55151,-1.7141,4.0557,-0.14374,-0.86828
sub-021,utrecht_philips_3t,training,True,none,0.82064,0.92011,0.97913,1.0411,1.1576,0.12098,0.091185,6.3579,0.99644,0.017309,0.88266,1.1276,1.2252,1.2895,1.3654,0.16186,-1.5404,3.4711,0.90327,-0.32189
sub-021,utrecht_philips_3t,training,True,zscore,-0.65405,-0.13135,0.1788,0.50437,1.1168,0.63571,0.091185,6.3579,0.26976,0.090956,-0.12621,0.49831,0.74711,0.91103,1.1048,0.41272,-1.5404,3.4711,-0.073662,-0.82077
sub-022,utrecht_philips_3t,test,True,none,0.76522,0.88953,0.95207,1.018,1.1414,0.12842,-0.21704,4.5339,0.9793,0.027228,0.58184,0.73972,0.80595,0.84953,0.90155,0.10982,-1.4504,3.0811,0.55638,-0.24957
sub-022,utrecht_philips_3t,test,True,zscore,-0.80844,-0.16647,0.15649,0.4967,1.1342,0.66317,-0.21704,4.5339,0.2971,0.14061,-0.044574,0.51818,0.75426,0.90961,1.095,0.39143,-1.4504,3.0811,-0.13532,-0.88958
sub-023,utrecht_philips_3t,training,True,none,0.86494,0.96432,1.018,1.0725,1.1619,0.10814,-0.72142,4.3476,1.0287,0.010694,0.87313,1.0966,1.2164,1.2823,1.3449,0.18566,-1.5329,3.4243,0.80607,-0.41036
sub-023,utrecht_philips_3t,training,True,zscore,-0.73614,-0.14084,0.18079,0.50693,1.0425,0.64777,-0.72142,4.3476,0.24485,0.064062,-0.046955,0.46973,0.74666,0.89892,1.0437,0.42919,-1.5329,3.4243,-0.20197,-0.94863
sub-024,utrecht_philips_3t,test,True,none,0.95463,1.0562,1.1172,1.1826,1.3099,0.1264,0.74934,11.112,1.1571,0.039827,0.89878,1.1554,1.2825,1.3551,1.4273,0.19977,-1.4965,3.5068,0.89054,-0.39199
sub-024,utrecht_philips_3t,test,True,zscore,-0.84261,-0.26618,0.080416,0.45131,1.1742,0.71749,0.74934,11.112,0.30649,0.22607,-0.15009,0.49147,0.80939,0.99094,1.1713,0.49947,-1.4965,3.5068,-0.17069,-0.98007
sub-025,utrecht_philips_3t,training,True,none,0.96019,1.053,1.1104,1.1718,1.2935,0.11886,0.64409,8.2267,1.0946,-0.015844,0.80239,1.0088,1.1158,1.1815,1.2488,0.17275,-1.2905,2.2434,0.76486,-0.35094
sub-025,utrecht_philips_3t,training,True,zscore,-0.50106,-0.048571,0.23176,0.53116,1.1247,0.57973,0.64409,8.2267,0.15448,-0.077279,-0.054496,0.46715,0.73774,0.90382,1.0739,0.43668,-1.2905,2.2434,-0.14938,-0.88713
sub-026,utrecht_philips_3t,test,True,none,0.97728,1.076,1.1426,1.2239,1.5794,0.14788,2.3152,7.9878,1.1211,-0.021482,0.86041,1.1322,1.2588,1.337,1.4184,0.20471,-1.2499,1.7416,0.90087,-0.35797
sub-026,utrecht_philips_3t,test,True,zscore,-0.69786,-0.14594,0.22596,0.68048,2.6672,0.82641,2.3152,7.9878,0.10591,-0.12005,-0.20659,0.47558,0.79327,0.98929,1.1938,0.51371,-1.2499,1.7416,-0.10505,-0.89833
sub-027,utrecht_philips_3t,training,True,none,0.86653,0.95723,1.0149,1.0725,1.1596,0.1153,-0.086331,3.9956,1.0687,0.053873,1.305,1.6008,1.7617,1.8381,1.9098,0.23723,-1.4244,2.4824,1.1769,-0.58475
sub-027,utrecht_philips_3t,training,True,zscore,-0.96009,-0.36216,0.017787,0.39792,0.97174,0.76008,-0.086331,3.9956,0.37292,0.35513,0.013454,0.53532,0.8191,0.95385,1.0805,0.41853,-1.4244,2.4824,-0.21253,-1.0316
sub-028,utrecht_philips_3t,test,True,none,0.87173,0.96632,1.0271,1.0964,1.2618,0.13006,1.147,7.8063,1.0332,0.0061238,0.98428,1.2571,1.3924,1.4721,1.5495,0.21504,-1.4083,2.7367,0.9787,-0.41374
sub-028,utrecht_philips_3t,test,True,zscore,-0.72506,-0.19031,0.15324,0.54494,1.4802,0.73525,1.147,7.8063,0.18786,0.03462,-0.092797,0.52848,0.83669,1.0182,1.1943,0.48971,-1.4083,2.7367,-0.1055,-0.94219
sub-029,utrecht_philips_3t,training,True,none,0.93167,1.034,1.0917,1.1545,1.3083,0.12051,0.98285,7.9501,1.0812,-0.010517,0.84141,1.043,1.1392,1.2035,1.2718,0.16049,-1.5191,3.6853,0.8053,-0.33394
sub-029,utrecht_philips_3t,training,True,zscore,-0.57425,-0.053698,0.23968,0.55933,1.3417,0.61302,0.98285,7.9501,0.18618,-0.053501,-0.016586,0.49406,0.73785,0.90059,1.0736,0.40653,-1.5191,3.6853,-0.10806,-0.84591
sub-030,utrecht_philips_3t,test,True,none,0.67787,0.74817,0.7907,0.83461,0.91662,0.086443,0.22976,6.8561,0.80405,0.013347,0.85981,1.0846,1.2063,1.2799,1.3505,0.19526,-1.3866,2.7717,0.80314,-0.40313
sub-030,utrecht_philips_3t,test,True,zscore,-0.60352,-0.11903,0.17409,0.47673,1.0419,0.59575,0.22976,6.8561,0.26607,0.091984,-0.041984,0.48208,0.76574,0.93731,1.1019,0.45523,-1.3866,2.7717,-0.17412,-0.93987
sub-031,utrecht_philips_3t,training,True,none,0.90074,0.99631,1.0637,1.1422,1.3547,0.14589,1.5889,6.3342,1.1154,0.051746,0.78127,1.0262,1.1399,1.2067,1.27,0.18047,-1.5022,2.9625,0.77185,-0.36805
sub-031,utrecht_philips_3t,training,True,zscore,-0.93678,-0.40254,-0.025937,0.41305,1.6011,0.81559,1.5889,6.3342,0.26334,0.28927,-0.23673,0.46252,0.7871,0.97774,1.1584,0.51522,-1.5022,2.9625,-0.26362,-1.0507
sub-032,utrecht_philips_3t,test,True,none,0.87022,0.98882,1.0611,1.1422,1.2988,0.15339,0.37957,3.3213,1.1106,0.049451,0.69717,0.92935,1.0369,1.1069,1.1818,0.17758,-1.212,1.7578,0.69127,-0.34568
sub-032,utrecht_philips_3t,test,True,zscore,-0.85312,-0.26928,0.086704,0.48584,1.2566,0.75512,0.37957,3.3213,0.33014,0.24344,-0.23151,0.43937,0.7503,0.9525,1.169,0.51313,-1.212,1.7578,-0.24858,-0.99887
sub-033,utrecht_philips_3t,training,True,none,0.80984,0.90448,0.96517,1.0272,1.124,0.12269,-0.052174,3.7887,1.0649,0.099696,0.98494,1.2516,1.4055,1.4827,1.547,0.23116,-1.4891,3.0255,0.89111,-0.51437
sub-033,utrecht_philips_3t,training,True,zscore,-1.0858,-0.48818,-0.10494,0.28655,0.89776,0.77473,-0.052174,3.7887,0.52463,0.62956,-0.052747,0.51706,0.84605,1.0111,1.1485,0.49404,-1.4891,3.0255,-0.25327,-1.0993
sub-034,utrecht_philips_3t,test,True,none,0.80832,0.90319,0.96128,1.0201,1.1163,0.11688,0.91003,12.135,1.0051,0.043783,0.95699,1.2017,1.323,1.3913,1.462,0.18967,-1.4031,2.553,0.90603,-0.417
sub-034,utrecht_philips_3t,test,True,zscore,-1.0818,-0.40563,0.0084685,0.4275,1.1135,0.83313,0.91003,12.135,0.32055,0.31208,-0.13068,0.47814,0.78011,0.95008,1.1258,0.47194,-1.4031,2.553,-0.25748,-1.0376
sub-035,utrecht_philips_3t,training,True,none,0.84556,0.9459,1.0068,1.0661,1.155,0.12018,-0.09475,3.4632,1.0906,0.083806,1.3016,1.6326,1.7834,1.856,1.9225,0.22331,-1.6861,3.5947,1.1418,-0.64163
sub-035,utrecht_philips_3t,training,True,zscore,-1.2049,-0.52236,-0.10817,0.29516,0.89979,0.81752,-0.09475,3.4632,0.46191,0.57008,0.0086509,0.56293,0.81532,0.93681,1.0483,0.37389,-1.6861,3.5947,-0.25896,-1.0743
sub-036,utrecht_philips_3t,test,True,none,0.73901,0.83279,0.89106,0.94724,1.0317,0.11445,0.17022,6.0739,0.96212,0.071064,1.3349,1.6764,1.8523,1.9365,2.019,0.26006,-1.4643,2.6015,1.2239,-0.62839
sub-036,utrecht_philips_3t,test,True,zscore,-1.2835,-0.56494,-0.11848,0.31202,0.95902,0.87696,0.17022,6.0739,0.42603,0.54451,-0.095859,0.5127,0.82614,0.97615,1.1233,0.46346,-1.4643,2.6015,-0.2937,-1.1198
sub-037,utrecht_philips_3t,training,True,none,0.85843,0.9554,1.0229,1.1004,1.3459,0.14497,2.0055,7.2039,1.0744,0.051454,0.88684,1.099,1.2095,1.282,1.3591,0.18303,-1.2378,2.2433,0.87473,-0.33472
sub-037,utrecht_philips_3t,training,True,zscore,-0.99697,-0.43107,-0.03692,0.41488,1.8476,0.84595,2.0055,7.2039,0.26333,0.30025,-0.15825,0.46683,0.79241,1.0062,1.2334,0.53933,-1.2378,2.2433,-0.19393,-0.98634
sub-038,utrecht_philips_3t,test,True,none,0.90471,0.99663,1.0558,1.1164,1.2126,0.11978,0.17434,2.2392,1.1746,0.11876,1.1212,1.5384,1.7642,1.8469,1.9126,0.30858,-1.7767,3.9945,1.1285,-0.63562
sub-038,utrecht_philips_3t,test,True,zscore,-1.2537,-0.64325,-0.25025,0.15219,0.7911,0.79544,0.17434,2.2392,0.53838,0.78863,-0.33093,0.41525,0.81915,0.96723,1.0847,0.55199,-1.7767,3.9945,-0.31784,-1.137
sub-039,utrecht_philips_3t,training,True,none,0.911,1.0192,1.0834,1.1531,1.3001,0.13382,0.90664,6.0511,1.1364,0.052984,0.90423,1.1739,1.3287,1.4099,1.4766,0.23599,-1.5138,3.1628,0.88143,-0.44725
sub-039,utrecht_philips_3t,training,True,zscore,-0.83486,-0.28052,0.047914,0.40478,1.1579,0.6853,0.90664,6.0511,0.31925,0.27134,-0.089327,0.50309,0.84306,1.0215,1.168,0.51838,-1.5138,3.1628,-0.13941,-0.98246
sub-040,utrecht_philips_3t,test,True,none,0.79135,0.87894,0.93398,0.99386,1.0992,0.11492,0.017925,5.1859,0.97419,0.040214,0.91445,1.181,1.2969,1.3717,1.4526,0.19075,-1.5805,3.753,0.88055,-0.41634
sub-040,utrecht_philips_3t,test,True,zscore,-0.7946,-0.25997,0.075943,0.44142,1.0845,0.70139,0.017925,5.1859,0.32139,0.24544,-0.13861,0.46436,0.72666,0.89593,1.079,0.43156,-1.5805,3.753,-0.21529,-0.94195
sub-041,utrecht_philips_3t,training,True,none,0.9436,1.0373,1.0939,1.1547,1.2734,0.11747,0.87082,7.4686,1.1374,0.04349,1.0017,1.2686,1.4081,1.4829,1.5542,0.21433,-1.5254,3.217,0.94165,-0.46642
sub-041,utrecht_philips_3t,training,True,zscore,-0.88695,-0.31115,0.036844,0.41086,1.1403,0.72201,0.87082,7.4686,0.30414,0.2673,-0.092787,0.50503,0.8174,0.98514,1.1447,0.48011,-1.5254,3.217,-0.22737,-1.0448
sub-042,utrecht_philips_3t,test,True,none,0.81281,0.90284,0.9594,1.0205,1.1263,0.1177,0.13432,5.2635,1.0033,0.043874,1.0026,1.253,1.3601,1.4146,1.4702,0.16162,-1.83,4.6837,0.87988,-0.48025
sub-042,utrecht_philips_3t,test,True,zscore,-0.66064,-0.18836,0.10832,0.42906,0.98409,0.61741,0.13432,5.2635,0.33848,0.23015,0.043432,0.52797,0.73533,0.84071,0.94841,0.31274,-1.83,4.6837,-0.19396,-0.92929
sub-043,utrecht_philips_3t,test,True,none,0.87997,0.97111,1.0293,1.0885,1.182,0.11744,-0.18898,3.7015,1.1021,0.072828,1.0904,1.3977,1.5421,1.6093,1.6752,0.21153,-1.6667,3.6074,1.0019,-0.5403
sub-043,utrecht_philips_3t,test,True,zscore,-1.0132,-0.41692,-0.036424,0.3515,0.963,0.76841,-0.18898,3.7015,0.44008,0.4765,-0.063394,0.52822,0.80621,0.93538,1.0624,0.40717,-1.6667,3.6074,-0.2338,-1.04
sub-044,utrecht_philips_3t,test,True,none,0.70196,0.78117,0.82741,0.87243,0.94267,0.091257,-0.61378,5.4697,0.87792,0.050515,0.9406,1.215,1.3688,1.449,1.5214,0.23406,-1.3089,1.9678,0.87997,-0.48885
sub-044,utrecht_philips_3t,test,True,zscore,-0.97087,-0.34453,0.020998,0.37699,0.93234,0.72152,-0.61378,5.4697,0.42039,0.3994,-0.074093,0.51316,0.84245,1.0141,1.169,0.50098,-1.3089,1.9678,-0.20387,-1.0463
sub-045,utrecht_philips_3t,test,True,none,0.80228,0.89379,0.94914,1.0063,1.0966,0.11252,-0.37708,2.7008,1.0036,0.054478,0.98415,1.2089,1.3048,1.3682,1.4413,0.1593,-1.4386,3.0205,0.9026,-0.40224
sub-045,utrecht_philips_3t,test,True,zscore,-1.0645,-0.40994,-0.014082,0.39488,1.0407,0.80482,-0.37708,2.7008,0.37559,0.38967,-0.086134,0.49875,0.74841,0.91331,1.1036,0.41456,-1.4386,3.0205,-0.29837,-1.0468
sub-046,utrecht_philips_3t,test,True,none,0.79259,0.87632,0.93091,0.99081,1.1144,0.1145,1.0907,7.0523,1.0253,0.094369,0.9248,1.1785,1.2938,1.358,1.4191,0.17959,-1.5962,3.3375,0.84963,-0.44419
sub-046,utrecht_philips_3t,test,True,zscore,-0.93782,-0.42466,-0.090036,0.27711,1.0344,0.70177,1.0907,7.0523,0.48837,0.57841,-0.045196,0.54738,0.81686,0.96692,1.1096,0.41954,-1.5962,3.3375,-0.22079,-1.0377
sub-047,utrecht_philips_3t,test,True,none,0.67282,0.78727,0.85179,0.91856,1.0552,0.13129,0.80527,5.9424,0.91702,0.065234,0.9072,1.2201,1.3448,1.4092,1.4746,0.18906,-1.7985,4.1832,0.94385,-0.40091
sub-047,utrecht_philips_3t,test,True,zscore,-1.1855,-0.4548,-0.042921,0.38336,1.2559,0.83816,0.80527,5.9424,0.37353,0.41645,-0.26263,0.45954,0.74712,0.89582,1.0467,0.43628,-1.7985,4.1832,-0.17804,-0.92517
sub-048,utrecht_philips_3t,test,True,none,0.7362,0.83893,0.8971,0.95615,1.0617,0.11721,-0.22126,4.7687,0.91325,0.016152,1.0187,1.2865,1.4161,1.4875,1.5603,0.20107,-1.4919,2.8852,0.95868,-0.45741
sub-048,utrecht_philips_3t,test,True,zscore,-0.80442,-0.18307,0.16873,0.52585,1.1642,0.70892,-0.22126,4.7687,0.26642,0.097686,-0.069522,0.47073,0.7323,0.87642,1.0233,0.40569,-1.4919,2.8852,-0.19058,-0.92289
sub-049,utrecht_philips_3t,training,True,none,0.81779,0.91225,0.97211,1.0354,1.1566,0.12318,0.50035,2.5018,1.0766,0.10452,1.3066,1.6508,1.8107,1.8957,1.983,0.24491,-1.4717,2.7267,1.1612,-0.64942
sub-049,utrecht_philips_3t,training,True,zscore,-1.357,-0.69888,-0.28186,0.1593,1.0036,0.85818,0.50035,2.5018,0.44633,0.72819,-0.17539,0.50031,0.81427,0.98118,1.1527,0.48087,-1.4717,2.7267,-0.46083,-1.2751
sub-050,singapore_siemens_3t,training,True,none,0.44913,0.5065,0.54386,0.58299,0.64884,0.076487,0.24848,1.7274,0.58991,0.04604,0.23748,0.29836,0.32856,0.34526,0.3621,0.0469,-1.3981,2.4753,0.2305,-0.098057
sub-050,singapore_siemens_3t,training,True,zscore,-0.92572,-0.36883,-0.0060858,0.3737,1.013,0.74253,0.24848,1.7274,0.44087,0.44695,-0.1141,0.5519,0.88224,1.065,1.2492,0.51309,-1.3981,2.4753,-0.1905,-1.0727
sub-051,singapore_siemens_3t,training,True,none,0.57373,0.62924,0.66221,0.69713,0.76334,0.067895,-0.31701,5.8577,0.67773,0.015521,0.1601,0.19866,0.21631,0.22914,0.24677,0.030472,-1.1535,2.3921,0.16491,-0.051404
sub-051,singapore_siemens_3t,training,True,zscore,-0.44559,-0.030311,0.21634,0.47763,0.97294,0.50794,-0.31701,5.8577,0.33246,0.11612,-0.11164,0.50792,0.79146,0.99747,1.2808,0.48956,-1.1535,2.3921,-0.034382,-0.82584
sub-052,singapore_siemens_3t,training,True,none,0.48682,0.53691,0.56722,0.59763,0.64745,0.060723,-0.26266,5.7666,0.60612,0.038904,0.18052,0.2222,0.24042,0.2518,0.26638,0.029608,-1.4771,3.3319,0.17775,-0.062664
sub-052,singapore_siemens_3t,training,True,zscore,-0.85244,-0.30745,0.022277,0.35321,0.89517,0.66066,-0.26266,5.7666,0.44555,0.42327,-0.10107,0.54157,0.82257,0.99814,1.2229,0.45658,-1.4771,3.3319,-0.14376,-0.96633
sub-053,singapore_siemens_3t,training,True,none,0.431,0.47411,0.50379,0.53482,0.58252,0.06071,0.0038949,1.3899,0.57422,0.070432,0.22691,0.26735,0.28548,0.2952,0.3081,0.027852,-1.5122,3.5666,0.19992,-0.085551
sub-053,singapore_siemens_3t,training,True,zscore,-1.2208,-0.68168,-0.31041,0.077646,0.67432,0.75933,0.0038949,1.3899,0.57053,0.88094,0.064806,0.62507,0.87617,1.0109,1.1896,0.38584,-1.5122,3.5666,-0.30897,-1.1851
sub-054,singapore_siemens_3t,training,True,none,0.47693,0.52166,0.55145,0.58063,0.62441,0.058964,-0.114,1.8005,0.61769,0.066238,0.23271,0.27321,0.28874,0.29808,0.31216,0.024867,-1.6712,4.7315,0.20405,-0.084689
sub-054,singapore_siemens_3t,training,True,zscore,-1.0826,-0.53826,-0.17576,0.1793,0.71216,0.71756,-0.114,1.8005,0.63032,0.80607,0.052299,0.58228,0.78549,0.9077,1.092,0.32543,-1.6712,4.7315,-0.32283,-1.1083
sub-055,singapore_siemens_3t,training,True,none,0.59501,0.65643,0.69318,0.73143,0.79225,0.075002,-0.33434,4.2982,0.72558,0.032393,0.18599,0.22963,0.24627,0.25709,0.27274,0.027457,-1.6323,4.2765,0.17995,-0.066322
sub-055,singapore_siemens_3t,training,True,zscore,-0.51088,-0.089206,0.16313,0.42574,0.84329,0.51494,-0.33434,4.2982,0.38553,0.2224,-0.029293,0.52256,0.73297,0.86977,1.0677,0.34721,-1.6323,4.2765,-0.10569,-0.83866
sub-056,singapore_siemens_3t,training,True,none,0.48859,0.53819,0.56851,0.60013,0.65423,0.06194,-0.096848,4.5944,0.5902,0.02169,0.18443,0.22659,0.24362,0.25487,0.26954,0.02828,-1.4406,3.1571,0.18484,-0.058778
sub-056,singapore_siemens_3t,training,True,zscore,-0.68101,-0.18142,0.12403,0.4425,0.98745,0.62392,-0.096848,4.5944,0.34251,0.21848,-0.11005,0.52389,0.77989,0.94914,1.1698,0.42525,-1.4406,3.1571,-0.10398,-0.88387
sub-057,singapore_siemens_3t,training,True,none,0.4949,0.55101,0.58316,0.61743,0.67987,0.066415,0.057436,4.465,0.55341,-0.029751,0.16971,0.20427,0.21998,0.23064,0.24487,0.026366,-1.4724,3.7699,0.16775,-0.052232
sub-057,singapore_siemens_3t,training,True,zscore,-0.25638,0.13603,0.36081,0.60049,1.0372,0.46446,0.057436,4.465,0.15275,-0.20805,0.00051149,0.46871,0.68156,0.82591,1.0187,0.35719,-1.4724,3.7699,-0.026056,-0.70761
sub-058,singapore_siemens_3t,training,True,none,0.57498,0.63085,0.66632,0.70218,0.75754,0.071338,-0.47941,4.0746,0.72211,0.055792,0.21027,0.24926,0.26395,0.27377,0.28878,0.024507,-1.6215,4.6331,0.19439,-0.069556
sub-058,singapore_siemens_3t,training,True,zscore,-0.7478,-0.26711,0.038079,0.34667,0.8229,0.61378,-0.47941,4.0746,0.5181,0.48002,0.03781,0.56501,0.76357,0.89638,1.0994,0.33137,-1.6215,4.6331,-0.17693,-0.9405
sub-059,singapore_siemens_3t,training,True,none,0.47322,0.51701,0.54187,0.56741,0.61083,0.050398,-0.47631,5.1058,0.54286,0.00099483,0.17843,0.21251,0.22919,0.24144,0.25774,0.028928,-1.1133,2.3933,0.17769,-0.0515
sub-059,singapore_siemens_3t,training,True,zscore,-0.39889,0.019619,0.25712,0.50121,0.91606,0.48159,-0.47631,5.1058,0.26662,0.0095061,-0.028854,0.48956,0.74331,0.92968,1.1777,0.44011,-1.1133,2.3933,-0.040198,-0.78351
sub-060,singapore_siemens_3t,training,True,none,0.41428,0.4604,0.48878,0.51837,0.56813,0.05797,-0.065802,4.921,0.507,0.01822,0.15227,0.19081,0.20508,0.21487,0.2282,0.024055,-1.5618,3.7062,0.15326,-0.051821
sub-060,singapore_siemens_3t,training,True,zscore,-0.54877,-0.10808,0.1631,0.44586,0.92137,0.55394,-0.065802,4.921,0.33721,0.17411,-0.056214,0.53097,0.74836,0.89742,1.1005,0.36645,-1.5618,3.7062,-0.041059,-0.78942
sub-061,singapore_siemens_3t,training,True,none,0.58272,0.63184,0.66192,0.69341,0.74477,0.06157,-0.38869,3.7147,0.69098,0.029058,0.20147,0.24153,0.25694,0.26993,0.28873,0.028409,-1.1621,2.5685,0.19523,-0.061709
sub-061,singapore_siemens_3t,training,True,zscore,-0.71892,-0.21469,0.094064,0.4173,0.94447,0.63199,-0.38869,3.7147,0.39233,0.29827,-0.13727,0.48201,0.72035,0.92122,1.2119,0.43921,-1.1621,2.5685,-0.23368,-0.95403
sub-062,singapore_siemens_3t,training,True,none,0.49883,0.54798,0.58024,0.61485,0.68334,0.06687,0.5849,5.7143,0.60534,0.025099,0.18299,0.22057,0.23556,0.24746,0.26266,0.026896,-1.532,4.1887,0.18505,-0.050509
sub-062,singapore_siemens_3t,training,True,zscore,-0.53184,-0.12696,0.13872,0.42385,0.98794,0.55081,0.5849,5.7143,0.34546,0.20674,-0.049943,0.53188,0.76397,0.94835,1.1836,0.41646,-1.532,4.1887,-0.01813,-0.7821
sub-063,singapore_siemens_3t,training,True,none,0.29868,0.33775,0.35906,0.3807,0.42306,0.04295,0.0754,3.8851,0.3705,0.011447,0.15513,0.19444,0.21559,0.22981,0.24513,0.035367,-1.0991,1.5534,0.16541,-0.050175
sub-063,singapore_siemens_3t,training,True,zscore,-0.55678,-0.069935,0.1956,0.4653,0.99315,0.53524,0.0754,3.8851,0.33824,0.14265,-0.13312,0.51271,0.86006,1.0937,1.3454,0.58101,-1.0991,1.5534,0.035799,-0.82426
sub-064,singapore_siemens_3t,training,True,none,0.33682,0.36609,0.38382,0.40261,0.43497,0.036519,-0.41383,9.3093,0.40182,0.018003,0.1816,0.22103,0.23532,0.24592,0.26093,0.024889,-1.6958,5.2125,0.17189,-0.063426
sub-064,singapore_siemens_3t,training,True,zscore,-0.61559,-0.15511,0.12367,0.41935,0.92832,0.57446,-0.41383,9.3093,0.40687,0.2832,0.010181,0.5536,0.75056,0.89666,1.1036,0.34306,-1.6958,5.2125,-0.12366,-0.87422
sub-065,singapore_siemens_3t,training,True,none,0.33778,0.37163,0.39247,0.41519,0.45919,0.043557,0.4139,5.4201,0.4079,0.015426,0.1537,0.18907,0.20147,0.21084,0.22411,0.021764,-1.7368,5.0801,0.15281,-0.048656
sub-065,singapore_siemens_3t,training,True,zscore,-0.50997,-0.085154,0.17645,0.46157,1.0138,0.54672,0.4139,5.4201,0.37007,0.19363,-0.051806,0.52274,0.72401,0.87622,1.0918,0.35348,-1.7368,5.0801,-0.066238,-0.79025
sub-066,singapore_siemens_3t,training,True,none,0.41081,0.4478,0.47249,0.49794,0.5367,0.050142,-0.25376,3.0474,0.50877,0.036275,0.19542,0.23072,0.24459,0.25519,0.27054,0.024467,-1.354,3.6131,0.17973,-0.064856
sub-066,singapore_siemens_3t,training,True,zscore,-0.67436,-0.24433,0.042801,0.33868,0.78931,0.58302,-0.25376,3.0474,0.46458,0.42178,0.039495,0.54192,0.73922,0.89015,1.1087,0.34823,-1.354,3.6131,-0.18385,-0.92308
sub-067,singapore_siemens_3t,training,True,none,0.69767,0.76534,0.80946,0.86006,0.97494,0.094724,0.49388,3.742,0.8329,0.023432,0.22013,0.27208,0.29258,0.30738,0.32734,0.035302,-1.6829,4.9777,0.21759,-0.074992
sub-067,singapore_siemens_3t,training,True,zscore,-0.48978,-0.080393,0.18659,0.49272,1.1878,0.57311,0.49388,3.742,0.32836,0.14177,-0.049103,0.53434,0.76469,0.93089,1.1551,0.39655,-1.6829,4.9777,-0.077696,-0.84238
sub-068,singapore_siemens_3t,training,True,none,0.52597,0.58025,0.61998,0.67005,0.85225,0.089792,1.2176,3.2664,0.64119,0.021203,0.137,0.18453,0.20522,0.21808,0.23297,0.03355,-1.3007,2.0477,0.15848,-0.046736
sub-068,singapore_siemens_3t,training,True,zscore,-0.57914,-0.15997,0.14683,0.53342,1.9404,0.6934,1.2176,3.2664,0.31056,0.16373,-0.38966,0.4068,0.75353,0.96906,1.2186,0.56226,-1.3007,2.0477,-0.029709,-0.78324
sub-069,singapore_siemens_3t,training,True,none,0.62687,0.70032,0.73946,0.7776,0.83833,0.077275,-0.9616,4.9021,0.76086,0.021401,0.188,0.22609,0.24158,0.25431,0.27147,0.028225,-1.3479,3.5375,0.18506,-0.056515
sub-069,singapore_siemens_3t,training,True,zscore,-0.49156,-0.015264,0.23851,0.48582,0.8796,0.50108,-0.9616,4.9021,0.37728,0.13877,0.017087,0.54433,0.75881,0.9351,1.1727,0.39076,-1.3479,3.5375,-0.023606,-0.78242
sub-070,singapore_siemens_3t,test,True,none,0.48896,0.53579,0.56655,0.59854,0.65009,0.062755,-0.19958,3.7016,0.61104,0.044497,0.20854,0.24438,0.25752,0.26737,0.28155,0.02299,-1.7925,6.2174,0.18804,-0.069476
sub-070,singapore_siemens_3t,test,True,zscore,-0.67773,-0.23204,0.060744,0.36529,0.85591,0.59733,-0.19958,3.7016,0.48428,0.42354,0.10362,0.56385,0.73252,0.85907,1.0411,0.29522,-1.7925,6.2174,-0.15963,-0.89215
sub-071,singapore_siemens_3t,test,True,none,0.4578,0.50474,0.53579,0.56885,0.62972,0.064113,0.094027,5.3869,0.58522,0.049431,0.1858,0.2262,0.24386,0.25551,0.27081,0.029315,-1.6347,4.8145,0.17712,-0.066741
sub-071,singapore_siemens_3t,test,True,zscore,-0.54152,-0.16392,0.085873,0.35185,0.84152,0.51577,0.094027,5.3869,0.48353,0.39766,0.076815,0.57307,0.79,0.93315,1.1211,0.36008,-1.6347,4.8145,-0.029803,-0.8198
sub-072,singapore_siemens_3t,test,True,none,0.64895,0.71889,0.77041,0.83383,1.0043,0.11493,1.0351,3.0192,0.81458,0.044167,0.18967,0.23234,0.25401,0.26981,0.28927,0.037473,-1.1503,2.4362,0.18847,-0.06554
sub-072,singapore_siemens_3t,test,True,zscore,-0.54768,-0.16838,0.11102,0.45492,1.3795,0.6233,1.0351,3.0192,0.35055,0.23953,-0.043115,0.48916,0.75956,0.95669,1.1995,0.46752,-1.1503,2.4362,-0.058124,-0.81769
sub-073,singapore_siemens_3t,test,True,none,0.3901,0.42712,0.44879,0.47002,0.50329,0.042907,-0.57678,3.3075,0.47347,0.024677,0.19222,0.22876,0.24426,0.25412,0.26781,0.025362,-1.5422,4.0209,0.18556,-0.058701
sub-073,singapore_siemens_3t,test,True,zscore,-0.6827,-0.18329,0.10909,0.39551,0.84431,0.5788,-0.57678,3.3075,0.44197,0.33289,0.005463,0.54067,0.76773,0.91219,1.1127,0.37152,-1.5422,4.0209,-0.092149,-0.85988
sub-074,singapore_siemens_3t,test,True,none,0.37479,0.41873,0.44629,0.47282,0.51243,0.054094,0.047064,5.0852,0.49854,0.052256,0.18355,0.22263,0.23859,0.24746,0.26005,0.024829,-1.7349,4.7145,0.16925,-0.069336
sub-074,singapore_siemens_3t,test,True,zscore,-0.96608,-0.42447,-0.084778,0.24229,0.73053,0.66676,0.047064,5.0852,0.55933,0.64411,0.034076,0.60351,0.83609,0.96533,1.1488,0.36182,-1.7349,4.7145,-0.17429,-1.0104
sub-075,singapore_siemens_3t,test,True,none,0.47426,0.52991,0.56517,0.6009,0.65472,0.070999,-0.081704,1.9884,0.63986,0.074694,0.22867,0.27064,0.28647,0.29582,0.31054,0.02518,-1.817,5.6789,0.20155,-0.084922
sub-075,singapore_siemens_3t,test,True,zscore,-0.98122,-0.4447,-0.10473,0.23985,0.75875,0.68455,-0.081704,1.9884,0.61545,0.72018,0.1254,0.63152,0.82231,0.93513,1.1126,0.30361,-1.817,5.6789,-0.20164,-1.024
sub-076,singapore_siemens_3t,test,True,none,0.66601,0.73774,0.7831,0.82659,0.89486,0.088856,0.11812,1.665,0.88958,0.10648,0.30209,0.35922,0.37743,0.38893,0.40574,0.02971,-1.7721,4.728,0.26452,-0.1129
sub-076,singapore_siemens_3t,test,True,zscore,-1.3166,-0.69862,-0.30778,0.066964,0.65511,0.76559,0.11812,1.665,0.60969,0.91747,0.019866,0.61499,0.80463,0.92448,1.0995,0.30949,-1.7721,4.728,-0.37147,-1.1761
sub-077,singapore_siemens_3t,test,True,none,0.58113,0.63116,0.66123,0.69269,0.7464,0.061524,-0.19148,3.6569,0.68939,0.028159,0.18928,0.22861,0.24323,0.25433,0.27032,0.025719,-1.3421,3.0887,0.18357,-0.059659
sub-077,singapore_siemens_3t,test,True,zscore,-0.72714,-0.21392,0.094466,0.41713,0.96803,0.63105,-0.19148,3.6569,0.38329,0.28883,-0.13333,0.48468,0.71453,0.88889,1.1403,0.4042,-1.3421,3.0887,-0.22306,-0.93759
sub-078,singapore_siemens_3t,test,True,none,0.48229,0.53232,0.56708,0.60136,0.65197,0.069045,0.029305,1.8536,0.64347,0.07639,0.21725,0.26028,0.27781,0.28772,0.3015,0.027437,-1.7599,4.8859,0.1931,-0.084708
sub-078,singapore_siemens_3t,test,True,zscore,-1.0724,-0.55401,-0.19375,0.16147,0.68592,0.71548,0.029305,1.8536,0.59784,0.79159,0.029487,0.58121,0.80591,0.93295,1.1096,0.35175,-1.7599,4.8859,-0.28003,-1.0859
sub-079,singapore_siemens_3t,test,True,none,0.42786,0.47743,0.5084,0.54072,0.59625,0.063286,-0.18161,3.4632,0.51626,0.007862,0.16988,0.20954,0.22443,0.23433,0.24598,0.024792,-1.8092,4.9118,0.1666,-0.057833
sub-079,singapore_siemens_3t,test,True,zscore,-0.47908,-0.033406,0.24495,0.53553,1.0348,0.56894,-0.18161,3.4632,0.31563,0.070679,-0.021466,0.50375,0.701,0.83211,0.98637,0.32836,-1.8092,4.9118,-0.064978,-0.76598
sub-080,singapore_siemens_3t,test,True,none,0.52058,0.57584,0.60983,0.64462,0.70435,0.06878,-0.055676,3.4666,0.62716,0.017335,0.17398,0.21103,0.22567,0.23716,0.25362,0.026133,-1.278,3.0582,0.17235,-0.053313
sub-080,singapore_siemens_3t,test,True,zscore,-0.49153,-0.052614,0.21739,0.49375,0.96829,0.54637,-0.055676,3.4666,0.35509,0.1377,-0.024694,0.51901,0.73376,0.90246,1.144,0.38346,-1.278,3.0582,-0.048495,-0.78226
sub-081,singapore_siemens_3t,test,True,none,0.60592,0.67089,0.71145,0.75527,0.84336,0.084378,0.33957,4.7825,0.72603,0.01458,0.1828,0.23223,0.25026,0.26308,0.28078,0.030846,-1.4654,3.318,0.19024,-0.060016
sub-081,singapore_siemens_3t,test,True,zscore,-0.38248,-0.0065514,0.22811,0.48165,0.99135,0.4882,0.33957,4.7825,0.31247,0.084359,-0.062236,0.53257,0.74947,0.90375,1.1167,0.37117,-1.4654,3.318,0.027287,-0.72219
sub-082,singapore_siemens_3t,test,True,none,0.48146,0.52343,0.54878,0.57481,0.61809,0.051374,-0.56484,5.6353,0.57331,0.024533,0.18574,0.22406,0.23972,0.25036,0.26495,0.026296,-1.4572,3.7672,0.17863,-0.061085
sub-082,singapore_siemens_3t,test,True,zscore,-0.68114,-0.19868,0.092601,0.39183,0.88929,0.59051,-0.56484,5.6353,0.3746,0.28199,-0.025282,0.55492,0.79197,0.95306,1.1739,0.39814,-1.4572,3.7672,-0.13292,-0.92489
sub-083,singapore_siemens_3t,test,True,none,0.59642,0.6697,0.71477,0.75935,0.82745,0.089654,-0.11492,2.1008,0.76968,0.054919,0.1839,0.22736,0.24315,0.25616,0.27548,0.028802,-1.3213,3.2327,0.17944,-0.063713
sub-083,singapore_siemens_3t,test,True,zscore,-0.71627,-0.20749,0.10539,0.41496,0.88772,0.62244,-0.11492,2.1008,0.48668,0.38128,-0.060384,0.52165,0.73311,0.90733,1.1659,0.38568,-1.3213,3.2327,-0.12006,-0.85316
sub-084,singapore_siemens_3t,test,True,none,0.49797,0.54561,0.57716,0.61017,0.66725,0.064567,0.74836,5.4067,0.64832,0.071163,0.20733,0.24662,0.26108,0.27222,0.28747,0.025607,-1.6298,4.8315,0.18966,-0.07142
sub-084,singapore_siemens_3t,test,True,zscore,-0.95557,-0.46275,-0.13634,0.20526,0.79575,0.66801,0.74836,5.4067,0.59992,0.73626,0.016972,0.57377,0.77882,0.93669,1.1527,0.36292,-1.6298,4.8315,-0.23341,-1.0122
sub-085,singapore_siemens_3t,test,True,none,0.5724,0.6239,0.65647,0.69192,0.75692,0.068015,0.15569,4.7097,0.70706,0.050599,0.20319,0.2442,0.26117,0.27396,0.29185,0.029759,-1.3977,3.8114,0.19254,-0.068633
sub-085,singapore_siemens_3t,test,True,zscore,-0.63491,-0.20772,0.06237,0.35644,0.89558,0.56417,0.15569,4.7097,0.48207,0.4197,0.0061352,0.53286,0.75089,0.91512,1.1449,0.38225,-1.3977,3.8114,-0.1307,-0.88159
sub-086,singapore_siemens_3t,test,True,none,0.50512,0.54935,0.57753,0.60886,0.66591,0.059516,-0.18317,4.0392,0.59588,0.018351,0.17183,0.20775,0.22251,0.23378,0.2484,0.026033,-1.2554,2.6506,0.17182,-0.05069
sub-086,singapore_siemens_3t,test,True,zscore,-0.62894,-0.1657,0.12946,0.45761,1.0551,0.62331,-0.18317,4.0392,0.32165,0.19218,-0.096957,0.52286,0.77763,0.97215,1.2244,0.44929,-1.2554,2.6506,-0.097198,-0.87483
sub-087,singapore_siemens_3t,test,True,none,0.57116,0.62406,0.65858,0.69541,0.75921,0.071355,0.22283,5.2279,0.70106,0.04248,0.19311,0.23149,0.2493,0.26073,0.27496,0.029243,-1.5531,4.0988,0.18172,-0.067576
sub-087,singapore_siemens_3t,test,True,zscore,-0.5546,-0.1567,0.10295,0.38004,0.85996,0.53674,0.22283,5.2279,0.42249,0.31954,0.063656,0.5438,0.76656,0.90961,1.0876,0.3658,-1.5531,4.0988,-0.078749,-0.84531
sub-088,singapore_siemens_3t,test,True,none,0.46021,0.50432,0.52983,0.55693,0.6089,0.052609,0.015238,5.3454,0.53798,0.0081542,0.18032,0.21746,0.23444,0.24644,0.26248,0.02898,-1.2272,2.6036,0.18355,-0.050895
sub-088,singapore_siemens_3t,test,True,zscore,-0.60767,-0.097378,0.19761,0.5112,1.1124,0.60858,0.015238,5.3454,0.29194,0.094326,-0.08634,0.47867,0.73707,0.9196,1.1637,0.44093,-1.2272,2.6036,-0.0373,-0.77437
sub-089,singapore_siemens_3t,test,True,none,0.51699,0.56511,0.59783,0.63084,0.67985,0.065732,-0.047947,1.8796,0.65694,0.059107,0.25192,0.29312,0.30657,0.31688,0.33296,0.023761,-1.696,5.5616,0.21851,-0.088058
sub-089,singapore_siemens_3t,test,True,zscore,-0.87093,-0.37513,-0.038011,0.30212,0.8071,0.67725,-0.047947,1.8796,0.57098,0.60899,0.1294,0.57891,0.72569,0.83818,1.0137,0.25927,-1.696,5.5616,-0.23516,-0.96085
sub-090,singapore_siemens_3t,test,True,none,0.42234,0.46088,0.48546,0.51072,0.55193,0.049835,0.66104,7.9641,0.51524,0.029784,0.2053,0.25466,0.27408,0.28523,0.29978,0.030571,-1.7827,4.6208,0.19509,-0.078987
sub-090,singapore_siemens_3t,test,True,zscore,-0.57076,-0.16013,0.1017,0.37084,0.81,0.53097,0.66104,7.9641,0.41903,0.31733,0.025545,0.56384,0.77556,0.89719,1.0558,0.33335,-1.7827,4.6208,-0.085709,-0.86127
sub-091,singapore_siemens_3t,test,True,none,0.47591,0.5309,0.5611,0.59925,0.7017,0.06835,0.54977,2.4973,0.53438,-0.026723,0.11961,0.16703,0.18602,0.19852,0.21284,0.031489,-1.1013,0.94115,0.15079,-0.035227
sub-091,singapore_siemens_3t,test,True,zscore,-0.36345,0.10351,0.36004,0.684,1.5542,0.58048,0.54977,2.4973,0.13309,-0.22695,-0.52138,0.35141,0.70098,0.93101,1.1946,0.57959,-1.1013,0.94115,0.05258,-0.64839
sub-092,singapore_siemens_3t,test,True,none,0.65222,0.71196,0.74806,0.78566,0.85436,0.073703,-0.052515,4.9462,0.75723,0.0091718,0.17759,0.21102,0.22351,0.23422,0.24915,0.023194,-1.57,5.0449,0.17304,-0.050465
sub-092,singapore_siemens_3t,test,True,zscore,-0.47405,-0.046819,0.21132,0.48025,0.9715,0.52707,-0.052515,4.9462,0.27691,0.065591,-0.018294,0.49138,0.68174,0.84496,1.0727,0.35358,-1.57,5.0449,-0.087573,-0.76931
sub-093,singapore_siemens_3t,test,True,none,0.62484,0.68182,0.7162,0.75267,0.81477,0.070851,-0.27625,4.8414,0.76436,0.048165,0.20496,0.24646,0.2614,0.27285,0.2912,0.02639,-1.4272,4.0432,0.1953,-0.066096
sub-093,singapore_siemens_3t,test,True,zscore,-0.61912,-0.17625,0.090909,0.37443,0.85707,0.55068,-0.27625,4.8414,0.46527,0.37436,0.017415,0.56657,0.76428,0.91582,1.1588,0.34925,-1.4272,4.0432,-0.11044,-0.87472
sub-094,singapore_siemens_3t,test,True,none,0.37003,0.41098,0.43608,0.46317,0.52045,0.052191,0.45723,5.2561,0.45292,0.016847,0.16611,0.20823,0.22554,0.23752,0.2518,0.029286,-1.4959,3.3654,0.17043,-0.055113
sub-094,singapore_siemens_3t,test,True,zscore,-0.46714,-0.061365,0.18734,0.45584,1.0235,0.5172,0.45723,5.2561,0.35429,0.16695,-0.057496,0.52453,0.76367,0.92917,1.1265,0.40464,-1.4959,3.3654,0.0021795,-0.76149
sub-095,singapore_siemens_3t,test,True,none,0.5726,0.62926,0.66339,0.69842,0.75885,0.069157,-0.31591,5.2209,0.70534,0.041952,0.19661,0.23475,0.2505,0.26184,0.2777,0.027088,-1.556,4.4854,0.18853,-0.061961
sub-095,singapore_siemens_3t,test,True,zscore,-0.50763,-0.10111,0.1438,0.39511,0.82873,0.49622,-0.31591,5.2209,0.44482,0.30102,0.064957,0.57305,0.78275,0.93388,1.1451,0.36083,-1.556,4.4854,-0.042606,-0.82536
sub-096,singapore_siemens_3t,test,True,none,0.47395,0.52219,0.55662,0.59322,0.68559,0.071031,1.3758,4.5889,0.61217,0.055554,0.19745,0.24064,0.26143,0.2737,0.28876,0.033053,-1.2321,2.0473,0.19014,-0.071289
sub-096,singapore_siemens_3t,test,True,zscore,-0.98679,-0.4862,-0.12896,0.25088,1.2094,0.73708,1.3758,4.5889,0.44752,0.57648,-0.13861,0.52395,0.84273,1.0309,1.262,0.50696,-1.2321,2.0473,-0.25068,-1.0934
sub-097,singapore_siemens_3t,test,True,none,0.44804,0.48924,0.51267,0.53758,0.58703,0.048336,0.10931,7.3982,0.51251,-0.00015634,0.16306,0.19604,0.21126,0.22339,0.23921,0.027344,-1.2434,2.9828,0.16315,-0.048116
sub-097,singapore_siemens_3t,test,True,zscore,-0.30904,0.060958,0.27131,0.49503,0.93911,0.43408,0.10931,7.3982,0.26991,-0.0014042,0.012188,0.50217,0.72822,0.90835,1.1434,0.40618,-1.2434,2.9828,0.01348,-0.71474
sub-098,singapore_siemens_3t,test,True,none,0.54259,0.59715,0.62573,0.65415,0.70073,0.057003,-0.90302,6.054,0.64262,0.016891,0.1896,0.22824,0.245,0.256,0.27103,0.027761,-1.391,3.236,0.18628,-0.058715
sub-098,singapore_siemens_3t,test,True,zscore,-0.68585,-0.12341,0.17124,0.46421,0.9443,0.58762,-0.90302,6.054,0.34536,0.17412,-0.084149,0.48547,0.73254,0.89478,1.1164,0.40931,-1.391,3.236,-0.13317,-0.86571
sub-099,singapore_siemens_3t,test,True,none,0.54106,0.59105,0.61947,0.64825,0.69476,0.057202,0.09378,8.6675,0.64746,0.027987,0.21353,0.25245,0.26635,0.27524,0.28839,0.022786,-1.8404,5.5035,0.20269,-0.063665
sub-099,singapore_siemens_3t,test,True,zscore,-0.52712,-0.079462,0.17506,0.43276,0.84919,0.51222,0.09378,8.6675,0.42568,0.25062,0.084878,0.56625,0.73813,0.84805,1.0107,0.2818,-1.8404,5.5035,-0.049239,-0.78737
sub-100,amsterdam_ge_3t,training,True,none,1.5671,1.748,1.8572,1.9613,2.1187,0.21327,-0.19333,1.0883,2.0755,0.21824,1.3392,1.6843,1.8129,1.8977,2.0036,0.21343,-1.5978,4.0769,1.2657,-0.54717
sub-100,amsterdam_ge_3t,training,True,zscore,-1.2912,-0.63313,-0.23554,0.14296,0.71597,0.77609,-0.19333,1.0883,0.55863,0.79416,-0.095249,0.6249,0.89341,1.0703,1.2913,0.4454,-1.5978,4.0769,-0.24847,-1.1419
sub-101,amsterdam_ge_3t,training,True,none,0.96067,1.0906,1.1758,1.2589,1.3883,0.16829,0.0028503,0.98805,1.3519,0.1761,1.2623,1.5401,1.6466,1.7217,1.8213,0.18166,-1.73,5.3461,1.137,-0.5096
sub-101,amsterdam_ge_3t,training,True,zscore,-0.93596,-0.42861,-0.095725,0.22872,0.73445,0.65733,0.0028503,0.98805,0.59211,0.68783,0.083941,0.6067,0.8071,0.94857,1.136,0.34188,-1.73,5.3461,-0.15194,-0.95904
sub-102,amsterdam_ge_3t,training,True,none,1.2824,1.4688,1.5903,1.7063,1.884,0.23749,0.008188,1.2434,1.8811,0.29071,1.3925,1.74,1.8772,1.9599,2.0634,0.21991,-1.855,5.7891,1.291,-0.58622
sub-102,amsterdam_ge_3t,training,True,zscore,-1.1874,-0.62766,-0.26273,0.085443,0.61905,0.7131,0.008188,1.2434,0.61019,0.87292,-0.044007,0.60521,0.86153,1.0161,1.2095,0.41086,-1.855,5.7891,-0.23373,-1.0953
sub-103,amsterdam_ge_3t,training,True,none,1.3928,1.5358,1.622,1.7107,1.874,0.17494,0.57919,6.9712,1.6764,0.054394,0.88499,1.1123,1.2102,1.2927,1.4016,0.18041,-1.0312,1.9485,0.94025,-0.26996
sub-103,amsterdam_ge_3t,training,True,zscore,-0.8813,-0.27665,0.088063,0.46308,1.1534,0.73973,0.57919,6.9712,0.31807,0.23001,-0.36665,0.42411,0.76474,1.0517,1.4306,0.62762,-1.0312,1.9485,-0.17441,-0.93914
sub-104,amsterdam_ge_3t,training,True,none,1.1512,1.2823,1.3666,1.4542,1.6172,0.1719,0.75888,5.7561,1.4895,0.1229,0.99973,1.2364,1.3434,1.4253,1.5285,0.1889,-1.3509,3.5175,0.99708,-0.34628
sub-104,amsterdam_ge_3t,training,True,zscore,-0.71267,-0.25252,0.043465,0.35093,0.923,0.60345,0.75888,5.7561,0.47489,0.43143,-0.10342,0.5024,0.77637,0.98606,1.2503,0.48365,-1.3509,3.5175,-0.11022,-0.88659
sub-105,amsterdam_ge_3t,training,True,none,1.2422,1.4038,1.5017,1.5987,1.7637,0.19481,0.68281,7.636,1.6214,0.1197,1.0916,1.3693,1.4817,1.562,1.6644,0.19273,-1.6778,4.7094,1.0824,-0.39932
sub-105,amsterdam_ge_3t,training,True,zscore,-0.59545,-0.14176,0.13276,0.40494,0.8681,0.5467,0.68281,7.636,0.46869,0.33593,0.01098,0.57282,0.80029,0.9628,1.17,0.38998,-1.6778,4.7094,-0.0077355,-0.80803
sub-106,amsterdam_ge_3t,training,True,none,1.0169,1.1551,1.2451,1.336,1.4752,0.18089,0.60484,6.2122,1.4912,0.24609,1.5437,1.978,2.1477,2.2374,2.3424,0.25939,-1.9183,5.4342,1.4298,-0.71785
sub-106,amsterdam_ge_3t,training,True,zscore,-1.097,-0.58354,-0.24916,0.088681,0.60585,0.67222,0.60484,6.2122,0.66533,0.91448,-0.027243,0.61404,0.86451,0.99703,1.1521,0.38299,-1.9183,5.4342,-0.19541,-1.0599
sub-107,amsterdam_ge_3t,training,True,none,1.3446,1.4952,1.5814,1.6678,1.815,0.17257,0.79038,14.291,1.6683,0.086946,1.5254,1.8416,1.9725,2.0664,2.1803,0.22478,-1.8078,5.7548,1.5,-0.47244
sub-107,amsterdam_ge_3t,training,True,zscore,-0.73781,-0.19839,0.11029,0.41973,0.94688,0.61811,0.79038,14.291,0.42172,0.31143,-0.075534,0.52172,0.7689,0.94631,1.1614,0.42458,-1.8078,5.7548,-0.1235,-0.8924
sub-108,amsterdam_ge_3t,training,True,none,1.1858,1.3427,1.4486,1.5547,1.7196,0.21198,0.10996,0.94085,1.697,0.24844,1.5212,1.8965,2.0571,2.148,2.2526,0.2514,-1.8185,5.0271,1.3967,-0.66036
sub-108,amsterdam_ge_3t,training,True,zscore,-1.0967,-0.56709,-0.20973,0.14848,0.70508,0.71557,0.10996,0.94085,0.62888,0.83861,0.013167,0.64656,0.91749,1.0708,1.2474,0.42423,-1.8185,5.0271,-0.19683,-1.1143
sub-109,amsterdam_ge_3t,training,True,none,1.1395,1.2895,1.3722,1.4509,1.5666,0.16138,-0.56074,2.7185,1.5094,0.13715,1.1815,1.43,1.5289,1.6081,1.7161,0.17814,-1.5296,4.5362,1.1198,-0.40906
sub-109,amsterdam_ge_3t,training,True,zscore,-0.85554,-0.29198,0.018708,0.31411,0.74868,0.60609,-0.56074,2.7185,0.53379,0.51508,-0.00028472,0.55022,0.76945,0.94499,1.1843,0.39477,-1.5296,4.5362,-0.13703,-0.90648
sub-110,amsterdam_ge_3t,training,True,none,0.96516,1.1087,1.2007,1.2894,1.4196,0.18075,-0.067579,0.85616,1.417,0.2164,1.4514,1.7103,1.8145,1.8885,1.9815,0.17823,-1.7594,5.9872,1.2476,-0.56692
sub-110,amsterdam_ge_3t,training,True,zscore,-1.1288,-0.56712,-0.20714,0.14031,0.64994,0.70743,-0.067579,0.85616,0.6398,0.84694,0.17017,0.63937,0.82835,0.96242,1.131,0.32305,-1.7594,5.9872,-0.19923,-1.0276
sub-111,amsterdam_ge_3t,test,True,none,1.4721,1.6325,1.7203,1.8144,2.0242,0.18191,1.2106,12.682,1.7479,0.027592,1.0164,1.269,1.3762,1.459,1.5646,0.18997,-1.4769,3.9,1.0708,-0.30537
sub-111,amsterdam_ge_3t,test,True,zscore,-0.52266,-0.042925,0.21963,0.50123,1.1288,0.54416,1.2106,12.682,0.30217,0.082536,-0.14728,0.49284,0.76436,0.97421,1.2418,0.48137,-1.4769,3.9,-0.0094279,-0.77379
sub-112,amsterdam_ge_3t,training,True,none,1.3286,1.5052,1.6005,1.6863,1.8239,0.18112,-0.075837,4.2164,1.7302,0.12968,1.4826,1.8053,1.9306,2.0096,2.1094,0.20433,-1.9362,6.0082,1.3887,-0.5419
sub-112,amsterdam_ge_3t,training,True,zscore,-0.8726,-0.26732,0.059292,0.35352,0.825,0.62084,-0.075837,4.2164,0.5038,0.44451,0.043882,0.58784,0.79912,0.93227,1.1006,0.34443,-1.9362,6.0082,-0.11434,-0.91346
sub-113,amsterdam_ge_3t,training,True,none,1.3512,1.5048,1.5977,1.6903,1.8471,0.18551,0.84001,8.8783,1.7419,0.14417,1.1021,1.346,1.4426,1.521,1.6232,0.17504,-1.6218,5.0339,1.0638,-0.3788
sub-113,amsterdam_ge_3t,training,True,zscore,-0.92747,-0.36939,-0.03175,0.30464,0.87431,0.67403,0.84001,8.8783,0.49208,0.52383,-0.057541,0.5805,0.83323,1.0384,1.3057,0.45794,-1.6218,5.0339,-0.15781,-0.99103
sub-114,amsterdam_ge_3t,training,True,none,1.3278,1.485,1.5708,1.6542,1.7973,0.1692,-0.054532,3.6302,1.6266,0.055877,1.0275,1.2573,1.3536,1.4359,1.5434,0.1786,-1.2331,3.1379,1.0339,-0.31972
sub-114,amsterdam_ge_3t,training,True,zscore,-0.96002,-0.27677,0.095665,0.45839,1.08,0.73516,-0.054532,3.6302,0.33845,0.24278,-0.21008,0.45191,0.7292,0.96621,1.2757,0.5143,-1.2331,3.1379,-0.19149,-0.92069
sub-115,amsterdam_ge_3t,training,True,none,1.2654,1.4415,1.5486,1.6446,1.7908,0.20309,0.11132,2.8438,1.7056,0.15702,1.3902,1.6676,1.7702,1.8578,1.9854,0.19014,-1.444,4.6804,1.3122,-0.45797
sub-115,amsterdam_ge_3t,training,True,zscore,-1.111,-0.45081,-0.049378,0.31066,0.85891,0.76147,0.11132,2.8438,0.53936,0.58874,-0.10349,0.5011,0.72466,0.91554,1.1937,0.41445,-1.444,4.6804,-0.27354,-0.9982
sub-116,amsterdam_ge_3t,training,True,none,1.0004,1.1675,1.2766,1.3813,1.5352,0.21376,0.022843,1.2625,1.4468,0.17022,1.7957,2.1944,2.3502,2.4557,2.5916,0.2613,-1.9199,6.3201,1.7903,-0.55986
sub-116,amsterdam_ge_3t,training,True,zscore,-1.0582,-0.46179,-0.072292,0.30136,0.85082,0.76314,0.022843,1.2625,0.53539,0.60768,-0.12689,0.50146,0.74703,0.91329,1.1276,0.41183,-1.9199,6.3201,-0.13535,-0.88238
sub-117,amsterdam_ge_3t,test,True,none,1.2143,1.3556,1.4467,1.5508,1.7857,0.1952,0.81418,4.7993,1.5317,0.085011,0.8414,1.0509,1.151,1.2265,1.3187,0.17569,-1.265,2.8968,0.85914,-0.29185
sub-117,amsterdam_ge_3t,test,True,zscore,-0.65101,-0.19884,0.092559,0.42578,1.1774,0.62462,0.81418,4.7993,0.36458,0.27202,-0.13506,0.51208,0.82144,1.0549,1.3396,0.54279,-1.265,2.8968,-0.080231,-0.90167
sub-118,amsterdam_ge_3t,test,True,none,1.2266,1.4557,1.584,1.6974,1.8604,0.24176,-0.19804,1.7666,1.7354,0.15141,1.2689,1.5261,1.6219,1.7037,1.8207,0.17757,-1.8201,6.7754,1.1804,-0.44147
sub-118,amsterdam_ge_3t,test,True,zscore,-0.9633,-0.30308,0.06681,0.39373,0.86361,0.69681,-0.19804,1.7666,0.5032,0.43639,0.0065196,0.53181,0.72732,0.89438,1.1333,0.36256,-1.8201,6.7754,-0.17408,-0.9014
sub-119,amsterdam_ge_3t,test,True,none,1.3479,1.5089,1.6072,1.7126,1.9187,0.20371,1.0622,10.428,1.6875,0.080281,1.1178,1.4035,1.54,1.6372,1.7548,0.23371,-1.4059,3.4635,1.1605,-0.37955
sub-119,amsterdam_ge_3t,test,True,zscore,-0.5115,-0.095011,0.15946,0.43194,0.96517,0.52695,1.0622,10.428,0.36713,0.20767,-0.10087,0.51093,0.80314,1.0113,1.2629,0.50033,-1.4059,3.4635,-0.0093986,-0.81254
sub-120,amsterdam_ge_3t,test,True,none,1.2776,1.44,1.544,1.6422,1.7876,0.20223,-0.089955,1.0504,1.7238,0.17976,1.623,1.9275,2.0412,2.1267,2.2397,0.19919,-1.7263,5.5061,1.453,-0.58822
sub-120,amsterdam_ge_3t,test,True,zscore,-0.99999,-0.44163,-0.084001,0.25361,0.75339,0.69524,-0.089955,1.0504,0.53398,0.61798,0.087717,0.60372,0.79641,0.94125,1.1326,0.33753,-1.7263,5.5061,-0.20031,-0.99672
sub-121,amsterdam_ge_3t,test,True,none,1.332,1.5012,1.6036,1.7055,1.8719,0.20425,0.033922,3.1036,1.7663,0.16268,1.3857,1.7223,1.8474,1.9406,2.0604,0.21832,-1.8042,5.4567,1.349,-0.49836
sub-121,amsterdam_ge_3t,test,True,zscore,-0.79744,-0.28398,0.026443,0.3356,0.84039,0.61958,0.033922,3.1036,0.51994,0.49349,-0.06563,0.54223,0.7682,0.93648,1.1529,0.39426,-1.8042,5.4567,-0.13179,-0.89998
sub-122,amsterdam_ge_3t,test,True,none,1.2747,1.4229,1.5206,1.6238,1.7971,0.2009,1.6718,14.82,1.5985,0.077824,0.9907,1.3018,1.4364,1.5248,1.6389,0.223,-1.4893,3.3755,1.0777,-0.35874
sub-122,amsterdam_ge_3t,test,True,zscore,-0.71701,-0.20851,0.12694,0.48086,1.0758,0.68937,1.6718,14.82,0.39399,0.26705,-0.31801,0.42358,0.74442,0.95512,1.2271,0.53154,-1.4893,3.3755,-0.11067,-0.85509
sub-123,amsterdam_ge_3t,test,True,none,1.0494,1.226,1.3342,1.4344,1.5868,0.20838,-0.11582,0.67608,1.5749,0.24062,1.4695,1.7995,1.9117,1.9913,2.0979,0.19184,-1.9522,6.5484,1.317,-0.59479
sub-123,amsterdam_ge_3t,test,True,zscore,-1.2107,-0.59252,-0.2138,0.13669,0.67015,0.72921,-0.11582,0.67608,0.62821,0.84201,0.036097,0.62281,0.8225,0.96399,1.1535,0.34118,-1.9522,6.5484,-0.23527,-1.0578
sub-124,amsterdam_ge_3t,test,True,none,1.1281,1.2625,1.3512,1.4387,1.5722,0.17624,-0.045576,1.4824,1.5139,0.16269,1.209,1.5032,1.6081,1.6855,1.7883,0.18233,-1.5957,4.478,1.161,-0.4471
sub-124,amsterdam_ge_3t,test,True,zscore,-1.1538,-0.56096,-0.1697,0.21635,0.80506,0.7773,-0.045576,1.4824,0.54782,0.71752,-0.11091,0.58797,0.83731,1.0211,1.2654,0.43313,-1.5957,4.478,-0.2248,-1.0621
sub-125,amsterdam_ge_3t,test,True,none,1.2474,1.4045,1.4998,1.589,1.7153,0.18454,-0.24769,3.3675,1.626,0.1262,1.374,1.7073,1.8454,1.9254,2.022,0.21809,-1.7609,4.7686,1.3241,-0.52133
sub-125,amsterdam_ge_3t,test,True,zscore,-0.91577,-0.32754,0.029446,0.36347,0.83634,0.69101,-0.24769,3.3675,0.50198,0.47253,-0.032699,0.57384,0.82517,0.9707,1.1465,0.39686,-1.7609,4.7686,-0.12351,-0.94868
sub-126,amsterdam_ge_3t,training,True,none,1.2929,1.4155,1.4952,1.5787,1.7315,0.16319,0.29508,5.3468,1.5585,0.06337,1.0287,1.2378,1.3245,1.3969,1.4951,0.15904,-1.442,4.534,1.014,-0.31053
sub-126,amsterdam_ge_3t,training,True,zscore,-0.48766,-0.090796,0.16696,0.43739,0.93181,0.52819,0.29508,5.3468,0.37206,0.20511,-0.027951,0.49403,0.71035,0.89096,1.1361,0.39693,-1.442,4.534,-0.064659,-0.77501
sub-127,amsterdam_ge_3t,test,True,none,1.0724,1.2243,1.322,1.4175,1.5665,0.19321,1.7289,19.361,1.4715,0.14941,1.3444,1.6611,1.802,1.904,2.0317,0.24284,-1.324,2.9289,1.3955,-0.40658
sub-127,amsterdam_ge_3t,test,True,zscore,-0.9604,-0.40138,-0.041555,0.30968,0.85815,0.71106,1.7289,19.361,0.50829,0.54985,-0.23399,0.48906,0.81083,1.0435,1.3352,0.55445,-1.324,2.9289,-0.11744,-0.92828
sub-128,amsterdam_ge_3t,test,True,none,1.5844,1.7551,1.8654,1.9926,2.3154,0.23748,1.1186,4.9916,1.937,0.071552,1.0666,1.342,1.4634,1.5527,1.662,0.21072,-1.2714,2.6432,1.134,-0.32942
sub-128,amsterdam_ge_3t,test,True,zscore,-0.76153,-0.24486,0.089153,0.47418,1.4517,0.71904,1.1186,4.9916,0.30579,0.21664,-0.30334,0.4361,0.76218,1.002,1.2955,0.56589,-1.2714,2.6432,-0.1225,-0.88468
sub-129,amsterdam_ge_3t,test,True,none,1.1225,1.2714,1.3713,1.4753,1.674,0.20387,1.4807,10.669,1.5488,0.17751,0.84421,1.0862,1.2034,1.2959,1.4111,0.20976,-1.1269,2.3738,0.88606,-0.31735
sub-129,amsterdam_ge_3t,test,True,zscore,-0.91602,-0.41552,-0.079876,0.26976,0.93746,0.68527,1.4807,10.669,0.51678,0.59665,-0.25378,0.45513,0.79871,1.0697,1.4071,0.6146,-1.1269,2.3738,-0.13114,-0.92985
sub-130,amsterdam_ge_3t,test,True,none,1.1339,1.2879,1.3806,1.4655,1.5939,0.17757,-0.11473,1.7944,1.577,0.19643,1.4114,1.7239,1.8408,1.9163,2.0109,0.19236,-1.8619,5.8181,1.2846,-0.55617
sub-130,amsterdam_ge_3t,test,True,zscore,-1.2282,-0.58312,-0.19507,0.16074,0.69841,0.74387,-0.11473,1.7944,0.62777,0.82284,-0.0061644,0.61043,0.84109,0.98999,1.1767,0.37955,-1.8619,5.8181,-0.25631,-1.0974
sub-131,amsterdam_ge_3t,test,True,none,1.466,1.6487,1.7662,1.8841,2.0775,0.23533,0.29571,2.2711,1.9523,0.18611,1.6958,2.0355,2.1636,2.2664,2.4023,0.23093,-1.5918,4.6027,1.6199,-0.54371
sub-131,amsterdam_ge_3t,test,True,zscore,-0.99981,-0.43182,-0.066632,0.29956,0.90079,0.73139,0.29571,2.2711,0.51177,0.5784,-0.058141,0.55908,0.79188,0.97872,1.2256,0.41964,-1.5918,4.6027,-0.19612,-0.988
sub-132,amsterdam_ge_3t,training,True,none,1.2861,1.4762,1.5795,1.696,2.0954,0.21981,1.7057,6.7273,1.6602,0.080678,1.0569,1.3444,1.4615,1.5455,1.6504,0.20115,-1.6846,4.729,1.1081,-0.35346
sub-132,amsterdam_ge_3t,training,True,zscore,-0.6542,-0.13052,0.1541,0.47497,1.5751,0.60549,1.7057,6.7273,0.37634,0.22224,-0.15573,0.49475,0.75986,0.94987,1.1873,0.45512,-1.6846,4.729,-0.039859,-0.79972
sub-133,amsterdam_ge_3t,test,True,none,1.2093,1.3746,1.4673,1.5566,1.7029,0.18202,-0.13991,3.2025,1.5832,0.11585,1.0903,1.3457,1.4435,1.5264,1.6368,0.18063,-1.6522,5.174,1.0917,-0.35185
sub-133,amsterdam_ge_3t,test,True,zscore,-0.95818,-0.32697,0.027018,0.368,0.92669,0.69498,-0.13991,3.2025,0.46935,0.44233,-0.17716,0.48382,0.73691,0.95118,1.2371,0.46735,-1.6522,5.174,-0.17346,-0.91037
sub-134,amsterdam_ge_3t,test,True,none,1.199,1.3717,1.475,1.5732,1.7404,0.20149,0.97528,12.329,1.6393,0.16425,1.0585,1.3599,1.4964,1.5864,1.6958,0.22644,-1.6111,4.1845,1.0817,-0.41466
sub-134,amsterdam_ge_3t,test,True,zscore,-0.83655,-0.31026,0.0043398,0.30362,0.81286,0.61388,0.97528,12.329,0.50478,0.50044,-0.12346,0.54702,0.85046,1.0507,1.2941,0.50363,-1.6111,4.1845,-0.071796,-0.92225
sub-135,amsterdam_ge_3t,test,True,none,1.4387,1.5889,1.6942,1.8176,2.0975,0.2287,2.4368,18.687,1.864,0.16979,1.2801,1.5895,1.7204,1.8065,1.9058,0.21694,-1.8218,5.2736,1.2449,-0.47542
sub-135,amsterdam_ge_3t,test,True,zscore,-0.75633,-0.34505,-0.056593,0.28127,1.0478,0.62632,2.4368,18.687,0.40839,0.46499,-0.09212,0.51471,0.77122,0.94011,1.1348,0.42539,-1.8218,5.2736,-0.16106,-0.93227
sub-136,amsterdam_ge_3t,test,True,none,0.97483,1.1297,1.2221,1.309,1.4347,0.17931,-0.28508,1.0377,1.3751,0.15296,1.1508,1.3869,1.4884,1.5728,1.6914,0.18589,-1.2706,3.6126,1.1003,-0.38813
sub-136,amsterdam_ge_3t,test,True,zscore,-1.173,-0.50948,-0.11368,0.25874,0.79699,0.76822,-0.28508,1.0377,0.54165,0.65534,-0.11305,0.48425,0.74103,0.95459,1.2547,0.47034,-1.2706,3.6126,-0.24105,-0.98208
sub-137,amsterdam_ge_3t,training,True,none,1.3155,1.4775,1.5672,1.653,1.7908,0.1756,-0.0023892,3.8021,1.6872,0.12004,1.2708,1.5596,1.6644,1.7461,1.8507,0.18653,-1.7001,4.9876,1.244,-0.42044
sub-137,amsterdam_ge_3t,training,True,zscore,-0.99925,-0.35432,0.0030559,0.34511,0.89366,0.69944,-0.0023892,3.8021,0.48118,0.47813,-0.11506,0.54731,0.78769,0.97517,1.2151,0.42785,-1.7001,4.9876,-0.17672,-0.96441
sub-138,amsterdam_ge_3t,test,True,none,0.84079,0.97487,1.0644,1.1539,1.2867,0.17905,0.019968,0.35055,1.2841,0.21967,1.4468,1.7198,1.8231,1.8997,2.0011,0.17987,-1.7187,5.4497,1.2531,-0.57004
sub-138,amsterdam_ge_3t,test,True,zscore,-1.2091,-0.64411,-0.26676,0.11038,0.66972,0.75449,0.019968,0.35055,0.6589,0.92566,0.091226,0.6015,0.79456,0.93765,1.1271,0.33615,-1.7187,5.4497,-0.27073,-1.0653
sub-139,amsterdam_ge_3t,test,True,none,1.0244,1.1689,1.2532,1.3323,1.4511,0.16342,-0.32897,1.5426,1.4234,0.17022,1.1113,1.3721,1.4822,1.5504,1.6376,0.17825,-1.5614,4.1755,1.0403,-0.44188
sub-139,amsterdam_ge_3t,test,True,zscore,-1.1193,-0.49721,-0.13433,0.20637,0.71774,0.70358,-0.32897,1.5426,0.59856,0.73289,-0.030103,0.60043,0.8666,1.0314,1.2424,0.43094,-1.5614,4.1755,-0.20166,-1.0683
sub-140,amsterdam_ge_3t,test,True,none,1.1833,1.3106,1.3902,1.471,1.6093,0.1604,0.74012,6.1218,1.4952,0.10498,0.99431,1.1681,1.2437,1.3119,1.4055,0.14386,-1.3966,4.6391,0.95381,-0.28984
sub-140,amsterdam_ge_3t,test,True,zscore,-0.78368,-0.27509,0.042893,0.3658,0.9184,0.64089,0.74012,6.1218,0.46233,0.41944,-0.0053146,0.50826,0.73172,0.93349,1.2101,0.42523,-1.3966,4.6391,-0.12501,-0.85673
sub-141,amsterdam_ge_3t,test,True,none,0.86274,0.97652,1.0506,1.121,1.2268,0.14444,-0.059806,0.76842,1.1796,0.12905,1.1579,1.4125,1.512,1.5806,1.6684,0.16806,-1.752,5.6122,1.08,-0.43198
sub-141,amsterdam_ge_3t,test,True,zscore,-1.0508,-0.48031,-0.10905,0.24386,0.77436,0.72418,-0.059806,0.76842,0.53795,0.647,-0.041306,0.54814,0.77851,0.93723,1.1406,0.38909,-1.752,5.6122,-0.22157,-1.0001
sub-142,amsterdam_ge_3t,test,True,none,0.93288,1.041,1.1111,1.1864,1.3205,0.14541,0.8294,5.7249,1.2443,0.13316,1.1068,1.3512,1.4454,1.5147,1.5999,0.16352,-1.7912,5.3953,1.0486,-0.39679
sub-142,amsterdam_ge_3t,test,True,zscore,-0.5838,-0.2022,0.045028,0.31086,0.78377,0.51305,0.8294,5.7249,0.51486,0.46983,0.091141,0.58624,0.77699,0.91738,1.0898,0.33114,-1.7912,5.3953,-0.026577,-0.80357
sub-143,amsterdam_ge_3t,test,True,none,1.0647,1.2125,1.3027,1.3918,1.541,0.17925,0.24734,4.9071,1.4021,0.099338,1.0429,1.3236,1.4424,1.523,1.623,0.19932,-1.6874,4.5262,1.0644,-0.37799
sub-143,amsterdam_ge_3t,test,True,zscore,-0.70605,-0.19808,0.11167,0.41766,0.9303,0.61574,0.24734,4.9071,0.4529,0.34123,-0.1185,0.53196,0.80711,0.99378,1.2257,0.46183,-1.6874,4.5262,-0.068676,-0.87578
sub-144,amsterdam_ge_3t,training,True,none,1.01,1.157,1.2421,1.3185,1.4291,0.16143,-0.30699,1.4307,1.385,0.14291,1.0989,1.3233,1.4099,1.4751,1.5563,0.15178,-1.7094,5.3938,1.0229,-0.387
sub-144,amsterdam_ge_3t,training,True,zscore,-1.2326,-0.52978,-0.12325,0.24187,0.77052,0.77165,-0.30699,1.4307,0.55986,0.68311,-0.0028872,0.59893,0.83102,1.006,1.2238,0.40703,-1.7094,5.3938,-0.20679,-1.0378
sub-145,amsterdam_ge_3t,test,True,none,1.2525,1.4177,1.5091,1.5974,1.7461,0.17968,0.72045,7.8829,1.6015,0.092406,1.2076,1.4815,1.6034,1.6939,1.8122,0.21247,-1.384,3.7072,1.2288,-0.3746
sub-145,amsterdam_ge_3t,test,True,zscore,-1.0128,-0.33673,0.037309,0.39869,1.0076,0.73543,0.72045,7.8829,0.41553,0.37822,-0.24627,0.43574,0.73935,0.96493,1.2596,0.52919,-1.384,3.7072,-0.19366,-0.93301
sub-146,amsterdam_ge_3t,test,True,none,0.80751,0.99332,1.1068,1.2163,1.3861,0.22298,0.37846,3.6815,1.338,0.23122,1.1316,1.4133,1.5277,1.6149,1.7274,0.20167,-1.5188,3.9406,1.0972,-0.43049
sub-146,amsterdam_ge_3t,test,True,zscore,-1.0207,-0.45364,-0.10736,0.22686,0.74501,0.6805,0.37846,3.6815,0.59831,0.70567,-0.046393,0.57253,0.82387,1.0156,1.2628,0.44308,-1.5188,3.9406,-0.12194,-0.94581
sub-147,amsterdam_ge_3t,test,True,none,1.4588,1.6654,1.7986,1.9351,2.1645,0.26978,1.0286,8.7456,2.0293,0.23072,2.1768,2.6788,2.8838,3.0275,3.2102,0.34868,-1.6141,4.4676,2.1681,-0.71568
sub-147,amsterdam_ge_3t,test,True,zscore,-1.0103,-0.44973,-0.088132,0.28252,0.905,0.73225,1.0286,8.7456,0.53809,0.62622,-0.20016,0.45662,0.7248,0.91285,1.152,0.45623,-1.6141,4.4676,-0.21162,-0.93642
sub-148,amsterdam_ge_3t,test,True,none,1.7209,1.9422,2.0818,2.2223,2.4622,0.28016,0.37477,4.1541,2.2385,0.1567,1.7866,2.2497,2.4424,2.5744,2.737,0.32466,-1.5567,3.7793,1.8252,-0.61723
sub-148,amsterdam_ge_3t,test,True,zscore,-0.81826,-0.28184,0.056636,0.39733,0.97887,0.67917,0.37477,4.1541,0.43652,0.37988,-0.12857,0.52212,0.7929,0.97828,1.2068,0.45616,-1.5567,3.7793,-0.074321,-0.86722
sub-149,amsterdam_ge_3t,test,True,none,1.5484,1.7606,1.8906,2.0191,2.2396,0.25848,0.28419,3.3676,2.081,0.19048,2.004,2.4301,2.5973,2.7309,2.9049,0.30076,-1.582,4.6899,1.9342,-0.66306
sub-149,amsterdam_ge_3t,test,True,zscore,-1.0028,-0.40806,-0.044089,0.31608,0.93382,0.72414,0.28419,3.3676,0.48954,0.53363,-0.1658,0.46386,0.71091,0.90827,1.1655,0.44441,-1.582,4.6899,-0.26885,-0.97976
sub-150,amsterdam_ge_1p5t,test,False,none,0.73539,0.82932,0.88881,0.94642,1.0317,0.11709,0.069367,1.8893,1.0042,0.11536,1.331,1.6918,1.88,1.9926,2.1087,0.30082,-1.5116,3.5503,1.2107,-0.66928
sub-150,amsterdam_ge_1p5t,test,False,zscore,-1.3501,-0.68707,-0.26713,0.13949,0.74156,0.82656,0.069367,1.8893,0.54718,0.8143,-0.021136,0.6416,0.9874,1.1943,1.4076,0.55267,-1.5116,3.5503,-0.2422,-1.2296
sub-151,amsterdam_ge_1p5t,test,False,none,0.63113,0.71412,0.77676,0.85738,1.2385,0.14326,1.7441,3.5125,0.82594,0.049181,0.89753,1.1573,1.2938,1.3844,1.4868,0.2271,-1.2898,2.6701,0.96584,-0.328
sub-151,amsterdam_ge_1p5t,test,False,zscore,-0.82718,-0.33497,0.036477,0.51465,2.7749,0.84962,1.7441,3.5125,0.32815,0.29167,-0.22131,0.4204,0.75767,0.9814,1.2343,0.561,-1.2898,2.6701,-0.052574,-0.81024
sub-152,amsterdam_ge_1p5t,test,False,none,0.46251,0.51592,0.54748,0.57917,0.63181,0.063248,0.88069,9.194,0.58144,0.033958,0.73724,0.96731,1.0702,1.1307,1.2018,0.16334,-1.5917,3.8363,0.76178,-0.30843
sub-152,amsterdam_ge_1p5t,test,False,zscore,-0.7998,-0.24962,0.075377,0.40181,0.944,0.65144,0.88069,9.194,0.42513,0.34976,-0.1893,0.53228,0.85501,1.0446,1.2679,0.51231,-1.5917,3.8363,-0.11234,-0.96735
sub-153,amsterdam_ge_1p5t,test,False,none,0.42258,0.48434,0.52572,0.56733,0.62623,0.082991,-0.08826,1.3467,0.61176,0.08604,0.91923,1.1493,1.2693,1.3492,1.4345,0.19992,-1.6876,5.0587,0.86118,-0.40809
sub-153,amsterdam_ge_1p5t,test,False,zscore,-0.76876,-0.32619,-0.029772,0.26843,0.6904,0.59462,-0.08826,1.3467,0.5867,0.61647,0.074051,0.575,0.83627,1.0103,1.196,0.43533,-1.6876,5.0587,-0.052349,-0.88861
sub-154,amsterdam_ge_1p5t,test,False,none,0.58841,0.66357,0.7136,0.76582,0.84733,0.10224,0.68907,5.2873,0.82868,0.11509,1.4229,1.721,1.8513,1.9437,2.0536,0.22268,-1.8102,6.0867,1.2512,-0.60012
sub-154,amsterdam_ge_1p5t,test,False,zscore,-0.97657,-0.488,-0.16288,0.17656,0.70638,0.66456,0.68907,5.2873,0.58515,0.74803,0.10645,0.59434,0.80753,0.95871,1.1384,0.36437,-1.8102,6.0867,-0.17445,-0.98198
sub-155,amsterdam_ge_1p5t,test,False,none,0.40007,0.45526,0.49189,0.52899,0.58703,0.073731,0.35031,2.1131,0.5544,0.062503,1.0557,1.3154,1.4178,1.4921,1.5801,0.17673,-1.9185,6.4291,1.0122,-0.40564
sub-155,amsterdam_ge_1p5t,test,False,zscore,-1.1657,-0.56086,-0.15935,0.24713,0.88324,0.80799,0.35031,2.1131,0.5256,0.68495,-0.10723,0.51113,0.75488,0.93193,1.1413,0.4208,-1.9185,6.4291,-0.21095,-0.96583
sub-156,amsterdam_ge_1p5t,test,False,none,0.60328,0.68397,0.74116,0.79671,0.8802,0.11274,0.18679,1.6244,0.87839,0.13723,1.622,1.9796,2.1471,2.2483,2.3669,0.26869,-1.8059,5.4537,1.3233,-0.82379
sub-156,amsterdam_ge_1p5t,test,False,zscore,-1.024,-0.54408,-0.20396,0.1264,0.62294,0.67048,0.18679,1.6244,0.61219,0.81616,0.2241,0.66787,0.87564,1.0013,1.1484,0.33343,-1.8059,5.4537,-0.14665,-1.0223
sub-157,amsterdam_ge_1p5t,test,False,none,0.85551,0.96417,1.0285,1.0926,1.1897,0.12841,-0.3395,1.8354,1.0996,0.071098,1.8722,2.3024,2.4794,2.5954,2.729,0.29295,-2.0927,7.5529,1.7914,-0.68802
sub-157,amsterdam_ge_1p5t,test,False,zscore,-0.94274,-0.33019,0.032331,0.39365,0.94122,0.72384,-0.3395,1.8354,0.43312,0.40079,-0.035249,0.54282,0.78058,0.93646,1.116,0.39363,-2.0927,7.5529,-0.14391,-0.9245
sub-158,amsterdam_ge_1p5t,test,False,none,0.85288,0.95491,1.021,1.0851,1.189,0.13017,0.19955,1.8794,1.117,0.095988,1.9425,2.3508,2.531,2.6546,2.8109,0.30381,-1.5066,4.0498,1.8124,-0.71855
sub-158,amsterdam_ge_1p5t,test,False,zscore,-1.0554,-0.4699,-0.09042,0.27715,0.87372,0.74705,0.19955,1.8794,0.46045,0.55087,-0.012688,0.56081,0.81397,0.98763,1.2072,0.42682,-1.5066,4.0498,-0.19551,-1.0095
sub-159,amsterdam_ge_1p5t,test,False,none,0.89455,1.0249,1.1192,1.2268,1.4336,0.20187,0.76485,2.245,1.1713,0.052084,1.2978,1.7705,1.9661,2.0828,2.2159,0.31235,-1.619,3.5645,1.319,-0.64713
sub-159,amsterdam_ge_1p5t,test,False,zscore,-0.62848,-0.17231,0.15741,0.53389,1.2571,0.7062,0.76485,2.245,0.33961,0.1822,-0.1248,0.48834,0.74202,0.89344,1.066,0.40511,-1.619,3.5645,-0.097291,-0.83931
sub-160,amsterdam_philips_3t,test,False,none,0.23936,0.26222,0.27771,0.29533,0.32979,0.03311,0.61945,5.8731,0.30275,0.025039,0.25784,0.30397,0.32721,0.34201,0.35772,0.038035,-1.6366,4.7571,0.24382,-0.08339
sub-160,amsterdam_philips_3t,test,False,zscore,-0.58595,-0.21764,0.032046,0.31593,0.87131,0.53357,0.61945,5.8731,0.43555,0.4035,0.05565,0.54627,0.79337,0.95074,1.1178,0.40447,-1.6366,4.7571,-0.093408,-0.88678
sub-161,amsterdam_philips_3t,test,False,none,0.289,0.32022,0.33966,0.35973,0.39376,0.039513,0.21085,3.8179,0.34525,0.0055864,0.64941,0.72245,0.75039,0.77172,0.79968,0.04927,-2.511,11.543,0.62181,-0.12858
sub-161,amsterdam_philips_3t,test,False,zscore,-0.46494,-0.040351,0.22412,0.49705,0.95986,0.5374,0.21085,3.8179,0.3001,0.075978,0.049185,0.48008,0.64493,0.77077,0.93573,0.29068,-2.511,11.543,-0.11366,-0.75859
sub-162,amsterdam_philips_3t,test,False,none,0.29897,0.32522,0.34495,0.36747,0.40371,0.04225,0.3273,2.7783,0.38571,0.040762,0.83979,0.9549,0.99723,1.0225,1.0517,0.067602,-2.2073,8.515,0.79326,-0.20398
sub-162,amsterdam_philips_3t,test,False,zscore,-0.78002,-0.37002,-0.061844,0.28989,0.85593,0.65991,0.3273,2.7783,0.57483,0.63667,0.029947,0.53825,0.7252,0.83678,0.96557,0.29853,-2.2073,8.515,-0.17555,-0.90076
sub-163,amsterdam_philips_3t,test,False,none,0.22563,0.25356,0.26995,0.2862,0.31035,0.032641,-0.19358,2.8067,0.29248,0.022531,0.73218,0.83062,0.8604,0.88349,0.91644,0.05286,-2.3662,10.096,0.71032,-0.15009
sub-163,amsterdam_philips_3t,test,False,zscore,-0.88402,-0.31451,0.019743,0.35117,0.84369,0.66568,-0.19358,2.8067,0.47924,0.45949,-0.039169,0.52364,0.69389,0.82585,1.0142,0.30221,-2.3662,10.096,-0.16416,-0.85806
sub-164,amsterdam_philips_3t,test,False,none,0.26091,0.2924,0.31017,0.32868,0.35791,0.03628,-0.26079,7.1984,0.32647,0.016306,0.63448,0.72076,0.75191,0.77254,0.79931,0.051781,-2.7943,12.405,0.61445,-0.13746
sub-164,amsterdam_philips_3t,test,False,zscore,-0.44605,-0.03524,0.1965,0.43801,0.81926,0.47325,-0.26079,7.1984,0.40921,0.21271,0.078527,0.53133,0.69484,0.80309,0.9436,0.27176,-2.7943,12.405,-0.026594,-0.72143
sub-165,amsterdam_philips_3t,test,False,none,0.30544,0.33229,0.34948,0.36646,0.39278,0.034179,-0.026619,4.0076,0.38069,0.03121,0.72687,0.80065,0.83416,0.86172,0.89632,0.061069,-2.0986,10.195,0.70018,-0.13398
sub-165,amsterdam_philips_3t,test,False,zscore,-0.82811,-0.33298,-0.015917,0.29732,0.78262,0.6303,-0.026619,4.0076,0.55963,0.57555,0.0017546,0.49028,0.71221,0.89467,1.1238,0.40438,-2.0986,10.195,-0.17498,-0.88719
sub-166,amsterdam_philips_3t,test,False,none,0.24966,0.27457,0.29071,0.30744,0.33503,0.032876,0.69175,8.1031,0.31206,0.021357,0.61858,0.69636,0.72532,0.74516,0.77073,0.048803,-2.5906,11.42,0.58612,-0.13919
sub-166,amsterdam_philips_3t,test,False,zscore,-0.55953,-0.15262,0.11106,0.3845,0.83525,0.53712,0.69175,8.1031,0.45999,0.34893,0.10948,0.53973,0.69991,0.80969,0.95111,0.26995,-2.5906,11.42,-0.070036,-0.76994
sub-167,amsterdam_philips_3t,test,False,none,0.22124,0.24749,0.26498,0.28217,0.31078,0.034671,0.33973,2.4366,0.30579,0.040812,0.77995,0.87792,0.91688,0.9443,0.97754,0.066389,-1.8468,7.6409,0.74698,-0.1699
sub-167,amsterdam_philips_3t,test,False,zscore,-1.1119,-0.57731,-0.22133,0.12858,0.71124,0.70589,0.33973,2.4366,0.60959,0.83092,-0.057438,0.53791,0.7747,0.94135,1.1433,0.40344,-1.8468,7.6409,-0.2578,-1.0325
sub-168,amsterdam_philips_3t,test,False,none,0.26959,0.29478,0.31255,0.3299,0.35497,0.035123,-0.069945,1.3048,0.35228,0.039724,0.86572,0.96141,0.99782,1.0243,1.0574,0.062926,-2.3438,11.471,0.79957,-0.19825
sub-168,amsterdam_philips_3t,test,False,zscore,-0.86,-0.40173,-0.078347,0.23727,0.6933,0.639,-0.069945,1.3048,0.64437,0.72272,0.098838,0.55797,0.73268,0.85992,1.0185,0.30195,-2.3438,11.471,-0.21863,-0.95131
sub-169,amsterdam_philips_3t,test,False,none,0.23487,0.25742,0.27164,0.28602,0.30943,0.028596,0.084865,3.2641,0.30479,0.033155,0.6025,0.66843,0.6956,0.71684,0.74401,0.048408,-1.9711,8.4581,0.55819,-0.13741
sub-169,amsterdam_philips_3t,test,False,zscore,-0.8296,-0.36897,-0.078729,0.21497,0.6929,0.58394,0.084865,3.2641,0.5983,0.67703,0.11339,0.5554,0.73755,0.87992,1.062,0.32452,-1.9711,8.4581,-0.18364,-0.92119
