participant_id,scanner,artifact,level_index,level,snr,snr_dietrich,cnr,cjv,wm_gm_ratio,efc,fber,n_air_voxels,inu_range,max_z,worst_metric,iforest_outlier,qc_class,detected
sub-000,utrecht_philips_3t,noise,0,0,7.5623,18.018,0.036916,37.517,0.99211,0.66507,4533.8,439374,,1.101,FLAIR_fber,False,usable,False
sub-000,utrecht_philips_3t,noise,1,0.03,7.4028,21.016,0.03555,39.136,0.9923,0.60358,1737.1,829554,,3.0225,FLAIR_fber,False,check,True
sub-000,utrecht_philips_3t,noise,2,0.06,6.9523,14.795,0.034997,39.467,0.99197,0.62155,510.7,791305,,3.8652,FLAIR_fber,False,check,True
sub-000,utrecht_philips_3t,noise,3,0.1,6.1463,9.9319,0.032488,41.966,0.99164,0.63947,196.13,770824,,4.0813,FLAIR_fber,False,check,True
sub-000,utrecht_philips_3t,noise,4,0.15,5.1631,7.0343,0.03097,43.423,0.99061,0.65756,89.253,761110,,4.1548,FLAIR_fber,False,check,True
sub-000,utrecht_philips_3t,motion,0,0,7.5623,18.018,0.036916,37.517,0.99211,0.66507,4533.8,439374,,1.101,FLAIR_fber,False,usable,False
sub-000,utrecht_philips_3t,motion,1,1,7.7918,16.647,0.12129,11.368,1.0266,0.58019,1.2587e+05,1016997,,0.30435,FLAIR_snr_dietrich,False,usable,False
sub-000,utrecht_philips_3t,motion,2,2,7.3736,16.572,0.16166,8.529,1.0386,0.58198,1.1787e+05,1002869,,0.5088,FLAIR_snr,False,usable,False
sub-000,utrecht_philips_3t,motion,3,4,7.0459,9.1777,0.20803,6.4407,1.0549,0.59243,1.0725e+05,986770,,1.2584,FLAIR_snr_dietrich,False,usable,False
sub-000,utrecht_philips_3t,motion,4,8,6.6428,9.0742,0.20648,6.5161,1.0569,0.59882,89337,960857,,1.2716,FLAIR_snr_dietrich,False,usable,False
sub-000,utrecht_philips_3t,bias,0,0,7.5623,18.018,0.036916,37.517,0.99211,0.66507,4533.8,439374,,1.101,FLAIR_fber,False,usable,False
sub-000,utrecht_philips_3t,bias,1,0.1,6.6384,14.633,0.01826,75.844,0.99578,0.66878,4400.3,441040,,1.1927,FLAIR_fber,False,usable,False
sub-000,utrecht_philips_3t,bias,2,0.2,4.6956,14.256,0.016683,83.686,0.9945,0.65456,3618.9,444403,,2.5025,FLAIR_snr,False,usable,False
sub-000,utrecht_philips_3t,bias,3,0.35,2.908,1.8255,0.027329,43.2,0.9822,0.58923,181.79,1070520,,4.0912,FLAIR_fber,False,check,True
sub-000,utrecht_philips_3t,bias,4,0.5,2.0102,1.1979,0.044956,26.088,0.95671,0.48095,156.35,1567032,,4.5019,FLAIR_snr,False,check,True
sub-000,utrecht_philips_3t,ghosting,0,0,7.5623,18.018,0.036916,37.517,0.99211,0.66507,4533.8,439374,,1.101,FLAIR_fber,False,usable,False
sub-000,utrecht_philips_3t,ghosting,1,0.1,7.6107,18.75,0.027561,50.307,0.99415,0.57046,36198,1033773,,0.72414,FLAIR_cnr,False,usable,False
sub-000,utrecht_philips_3t,ghosting,2,0.3,7.288,13.088,0.0076623,178.9,0.99829,0.58961,20830,1007972,,0.81452,FLAIR_cnr,False,usable,False
sub-000,utrecht_philips_3t,ghosting,3,0.6,6.1724,8.1362,0.017023,78.852,1.0046,0.6123,18990,990963,,1.4031,FLAIR_snr,False,usable,False
sub-000,utrecht_philips_3t,ghosting,4,1,5.1459,4.7923,0.069889,18.374,1.0238,0.6552,347.6,959383,,3.9773,FLAIR_fber,False,check,True
sub-001,utrecht_philips_3t,noise,0,0,8.1743,17.053,0.41997,3.2489,1.1051,0.6439,6534,509965,,0.25251,FLAIR_snr_dietrich,False,usable,False
sub-001,utrecht_philips_3t,noise,1,0.03,7.9846,20.168,0.41424,3.3123,1.1047,0.57373,2051.7,946292,,2.8064,FLAIR_fber,False,usable,False
sub-001,utrecht_philips_3t,noise,2,0.06,7.4789,15.339,0.39587,3.4566,1.1049,0.59364,602.58,902012,,3.8021,FLAIR_fber,False,check,True
sub-001,utrecht_philips_3t,noise,3,0.1,6.5874,10.775,0.35988,3.7794,1.1049,0.61343,233.24,878674,,4.0559,FLAIR_fber,False,check,True
sub-001,utrecht_philips_3t,noise,4,0.15,5.5167,7.6289,0.30946,4.3547,1.1044,0.63367,107.37,866510,,4.1423,FLAIR_fber,False,check,True
sub-001,utrecht_philips_3t,motion,0,0,8.1743,17.053,0.41997,3.2489,1.1051,0.6439,6534,509965,,0.25251,FLAIR_snr_dietrich,False,usable,False
sub-001,utrecht_philips_3t,motion,1,1,8.4123,21.352,0.54638,2.5045,1.1382,0.54772,1.0539e+05,1124189,,0,FLAIR_inu_range,False,usable,False
sub-001,utrecht_philips_3t,motion,2,2,8.2064,21.22,0.57925,2.354,1.1575,0.55063,1.0456e+05,1102297,,0,FLAIR_inu_range,False,usable,False
sub-001,utrecht_philips_3t,motion,3,4,7.6271,10.63,0.5801,2.3043,1.1742,0.56061,83915,1080956,,1.0729,FLAIR_snr_dietrich,False,usable,False
sub-001,utrecht_philips_3t,motion,4,8,7.2485,10.005,0.5703,2.3457,1.1783,0.56561,76697,1067143,,1.1527,FLAIR_snr_dietrich,False,usable,False
sub-001,utrecht_philips_3t,bias,0,0,8.1743,17.053,0.41997,3.2489,1.1051,0.6439,6534,509965,,0.25251,FLAIR_snr_dietrich,False,usable,False
sub-001,utrecht_philips_3t,bias,1,0.1,8.8797,13.905,0.47589,2.8386,1.1101,0.64147,6484.5,511470,,0.6546,FLAIR_snr_dietrich,False,usable,False
sub-001,utrecht_philips_3t,bias,2,0.2,7.5037,4.4104,0.37342,3.1261,1.1122,0.62481,4783.4,555130,,1.8673,FLAIR_snr_dietrich,False,usable,False
sub-001,utrecht_philips_3t,bias,3,0.35,4.9534,1.5645,0.1864,4.6206,1.1096,0.57156,1114.1,991164,,3.4506,FLAIR_fber,False,check,True
sub-001,utrecht_philips_3t,bias,4,0.5,3.4355,1.2471,0.12873,7.2606,1.0996,0.49408,221.08,1341856,,4.0642,FLAIR_fber,False,check,True
sub-001,utrecht_philips_3t,ghosting,0,0,8.1743,17.053,0.41997,3.2489,1.1051,0.6439,6534,509965,,0.25251,FLAIR_snr_dietrich,False,usable,False
sub-001,utrecht_philips_3t,ghosting,1,0.1,8.0988,21.68,0.42037,3.2696,1.1041,0.54079,30799,1138053,,0,FLAIR_inu_range,False,usable,False
sub-001,utrecht_philips_3t,ghosting,2,0.3,7.2621,14.203,0.38524,3.5558,1.102,0.56045,28112,1108854,,0.61646,FLAIR_snr_dietrich,False,usable,False
sub-001,utrecht_philips_3t,ghosting,3,0.6,5.5408,8.4897,0.30147,4.5048,1.0988,0.5831,26375,1095937,,1.8733,FLAIR_snr,False,usable,False
sub-001,utrecht_philips_3t,ghosting,4,1,4.094,5.131,0.2914,4.5815,1.1309,0.62241,1698.1,1132011,,3.0494,FLAIR_fber,False,check,True
sub-051,singapore_siemens_3t,noise,0,0,11.668,10.939,0.0025986,495.98,1.0005,0.54473,15129,1311374,,1.0191,FLAIR_cnr,False,usable,False
sub-051,singapore_siemens_3t,noise,1,0.03,11.052,9.5604,0.0022497,568.1,1.0004,0.5918,941.31,1129175,,2.6656,FLAIR_fber,False,usable,False
sub-051,singapore_siemens_3t,noise,2,0.06,9.6919,8.9318,0.0024771,520.71,1.0005,0.62649,294.96,1053384,,3.9925,FLAIR_efc,False,check,True
sub-051,singapore_siemens_3t,noise,3,0.1,7.7642,6.8322,0.0032948,388.46,1.0008,0.66019,119.15,1036178,,5.4664,FLAIR_efc,False,exclude,True
sub-051,singapore_siemens_3t,noise,4,0.15,5.9992,6.0857,0.00063389,2056.1,1.0002,0.69267,55.138,998002,,6.8871,FLAIR_efc,False,exclude,True
sub-051,singapore_siemens_3t,motion,0,0,11.668,10.939,0.0025986,495.98,1.0005,0.54473,15129,1311374,,1.0191,FLAIR_cnr,False,usable,False
sub-051,singapore_siemens_3t,motion,1,1,12.669,14.114,0.2304,5.6458,1.0428,0.51351,24626,1665628,,0.19235,FLAIR_cnr,False,usable,False
sub-051,singapore_siemens_3t,motion,2,2,12.023,13.488,0.27976,4.6367,1.0572,0.51444,22792,1642595,,0.01318,FLAIR_cnr,False,usable,False
sub-051,singapore_siemens_3t,motion,3,4,10.634,12.735,0.35369,3.702,1.0792,0.51991,22256,1632024,,0.081337,FLAIR_snr,False,usable,False
sub-051,singapore_siemens_3t,motion,4,8,10.005,13.216,0.36881,3.5854,1.0845,0.52083,22419,1626804,,0.46794,FLAIR_snr,False,usable,False
sub-051,singapore_siemens_3t,bias,0,0,11.668,10.939,0.0025986,495.98,1.0005,0.54473,15129,1311374,,1.0191,FLAIR_cnr,False,usable,False
sub-051,singapore_siemens_3t,bias,1,0.1,9.095,10.083,0.026057,50.499,1.0056,0.54352,9029.7,1329603,,1.0265,FLAIR_snr,False,usable,False
sub-051,singapore_siemens_3t,bias,2,0.2,5.7942,7.6063,0.021589,62.026,1.0068,0.53641,6414,1430055,,3.0536,FLAIR_snr,False,check,True
sub-051,singapore_siemens_3t,bias,3,0.35,3.4238,5.8959,0.00021823,6244.3,1.0001,0.51283,2972.3,1624141,,4.5093,FLAIR_snr,False,check,True
sub-051,singapore_siemens_3t,bias,4,0.5,2.3334,2.6446,0.022693,58.262,0.98254,0.452,1889.9,1778796,,5.1789,FLAIR_snr,False,exclude,True
sub-051,singapore_siemens_3t,ghosting,0,0,11.668,10.939,0.0025986,495.98,1.0005,0.54473,15129,1311374,,1.0191,FLAIR_cnr,False,usable,False
sub-051,singapore_siemens_3t,ghosting,1,0.1,11.708,10.409,0.022702,56.456,1.0042,0.5118,21279,1620831,,0.94616,FLAIR_cnr,False,usable,False
sub-051,singapore_siemens_3t,ghosting,2,0.3,11.281,10.588,0.063332,20.394,1.0116,0.52891,26601,1530195,,0.7987,FLAIR_cnr,False,usable,False
sub-051,singapore_siemens_3t,ghosting,3,0.6,9.8098,10.037,0.11847,11.035,1.0232,0.54598,26166,1494608,,0.5986,FLAIR_cnr,False,usable,False
sub-051,singapore_siemens_3t,ghosting,4,1,8.7474,8.4645,0.1175,11.039,1.0248,0.61571,722.38,1275087,,3.521,FLAIR_efc,False,check,True
sub-052,singapore_siemens_3t,noise,0,0,12.426,12.485,0.59473,2.1759,0.90438,0.51005,17292,1408512,,0,FLAIR_inu_range,False,usable,False
sub-052,singapore_siemens_3t,noise,1,0.03,11.631,11.189,0.57299,2.2545,0.90427,0.56257,1289.8,1195106,,2.5795,FLAIR_fber,False,usable,False
sub-052,singapore_siemens_3t,noise,2,0.06,9.8516,8.6806,0.51794,2.4754,0.90395,0.6008,381.01,1139205,,2.869,FLAIR_efc,False,usable,False
sub-052,singapore_siemens_3t,noise,3,0.1,7.6846,7.2264,0.44195,2.9254,0.9038,0.63822,146.85,1101814,,4.5054,FLAIR_efc,False,check,True
sub-052,singapore_siemens_3t,noise,4,0.15,5.7553,5.4827,0.35568,3.6289,0.90336,0.67456,66.505,1099427,,6.095,FLAIR_efc,False,exclude,True
sub-052,singapore_siemens_3t,motion,0,0,12.426,12.485,0.59473,2.1759,0.90438,0.51005,17292,1408512,,0,FLAIR_inu_range,False,usable,False
sub-052,singapore_siemens_3t,motion,1,1,12.735,12.83,0.35586,3.622,0.93922,0.47316,27701,1837990,,0,FLAIR_inu_range,False,usable,False
sub-052,singapore_siemens_3t,motion,2,2,12.196,12.768,0.31071,4.1526,0.94345,0.47414,27018,1811099,,0,FLAIR_inu_range,False,usable,False
sub-052,singapore_siemens_3t,motion,3,4,10.847,11.845,0.18067,7.188,0.96362,0.47846,24881,1801687,,0.37282,FLAIR_cnr,False,usable,False
sub-052,singapore_siemens_3t,motion,4,8,10.331,10.23,0.16263,7.9502,0.96651,0.47941,25428,1816901,,0.43832,FLAIR_cnr,False,usable,False
sub-052,singapore_siemens_3t,bias,0,0,12.426,12.485,0.59473,2.1759,0.90438,0.51005,17292,1408512,,0,FLAIR_inu_range,False,usable,False
sub-052,singapore_siemens_3t,bias,1,0.1,8.6023,10.152,0.47469,2.7911,0.90521,0.5104,11561,1435223,,1.3291,FLAIR_snr,False,usable,False
sub-052,singapore_siemens_3t,bias,2,0.2,5.7258,6.8314,0.33583,3.9548,0.90272,0.50658,7796.9,1528460,,3.0956,FLAIR_snr,False,check,True
sub-052,singapore_siemens_3t,bias,3,0.35,3.5956,6.2039,0.2377,5.7134,0.89224,0.49169,4930.7,1602133,,4.4038,FLAIR_snr,False,check,True
sub-052,singapore_siemens_3t,bias,4,0.5,2.5447,2.3265,0.1861,6.9241,0.87325,0.43805,3435.2,1707554,,5.0492,FLAIR_snr,True,exclude,True
sub-052,singapore_siemens_3t,ghosting,0,0,12.426,12.485,0.59473,2.1759,0.90438,0.51005,17292,1408512,,0,FLAIR_inu_range,False,usable,False
sub-052,singapore_siemens_3t,ghosting,1,0.1,12.556,11.112,0.56304,2.2706,0.90921,0.48631,17043,1672370,,0,FLAIR_inu_range,False,usable,False
sub-052,singapore_siemens_3t,ghosting,2,0.3,12.184,10.425,0.49625,2.5699,0.91903,0.50467,9712,1605199,,0.49678,FLAIR_fber,False,usable,False
sub-052,singapore_siemens_3t,ghosting,3,0.6,10.556,9.1188,0.37416,3.4171,0.93417,0.52382,7662.8,1581147,,1.0035,FLAIR_fber,False,usable,False
sub-052,singapore_siemens_3t,ghosting,4,1,9.0987,8.2543,0.27756,4.6329,0.94647,0.55365,13489,1482870,,1.0243,FLAIR_snr,False,usable,False
sub-100,amsterdam_ge_3t,noise,0,0,6.5259,6.6403,0.57343,2.2678,0.87236,0.57526,505.13,1502243,,0.36526,FLAIR_snr,False,usable,False
sub-100,amsterdam_ge_3t,noise,1,0.03,6.403,6.7302,0.56614,2.3074,0.87245,0.55252,399.43,1735085,,0.50922,FLAIR_snr,False,usable,False
sub-100,amsterdam_ge_3t,noise,2,0.06,6.0529,5.492,0.5283,2.4123,0.872,0.59118,181.89,1621499,,1.1554,FLAIR_fber,False,usable,False
sub-100,amsterdam_ge_3t,noise,3,0.1,5.4246,5.1339,0.47922,2.675,0.87275,0.63148,91.862,1500654,,1.8938,FLAIR_fber,False,usable,False
sub-100,amsterdam_ge_3t,noise,4,0.15,4.5958,5.0206,0.42429,3.0849,0.87191,0.67082,52.893,1361562,,2.9326,FLAIR_efc,False,usable,False
sub-100,amsterdam_ge_3t,motion,0,0,6.5259,6.6403,0.57343,2.2678,0.87236,0.57526,505.13,1502243,,0.36526,FLAIR_snr,False,usable,False
sub-100,amsterdam_ge_3t,motion,1,1,6.67,6.0677,0.44012,2.9081,0.89751,0.53276,625.77,1920958,,0.19647,FLAIR_snr,False,usable,False
sub-100,amsterdam_ge_3t,motion,2,2,6.5366,7.0578,0.43633,3.0097,0.89897,0.5323,625.58,1860416,,0.35271,FLAIR_snr,False,usable,False
sub-100,amsterdam_ge_3t,motion,3,4,6.2561,7.0049,0.32726,4.0343,0.91788,0.5369,615.79,1837811,,0.68129,FLAIR_snr,False,usable,False
sub-100,amsterdam_ge_3t,motion,4,8,6.3373,6.9508,0.31804,4.1397,0.92144,0.53642,621.67,1852184,,0.58621,FLAIR_snr,False,usable,False
sub-100,amsterdam_ge_3t,bias,0,0,6.5259,6.6403,0.57343,2.2678,0.87236,0.57526,505.13,1502243,,0.36526,FLAIR_snr,False,usable,False
sub-100,amsterdam_ge_3t,bias,1,0.1,4.6206,7.4531,0.41764,3.2598,0.8679,0.56991,353.36,1484494,,2.5968,FLAIR_snr,False,usable,False
sub-100,amsterdam_ge_3t,bias,2,0.2,3.2961,6.9416,0.31124,4.4074,0.85738,0.55936,256.93,1504152,,4.148,FLAIR_snr,False,check,True
sub-100,amsterdam_ge_3t,bias,3,0.35,2.1997,2.6899,0.23311,5.6917,0.82971,0.5201,256.17,1624995,,5.4321,FLAIR_snr,False,exclude,True
sub-100,amsterdam_ge_3t,bias,4,0.5,1.6088,0.91038,0.18747,6.3041,0.78829,0.2932,41880,2103625,,6.4839,FLAIR_snr_dietrich,True,exclude,True
sub-100,amsterdam_ge_3t,ghosting,0,0,6.5259,6.6403,0.57343,2.2678,0.87236,0.57526,505.13,1502243,,0.36526,FLAIR_snr,False,usable,False
sub-100,amsterdam_ge_3t,ghosting,1,0.1,6.6181,6.9193,0.55649,2.3457,0.8778,0.52411,652.38,1904937,,0.25728,FLAIR_snr,False,usable,False
sub-100,amsterdam_ge_3t,ghosting,2,0.3,6.6999,6.9566,0.50882,2.5614,0.88883,0.5323,604.69,1888162,,0.16146,FLAIR_snr,False,usable,False
sub-100,amsterdam_ge_3t,ghosting,3,0.6,6.5544,7.1034,0.4228,3.0966,0.90579,0.54634,521.55,1841322,,0.3319,FLAIR_snr,False,usable,False
sub-100,amsterdam_ge_3t,ghosting,4,1,4.0413,6.2748,0.30904,4.3984,0.89352,0.55982,474.57,1762799,,3.2753,FLAIR_snr,False,check,True
sub-101,amsterdam_ge_3t,noise,0,0,7.7716,5.2737,0.68773,1.7866,0.83901,0.64291,225.73,1341544,,1.8113,FLAIR_efc,False,usable,False
sub-101,amsterdam_ge_3t,noise,1,0.03,7.5597,5.5508,0.68679,1.8148,0.83886,0.61034,230.76,1588297,,0.75456,FLAIR_fber,False,usable,False
sub-101,amsterdam_ge_3t,noise,2,0.06,7.0434,5.1614,0.65799,1.8913,0.83847,0.63692,135.27,1473841,,1.5707,FLAIR_efc,False,usable,False
sub-101,amsterdam_ge_3t,noise,3,0.1,6.1156,4.9087,0.6084,2.0741,0.83838,0.66896,74.304,1345768,,2.8581,FLAIR_efc,False,usable,False
sub-101,amsterdam_ge_3t,noise,4,0.15,5.0811,4.5893,0.53637,2.3929,0.83939,0.70003,43.537,1245444,,4.1067,FLAIR_efc,False,check,True
sub-101,amsterdam_ge_3t,motion,0,0,7.7716,5.2737,0.68773,1.7866,0.83901,0.64291,225.73,1341544,,1.8113,FLAIR_efc,False,usable,False
sub-101,amsterdam_ge_3t,motion,1,1,7.9735,5.4955,0.50215,2.4535,0.8808,0.60577,274.06,1689179,,0.39943,FLAIR_fber,False,usable,False
sub-101,amsterdam_ge_3t,motion,2,2,7.7329,5.5758,0.48263,2.5754,0.88166,0.60437,272.31,1672734,,0.41375,FLAIR_fber,False,usable,False
sub-101,amsterdam_ge_3t,motion,3,4,7.077,5.6967,0.34242,3.6957,0.90842,0.60968,269.47,1648220,,0.47602,FLAIR_efc,False,usable,False
sub-101,amsterdam_ge_3t,motion,4,8,7.1435,5.614,0.32706,3.8534,0.91408,0.60948,267.56,1666856,,0.46806,FLAIR_efc,False,usable,False
sub-101,amsterdam_ge_3t,bias,0,0,7.7716,5.2737,0.68773,1.7866,0.83901,0.64291,225.73,1341544,,1.8113,FLAIR_efc,False,usable,False
sub-101,amsterdam_ge_3t,bias,1,0.1,5.4647,5.7924,0.56273,2.3256,0.82863,0.63992,150.71,1352677,,1.6912,FLAIR_efc,False,usable,False
sub-101,amsterdam_ge_3t,bias,2,0.2,3.7415,5.8266,0.42864,3.1205,0.81107,0.62561,111.34,1366034,,3.6264,FLAIR_snr,False,check,True
sub-101,amsterdam_ge_3t,bias,3,0.35,2.3852,3.2429,0.32085,4.1049,0.7707,0.55529,128.79,1638298,,5.2149,FLAIR_snr,False,exclude,True
sub-101,amsterdam_ge_3t,bias,4,0.5,1.6885,0.57026,0.22007,4.6732,0.71455,0.27566,38768,2203932,,7.0192,FLAIR_snr_dietrich,True,exclude,True
sub-101,amsterdam_ge_3t,ghosting,0,0,7.7716,5.2737,0.68773,1.7866,0.83901,0.64291,225.73,1341544,,1.8113,FLAIR_efc,False,usable,False
sub-101,amsterdam_ge_3t,ghosting,1,0.1,7.8156,5.4692,0.68055,1.8154,0.84307,0.59264,294.65,1707984,,0.23057,FLAIR_fber,False,usable,False
sub-101,amsterdam_ge_3t,ghosting,2,0.3,7.6574,5.4385,0.64588,1.9149,0.85133,0.60116,284.84,1708200,,0.31101,FLAIR_fber,False,usable,False
sub-101,amsterdam_ge_3t,ghosting,3,0.6,6.9445,5.7905,0.57934,2.1899,0.86407,0.61542,252.52,1665261,,0.70681,FLAIR_efc,False,usable,False
sub-101,amsterdam_ge_3t,ghosting,4,1,4.4319,6.2661,0.49658,2.7189,0.84645,0.61866,207.53,1555661,,2.8177,FLAIR_snr,False,usable,False
sub-150,amsterdam_ge_1p5t,noise,0,0,6.9947,5.4528,0.68509,1.8236,0.84606,0.63499,115.03,1308097,,0.20323,FLAIR_snr_dietrich,False,usable,False
sub-150,amsterdam_ge_1p5t,noise,1,0.03,6.84,5.713,0.6817,1.8564,0.84621,0.53613,214.42,2121293,,0,FLAIR_inu_range,False,usable,False
sub-150,amsterdam_ge_1p5t,noise,2,0.06,6.4334,5.6244,0.65407,1.9485,0.84626,0.56497,154.11,2041097,,0,FLAIR_inu_range,False,usable,False
sub-150,amsterdam_ge_1p5t,noise,3,0.1,5.6525,5.7824,0.60551,2.1533,0.84588,0.60688,87.929,1868174,,0.60553,FLAIR_fber,False,usable,False
sub-150,amsterdam_ge_1p5t,noise,4,0.15,4.7549,4.6235,0.51589,2.5017,0.84664,0.65246,49.224,1820055,,1.5841,FLAIR_snr_dietrich,False,usable,False
sub-150,amsterdam_ge_1p5t,motion,0,0,6.9947,5.4528,0.68509,1.8236,0.84606,0.63499,115.03,1308097,,0.20323,FLAIR_snr_dietrich,False,usable,False
sub-150,amsterdam_ge_1p5t,motion,1,1,7.1524,5.8436,0.49653,2.5444,0.88463,0.50929,166.24,2222969,,0.023006,FLAIR_cnr,False,usable,False
sub-150,amsterdam_ge_1p5t,motion,2,2,7.0246,5.7989,0.5063,2.4995,0.8812,0.50855,166.37,2208342,,0,FLAIR_inu_range,False,usable,False
sub-150,amsterdam_ge_1p5t,motion,3,4,6.5466,5.7492,0.38934,3.285,0.90083,0.51052,173.21,2215342,,0.30083,FLAIR_cnr,False,usable,False
sub-150,amsterdam_ge_1p5t,motion,4,8,6.5688,6.5407,0.38592,3.3738,0.90508,0.51525,168.31,2127847,,0.30967,FLAIR_cnr,False,usable,False
sub-150,amsterdam_ge_1p5t,bias,0,0,6.9947,5.4528,0.68509,1.8236,0.84606,0.63499,115.03,1308097,,0.20323,FLAIR_snr_dietrich,False,usable,False
sub-150,amsterdam_ge_1p5t,bias,1,0.1,5.6676,5.11,0.58252,2.2055,0.83974,0.63361,94.289,1345405,,0.77398,FLAIR_snr_dietrich,False,usable,False
sub-150,amsterdam_ge_1p5t,bias,2,0.2,4.4429,6.4613,0.49032,2.7441,0.82999,0.62966,78.251,1267160,,1.2934,FLAIR_snr,False,usable,False
sub-150,amsterdam_ge_1p5t,bias,3,0.35,3.1832,3.5665,0.37256,3.5276,0.80871,0.60857,68.145,1304088,,3.3439,FLAIR_snr_dietrich,False,check,True
sub-150,amsterdam_ge_1p5t,bias,4,0.5,2.4056,1.2095,0.27878,4.123,0.77952,0.49549,118.48,1467300,,7.2683,FLAIR_snr_dietrich,False,exclude,True
sub-150,amsterdam_ge_1p5t,ghosting,0,0,6.9947,5.4528,0.68509,1.8236,0.84606,0.63499,115.03,1308097,,0.20323,FLAIR_snr_dietrich,False,usable,False
sub-150,amsterdam_ge_1p5t,ghosting,1,0.1,7.1752,5.6656,0.67474,1.8565,0.85157,0.50218,172.21,2249802,,0,FLAIR_inu_range,False,usable,False
sub-150,amsterdam_ge_1p5t,ghosting,2,0.3,7.4386,5.7599,0.63758,1.9561,0.86278,0.51156,176.53,2252419,,0,FLAIR_inu_range,False,usable,False
sub-150,amsterdam_ge_1p5t,ghosting,3,0.6,7.5113,5.8505,0.55998,2.2257,0.88007,0.52513,167.97,2240287,,0,FLAIR_inu_range,False,usable,False
sub-150,amsterdam_ge_1p5t,ghosting,4,1,6.24,6.5311,0.35033,3.7245,0.91545,0.51646,179.75,2119744,,0.40192,FLAIR_cnr,False,usable,False
sub-152,amsterdam_ge_1p5t,noise,0,0,7.7014,6.1571,0.20478,6.1695,0.94902,0.61096,136.11,1449636,,0.77914,FLAIR_cnr,False,usable,False
sub-152,amsterdam_ge_1p5t,noise,1,0.03,7.5199,6.3906,0.20328,6.2738,0.94911,0.52249,229.68,2235485,,0.78302,FLAIR_cnr,False,usable,False
sub-152,amsterdam_ge_1p5t,noise,2,0.06,7.0641,6.8209,0.20245,6.4114,0.94816,0.55362,161.95,2113213,,0.78519,FLAIR_cnr,False,usable,False
sub-152,amsterdam_ge_1p5t,noise,3,0.1,6.2494,5.79,0.18222,7.0797,0.9488,0.59762,90.96,2011885,,0.83762,FLAIR_cnr,False,usable,False
sub-152,amsterdam_ge_1p5t,noise,4,0.15,5.2469,5.1197,0.1596,8.129,0.94912,0.6455,51.698,1897288,,1.3347,FLAIR_fber,False,usable,False
sub-152,amsterdam_ge_1p5t,motion,0,0,7.7014,6.1571,0.20478,6.1695,0.94902,0.61096,136.11,1449636,,0.77914,FLAIR_cnr,False,usable,False
sub-152,amsterdam_ge_1p5t,motion,1,1,8.0773,6.5858,0.031132,40.717,0.99225,0.49824,197.41,2303740,,1.2292,FLAIR_cnr,False,usable,False
sub-152,amsterdam_ge_1p5t,motion,2,2,7.9029,6.514,0.032988,38.494,0.99158,0.49759,198.2,2299586,,1.2244,FLAIR_cnr,False,usable,False
sub-152,amsterdam_ge_1p5t,motion,3,4,7.4249,6.5424,0.046582,27.525,1.0126,0.49939,199.66,2294840,,1.1891,FLAIR_cnr,False,usable,False
sub-152,amsterdam_ge_1p5t,motion,4,8,7.6057,6.582,0.063553,20.124,1.017,0.50132,197.52,2284058,,1.1452,FLAIR_cnr,False,usable,False
sub-152,amsterdam_ge_1p5t,bias,0,0,7.7014,6.1571,0.20478,6.1695,0.94902,0.61096,136.11,1449636,,0.77914,FLAIR_cnr,False,usable,False
sub-152,amsterdam_ge_1p5t,bias,1,0.1,6.6612,6.8904,0.2027,6.4558,0.94544,0.62354,95.146,1417956,,0.78453,FLAIR_cnr,False,usable,False
sub-152,amsterdam_ge_1p5t,bias,2,0.2,5.2559,6.6952,0.18568,7.1895,0.9389,0.63693,69.244,1396748,,0.98159,FLAIR_fber,False,usable,False
sub-152,amsterdam_ge_1p5t,bias,3,0.35,3.6993,2.4558,0.14981,8.1175,0.92331,0.60909,51.95,1399557,,5.1932,FLAIR_snr_dietrich,False,exclude,True
sub-152,amsterdam_ge_1p5t,bias,4,0.5,2.7559,1.2716,0.1301,8.4332,0.90061,0.33592,6872.4,1781898,,7.165,FLAIR_snr_dietrich,True,exclude,True
sub-152,amsterdam_ge_1p5t,ghosting,0,0,7.7014,6.1571,0.20478,6.1695,0.94902,0.61096,136.11,1449636,,0.77914,FLAIR_cnr,False,usable,False
sub-152,amsterdam_ge_1p5t,ghosting,1,0.1,7.7784,6.4005,0.18856,6.7303,0.95378,0.49075,213.29,2333888,,0.82117,FLAIR_cnr,False,usable,False
sub-152,amsterdam_ge_1p5t,ghosting,2,0.3,7.7785,6.5077,0.15101,8.4213,0.96344,0.49894,212,2334949,,0.9185,FLAIR_cnr,False,usable,False
sub-152,amsterdam_ge_1p5t,ghosting,3,0.6,7.4141,6.6051,0.088851,14.428,0.97834,0.511,202.36,2322522,,1.0796,FLAIR_cnr,False,usable,False
sub-152,amsterdam_ge_1p5t,ghosting,4,1,6.6585,6.4476,0.041096,31.536,0.98922,0.49783,211.24,2303044,,1.2034,FLAIR_cnr,False,usable,False
sub-162,amsterdam_philips_3t,noise,0,0,9.5567,4.0635,0.24664,4.2667,0.94251,0.73997,30.25,1157529,,1.2475,FLAIR_fber,False,usable,False
sub-162,amsterdam_philips_3t,noise,1,0.03,9.2006,5.1726,0.26496,4.3806,0.94255,0.56688,1007.1,3027090,,0.91922,FLAIR_snr,True,check,True
sub-162,amsterdam_philips_3t,noise,2,0.06,8.3332,5.2673,0.2548,4.6846,0.94242,0.59903,277.61,2974028,,1.8572,FLAIR_snr,True,check,True
sub-162,amsterdam_philips_3t,noise,3,0.1,7.0072,5.1853,0.22948,5.3726,0.94277,0.63452,108.22,2919413,,3.2914,FLAIR_snr,True,check,True
sub-162,amsterdam_philips_3t,noise,4,0.15,5.5746,4.7679,0.19622,6.4413,0.94247,0.67093,53.06,2864371,,4.8408,FLAIR_snr,False,check,True
sub-162,amsterdam_philips_3t,motion,0,0,9.5567,4.0635,0.24664,4.2667,0.94251,0.73997,30.25,1157529,,1.2475,FLAIR_fber,False,usable,False
sub-162,amsterdam_philips_3t,motion,1,1,9.9902,5.1678,0.11939,9.5179,0.97422,0.53512,1.1387e+05,3162568,,0.85157,FLAIR_cnr,True,check,True
sub-162,amsterdam_philips_3t,motion,2,2,9.473,5.1504,0.057979,20.005,0.98656,0.5384,1.4233e+05,3095851,,1.2202,FLAIR_cnr,True,check,True
sub-162,amsterdam_philips_3t,motion,3,4,8.6267,5.7793,0.019064,64.002,1.0046,0.54396,44628,3003628,,1.5398,FLAIR_snr,True,check,True
sub-162,amsterdam_philips_3t,motion,4,8,8.8698,5.2236,0.035299,33.521,1.0086,0.54868,31764,3006055,,1.3563,FLAIR_cnr,True,check,True
sub-162,amsterdam_philips_3t,bias,0,0,9.5567,4.0635,0.24664,4.2667,0.94251,0.73997,30.25,1157529,,1.2475,FLAIR_fber,False,usable,False
sub-162,amsterdam_philips_3t,bias,1,0.1,8.1588,4.462,0.26396,4.3372,0.93648,0.73527,33.077,1100562,,2.0459,FLAIR_snr,False,usable,False
sub-162,amsterdam_philips_3t,bias,2,0.2,5.8912,4.5672,0.2413,5.1888,0.92724,0.72519,30.429,1163465,,4.4984,FLAIR_snr,False,check,True
sub-162,amsterdam_philips_3t,bias,3,0.35,3.7876,3.8312,0.20544,6.3542,0.90719,0.69867,29.054,1266681,,6.7735,FLAIR_snr,False,exclude,True
sub-162,amsterdam_philips_3t,bias,4,0.5,2.6934,3.5234,0.19312,6.91,0.87982,0.65791,32.052,1384043,,7.9568,FLAIR_snr,False,exclude,True
sub-162,amsterdam_philips_3t,ghosting,0,0,9.5567,4.0635,0.24664,4.2667,0.94251,0.73997,30.25,1157529,,1.2475,FLAIR_fber,False,usable,False
sub-162,amsterdam_philips_3t,ghosting,1,0.1,9.6339,5.2554,0.24713,4.6638,0.94762,0.51238,80674,3424929,,0.45053,FLAIR_snr,True,check,True
sub-162,amsterdam_philips_3t,ghosting,2,0.3,9.5293,5.3164,0.1972,5.8703,0.95799,0.525,12820,3406795,,0.5637,FLAIR_snr,True,check,True
sub-162,amsterdam_philips_3t,ghosting,3,0.6,8.8278,5.394,0.11787,10.015,0.97396,0.54172,4188.4,3382185,,1.3224,FLAIR_snr,True,check,True
sub-162,amsterdam_philips_3t,ghosting,4,1,7.4255,5.4914,0.0068054,180.08,0.99835,0.55376,1.2937e+06,3058518,,2.839,FLAIR_snr,True,check,True
sub-163,amsterdam_philips_3t,noise,0,0,10.804,4.5723,0.31624,3.47,0.92769,0.74366,53.473,1014598,,0.59875,FLAIR_efc,False,usable,False
sub-163,amsterdam_philips_3t,noise,1,0.03,10.285,5.5553,0.32858,3.5734,0.92794,0.58947,945.74,2817038,,0,FLAIR_inu_range,True,check,True
sub-163,amsterdam_philips_3t,noise,2,0.06,9.1042,5.6575,0.3151,3.8322,0.92801,0.61832,262.71,2762718,,1.0234,FLAIR_snr,True,check,True
sub-163,amsterdam_philips_3t,noise,3,0.1,7.3635,5.4224,0.28226,4.4061,0.92841,0.64997,102.38,2725256,,2.906,FLAIR_snr,True,check,True
sub-163,amsterdam_philips_3t,noise,4,0.15,5.7024,4.8981,0.24453,5.2038,0.92748,0.68259,49.917,2674844,,4.7026,FLAIR_snr,False,check,True
sub-163,amsterdam_philips_3t,motion,0,0,10.804,4.5723,0.31624,3.47,0.92769,0.74366,53.473,1014598,,0.59875,FLAIR_efc,False,usable,False
sub-163,amsterdam_philips_3t,motion,1,1,11.038,5.893,0.11905,9.8633,0.97369,0.57214,48260,2806328,,0.85362,FLAIR_cnr,True,check,True
sub-163,amsterdam_philips_3t,motion,2,2,10.592,5.7872,0.096843,12.217,0.97711,0.57053,67380,2799025,,0.98693,FLAIR_cnr,True,check,True
sub-163,amsterdam_philips_3t,motion,3,4,9.2654,5.8216,0.015631,77.656,0.99608,0.57881,17340,2772783,,1.4744,FLAIR_cnr,True,check,True
sub-163,amsterdam_philips_3t,motion,4,8,9.4016,5.8505,0.006592,183.77,1.0016,0.57988,16906,2769331,,1.5287,FLAIR_cnr,True,check,True
sub-163,amsterdam_philips_3t,bias,0,0,10.804,4.5723,0.31624,3.47,0.92769,0.74366,53.473,1014598,,0.59875,FLAIR_efc,False,usable,False
sub-163,amsterdam_philips_3t,bias,1,0.1,8.017,4.6369,0.29542,3.9741,0.9273,0.74131,40.43,1032143,,2.1992,FLAIR_snr,False,usable,False
sub-163,amsterdam_philips_3t,bias,2,0.2,5.7517,4.6171,0.25176,5.0005,0.924,0.73342,33.23,1140719,,4.6492,FLAIR_snr,False,check,True
sub-163,amsterdam_philips_3t,bias,3,0.35,3.8454,4.8992,0.20457,6.5351,0.91328,0.70824,34.418,1241358,,6.711,FLAIR_snr,False,exclude,True
sub-163,amsterdam_philips_3t,bias,4,0.5,2.8274,3.6352,0.17896,7.4638,0.89548,0.66337,35.991,1462664,,7.8119,FLAIR_snr,False,exclude,True
sub-163,amsterdam_philips_3t,ghosting,0,0,10.804,4.5723,0.31624,3.47,0.92769,0.74366,53.473,1014598,,0.59875,FLAIR_efc,False,usable,False
sub-163,amsterdam_philips_3t,ghosting,1,0.1,10.937,5.7656,0.31841,3.6738,0.93226,0.53752,1.0361e+05,3220109,,0,FLAIR_inu_range,True,check,True
sub-163,amsterdam_philips_3t,ghosting,2,0.3,10.775,5.8233,0.27462,4.2772,0.94154,0.54911,15096,3204565,,0,FLAIR_inu_range,True,check,True
sub-163,amsterdam_philips_3t,ghosting,3,0.6,9.6861,5.8376,0.19985,5.9962,0.9558,0.56401,5522.5,3197831,,0.39406,FLAIR_snr,True,check,True
sub-163,amsterdam_philips_3t,ghosting,4,1,8.2138,6.1399,0.15798,7.8928,0.96297,0.57517,5.4326e+05,2949372,,1.9864,FLAIR_snr,True,check,True
