participant_id,scanner,modality,artifact,level_index,level,snr_wm,snrd_wm,cnr,cjv,efc,fber,n_wm_voxels,n_air_voxels,inu_range,max_z,worst_metric,iforest_outlier,qc_class,detected
sub-000,utrecht_philips_3t,T1w,noise,0,0,10.166,56.191,1.7737,0.55808,0.77816,1743.9,189266,852963,0.42896,1.1556,T1w_inu_range,False,usable,False
sub-000,utrecht_philips_3t,T1w,noise,1,0.03,9.9891,55.863,1.7988,0.57913,0.6341,2051.1,189266,3882950,0.43723,1.2689,T1w_inu_range,False,usable,False
sub-000,utrecht_philips_3t,T1w,noise,2,0.06,9.3842,27.368,1.7067,0.64325,0.65169,533.48,189266,3804408,0.4667,2.0614,T1w_fber,False,usable,False
sub-000,utrecht_philips_3t,T1w,noise,3,0.1,8.3258,16.105,1.5722,0.7426,0.67091,195.24,189266,3758854,0.47454,2.5019,T1w_fber,False,usable,False
sub-000,utrecht_philips_3t,T1w,noise,4,0.15,6.9153,10.644,1.4074,0.88494,0.69164,88.229,189266,3738981,0.43888,2.6412,T1w_fber,False,usable,False
sub-000,utrecht_philips_3t,T1w,motion,0,0,10.166,56.191,1.7737,0.55808,0.77816,1743.9,189266,852963,0.42896,1.1556,T1w_inu_range,False,usable,False
sub-000,utrecht_philips_3t,T1w,motion,1,1,10.485,20.57,1.8607,0.60346,0.61537,,189266,4269761,0.42942,1.9019,T1w_snrd_wm,False,usable,False
sub-000,utrecht_philips_3t,T1w,motion,2,2,10.353,21.088,1.8455,0.60329,0.61185,,189266,4293320,0.44384,1.8743,T1w_snrd_wm,False,usable,False
sub-000,utrecht_philips_3t,T1w,motion,3,4,10.203,19.24,1.8205,0.61404,0.61762,1.2191e+08,189266,4175836,0.44838,1.9727,T1w_snrd_wm,True,check,True
sub-000,utrecht_philips_3t,T1w,motion,4,8,10.265,19.271,1.8191,0.62374,0.6195,4.5689e+07,189266,4150232,0.45783,1.971,T1w_snrd_wm,True,check,True
sub-000,utrecht_philips_3t,T1w,bias,0,0,10.166,56.191,1.7737,0.55808,0.77816,1743.9,189266,852963,0.42896,1.1556,T1w_inu_range,False,usable,False
sub-000,utrecht_philips_3t,T1w,bias,1,0.1,10.165,50.632,1.651,0.55958,0.768,1786.3,189266,954508,0.47355,1.7661,T1w_inu_range,False,usable,False
sub-000,utrecht_philips_3t,T1w,bias,2,0.2,10.148,3.2388,1.0239,0.56444,0.69605,42.506,189266,2700885,0.57351,3.1346,T1w_inu_range,False,check,True
sub-000,utrecht_philips_3t,T1w,bias,3,0.35,10.083,1.0711,0.42708,0.5781,0.38853,470.9,189266,5989960,0.87058,7.2013,T1w_inu_range,True,exclude,True
sub-000,utrecht_philips_3t,T1w,bias,4,0.5,9.8814,0.97986,0.072621,0.60597,0.15006,1.0209e+05,189266,6074096,1.2919,12.969,T1w_inu_range,True,exclude,True
sub-000,utrecht_philips_3t,T1w,ghosting,0,0,10.166,56.191,1.7737,0.55808,0.77816,1743.9,189266,852963,0.42896,1.1556,T1w_inu_range,False,usable,False
sub-000,utrecht_philips_3t,T1w,ghosting,1,0.1,10.223,23.39,1.8301,0.56609,0.58519,8.3024e+06,189266,5048647,0.43494,1.7517,T1w_snrd_wm,True,check,True
sub-000,utrecht_philips_3t,T1w,ghosting,2,0.3,9.4532,441.89,1.7255,0.6544,0.60064,1.2298e+06,189266,4990006,0.4504,1.4491,T1w_inu_range,True,check,True
sub-000,utrecht_philips_3t,T1w,ghosting,3,0.6,7.2774,441.89,1.433,0.8858,0.61899,3.0346e+05,189266,4986053,0.45395,2.3215,T1w_cjv,True,check,True
sub-000,utrecht_philips_3t,T1w,ghosting,4,1,6.562,15.796,1.2545,0.97504,0.66891,591.82,189266,4673854,0.45413,3.0698,T1w_cjv,False,check,True
sub-001,utrecht_philips_3t,T1w,noise,0,0,9.9998,43.86,1.3745,0.76378,0.77537,1629,147780,1054427,0.47442,1.778,T1w_inu_range,False,usable,False
sub-001,utrecht_philips_3t,T1w,noise,1,0.03,9.7652,45.394,1.4058,0.79427,0.62183,1888,147780,4205321,0.48362,1.904,T1w_inu_range,False,usable,False
sub-001,utrecht_philips_3t,T1w,noise,2,0.06,9.1545,23.771,1.3567,0.85468,0.64067,517.26,147780,4099185,0.49045,2.0826,T1w_fber,False,usable,False
sub-001,utrecht_philips_3t,T1w,noise,3,0.1,8.039,14.294,1.2635,0.96469,0.66186,195.21,147780,4046601,0.4796,2.983,T1w_cjv,False,usable,False
sub-001,utrecht_philips_3t,T1w,noise,4,0.15,6.7374,9.8072,1.1843,1.0716,0.68402,90.353,147780,4008420,0.44228,3.879,T1w_cjv,False,check,True
sub-001,utrecht_philips_3t,T1w,motion,0,0,9.9998,43.86,1.3745,0.76378,0.77537,1629,147780,1054427,0.47442,1.778,T1w_inu_range,False,usable,False
sub-001,utrecht_philips_3t,T1w,motion,1,1,10.292,17.01,1.5181,0.78456,0.59651,,147780,4705892,0.45873,2.0914,T1w_snrd_wm,False,usable,False
sub-001,utrecht_philips_3t,T1w,motion,2,2,10.115,16.694,1.4775,0.81002,0.59276,,147780,4742030,0.47101,2.1082,T1w_snrd_wm,False,usable,False
sub-001,utrecht_philips_3t,T1w,motion,3,4,9.9941,15.92,1.4738,0.81569,0.59849,,147780,4600582,0.47523,2.1494,T1w_snrd_wm,False,usable,False
sub-001,utrecht_philips_3t,T1w,motion,4,8,10.012,16.786,1.4923,0.8137,0.59818,2.8026e+08,147780,4638734,0.46657,2.1033,T1w_snrd_wm,True,check,True
sub-001,utrecht_philips_3t,T1w,bias,0,0,9.9998,43.86,1.3745,0.76378,0.77537,1629,147780,1054427,0.47442,1.778,T1w_inu_range,False,usable,False
sub-001,utrecht_philips_3t,T1w,bias,1,0.1,10.013,36.066,1.336,0.76717,0.76165,1434.2,147780,1073330,0.51156,2.2865,T1w_inu_range,False,usable,False
sub-001,utrecht_philips_3t,T1w,bias,2,0.2,10.004,1.4605,0.70931,0.77173,0.68152,16.794,147780,3444202,0.57861,3.7459,T1w_cnr,True,check,True
sub-001,utrecht_philips_3t,T1w,bias,3,0.35,9.9543,0.94664,0.33535,0.78116,0.41636,281.82,147780,5577868,0.76066,5.6965,T1w_inu_range,True,exclude,True
sub-001,utrecht_philips_3t,T1w,bias,4,0.5,9.83,0.81403,0.076193,0.7914,0.1984,15325,147780,5723016,1.0402,9.5232,T1w_inu_range,True,exclude,True
sub-001,utrecht_philips_3t,T1w,ghosting,0,0,9.9998,43.86,1.3745,0.76378,0.77537,1629,147780,1054427,0.47442,1.778,T1w_inu_range,False,usable,False
sub-001,utrecht_philips_3t,T1w,ghosting,1,0.1,10.051,17.596,1.4416,0.76781,0.57008,2.0631e+06,147780,5439274,0.46978,2.0602,T1w_snrd_wm,True,check,True
sub-001,utrecht_philips_3t,T1w,ghosting,2,0.3,9.5549,441.89,1.3968,0.83745,0.58569,3.69e+05,147780,5365632,0.47379,1.9161,T1w_cjv,True,check,True
sub-001,utrecht_philips_3t,T1w,ghosting,3,0.6,7.8798,220.94,1.2516,1.0165,0.60488,1.1423e+05,147780,5330100,0.47046,3.417,T1w_cjv,True,check,True
sub-001,utrecht_philips_3t,T1w,ghosting,4,1,6.3187,27.618,1.034,1.2079,0.6514,2035.3,147780,4988276,0.45583,5.0225,T1w_cjv,True,exclude,True
sub-051,singapore_siemens_3t,T1w,noise,0,0,9.2048,35.789,1.2325,0.82827,0.57953,869.61,123749,6042167,0.61475,1.8008,T1w_snr_wm,False,usable,False
sub-051,singapore_siemens_3t,T1w,noise,1,0.03,9.0156,26.228,1.215,0.86512,0.57295,673.73,123749,6461586,0.62305,2.5696,T1w_snrd_wm,False,usable,False
sub-051,singapore_siemens_3t,T1w,noise,2,0.06,8.507,17.073,1.1505,0.9502,0.60519,296.55,123749,5791969,0.63681,3.8454,T1w_snrd_wm,False,check,True
sub-051,singapore_siemens_3t,T1w,noise,3,0.1,7.6677,11.438,1.0601,1.0842,0.63579,135.73,123749,5413099,0.61725,4.6307,T1w_snrd_wm,True,check,True
sub-051,singapore_siemens_3t,T1w,noise,4,0.15,6.5397,8.3725,0.95272,1.2735,0.6655,69.077,123749,5118710,0.58904,5.0579,T1w_snrd_wm,True,exclude,True
sub-051,singapore_siemens_3t,T1w,motion,0,0,9.2048,35.789,1.2325,0.82827,0.57953,869.61,123749,6042167,0.61475,1.8008,T1w_snr_wm,False,usable,False
sub-051,singapore_siemens_3t,T1w,motion,1,1,9.8193,35.981,1.2944,0.8866,0.55421,1097.2,123749,7129014,0.63598,1.4674,T1w_snr_wm,False,usable,False
sub-051,singapore_siemens_3t,T1w,motion,2,2,9.5826,34.436,1.2579,0.90991,0.54958,1108.7,123749,7209729,0.64119,1.5958,T1w_snr_wm,False,usable,False
sub-051,singapore_siemens_3t,T1w,motion,3,4,9.563,33.549,1.2521,0.91239,0.55206,1094.8,123749,7112894,0.6461,1.6064,T1w_snr_wm,False,usable,False
sub-051,singapore_siemens_3t,T1w,motion,4,8,9.5717,33.75,1.2555,0.92939,0.553,1084.3,123749,7098281,0.64313,1.6017,T1w_snr_wm,False,usable,False
sub-051,singapore_siemens_3t,T1w,bias,0,0,9.2048,35.789,1.2325,0.82827,0.57953,869.61,123749,6042167,0.61475,1.8008,T1w_snr_wm,False,usable,False
sub-051,singapore_siemens_3t,T1w,bias,1,0.1,9.1759,30.515,1.1961,0.83722,0.57002,785.08,123749,5966960,0.52901,1.9721,T1w_snrd_wm,False,usable,False
sub-051,singapore_siemens_3t,T1w,bias,2,0.2,9.1491,21.35,1.0047,0.84575,0.50322,697.15,123749,6398592,0.53224,3.2494,T1w_snrd_wm,False,check,True
sub-051,singapore_siemens_3t,T1w,bias,3,0.35,9.1087,3.7787,0.29696,0.85479,0.26104,38622,123749,9972070,0.69657,5.6981,T1w_snrd_wm,True,exclude,True
sub-051,singapore_siemens_3t,T1w,bias,4,0.5,9.036,2.6452,0.080172,0.86553,0.10892,9.0166e+05,123749,9989501,0.95778,5.9216,T1w_cnr,True,exclude,True
sub-051,singapore_siemens_3t,T1w,ghosting,0,0,9.2048,35.789,1.2325,0.82827,0.57953,869.61,123749,6042167,0.61475,1.8008,T1w_snr_wm,False,usable,False
sub-051,singapore_siemens_3t,T1w,ghosting,1,0.1,9.3846,31.416,1.2719,0.80872,0.54641,1139.4,123749,7251829,0.60608,1.8467,T1w_snrd_wm,False,usable,False
sub-051,singapore_siemens_3t,T1w,ghosting,2,0.3,9.5435,24.206,1.2476,0.82426,0.56667,720.63,123749,6896248,0.61729,2.8514,T1w_snrd_wm,False,usable,False
sub-051,singapore_siemens_3t,T1w,ghosting,3,0.6,9.3101,17.3,1.1693,0.91573,0.59029,469.56,123749,6610686,0.62174,3.8138,T1w_snrd_wm,False,check,True
sub-051,singapore_siemens_3t,T1w,ghosting,4,1,6.0661,17.458,0.83331,1.4885,0.61651,440.49,123749,6757231,0.59618,5.5611,T1w_cjv,True,exclude,True
sub-052,singapore_siemens_3t,T1w,noise,0,0,11.529,56.246,1.5914,0.68779,0.5318,1145.2,129179,6367573,0.46754,0.53957,T1w_snr_wm,False,usable,False
sub-052,singapore_siemens_3t,T1w,noise,1,0.03,11.143,33.65,1.5271,0.72871,0.53536,763.78,129179,6676826,0.48246,1.5353,T1w_snrd_wm,False,usable,False
sub-052,singapore_siemens_3t,T1w,noise,2,0.06,10.026,19.887,1.364,0.85706,0.57901,304.85,129179,5947982,0.49881,3.4533,T1w_snrd_wm,False,check,True
sub-052,singapore_siemens_3t,T1w,noise,3,0.1,8.5292,12.665,1.206,1.0147,0.62038,124.33,129179,5513894,0.50002,4.4597,T1w_snrd_wm,False,check,True
sub-052,singapore_siemens_3t,T1w,noise,4,0.15,7.0304,8.7982,1.0488,1.2006,0.65725,62.101,129179,5305171,0.46296,4.9986,T1w_snrd_wm,True,check,True
sub-052,singapore_siemens_3t,T1w,motion,0,0,11.529,56.246,1.5914,0.68779,0.5318,1145.2,129179,6367573,0.46754,0.53957,T1w_snr_wm,False,usable,False
sub-052,singapore_siemens_3t,T1w,motion,1,1,11.798,54.091,1.5714,0.75738,0.50018,1372.7,129179,7785037,0.46225,0.39355,T1w_snr_wm,False,usable,False
sub-052,singapore_siemens_3t,T1w,motion,2,2,11.626,51.788,1.5734,0.75495,0.497,1377,129179,7804515,0.46796,0.48711,T1w_snr_wm,False,usable,False
sub-052,singapore_siemens_3t,T1w,motion,3,4,11.503,50.01,1.5429,0.76871,0.49991,1373.2,129179,7740526,0.47654,0.55393,T1w_snr_wm,False,usable,False
sub-052,singapore_siemens_3t,T1w,motion,4,8,11.478,50.036,1.5311,0.78175,0.5005,1344.3,129179,7772153,0.47971,0.56736,T1w_snr_wm,False,usable,False
sub-052,singapore_siemens_3t,T1w,bias,0,0,11.529,56.246,1.5914,0.68779,0.5318,1145.2,129179,6367573,0.46754,0.53957,T1w_snr_wm,False,usable,False
sub-052,singapore_siemens_3t,T1w,bias,1,0.1,11.472,45.38,1.5491,0.70306,0.53674,1015.7,129179,6329937,0.45984,0.5706,T1w_snr_wm,False,usable,False
sub-052,singapore_siemens_3t,T1w,bias,2,0.2,11.413,37.256,1.4411,0.71536,0.52046,957.75,129179,6420360,0.53286,1.0328,T1w_snrd_wm,False,usable,False
sub-052,singapore_siemens_3t,T1w,bias,3,0.35,11.318,10.079,0.52122,0.72997,0.34865,1.15e+05,129179,9628686,0.74795,4.8201,T1w_snrd_wm,True,check,True
sub-052,singapore_siemens_3t,T1w,bias,4,0.5,11.196,6.9111,0.11698,0.74608,0.13973,1.8041e+06,129179,9633616,1.0358,5.7422,T1w_cnr,True,exclude,True
sub-052,singapore_siemens_3t,T1w,ghosting,0,0,11.529,56.246,1.5914,0.68779,0.5318,1145.2,129179,6367573,0.46754,0.53957,T1w_snr_wm,False,usable,False
sub-052,singapore_siemens_3t,T1w,ghosting,1,0.1,11.722,44.101,1.5974,0.6844,0.49329,1667.5,129179,7887564,0.46366,0.43484,T1w_snr_wm,False,usable,False
sub-052,singapore_siemens_3t,T1w,ghosting,2,0.3,11.729,39.417,1.5445,0.72087,0.50873,1341.8,129179,7601775,0.46834,0.73168,T1w_snrd_wm,False,usable,False
sub-052,singapore_siemens_3t,T1w,ghosting,3,0.6,10.987,34.081,1.4017,0.84188,0.52728,1095.4,129179,7365866,0.48432,1.4753,T1w_snrd_wm,False,usable,False
sub-052,singapore_siemens_3t,T1w,ghosting,4,1,7.3722,27.577,1.0151,1.2435,0.56161,614.1,129179,7331177,0.47371,3.7094,T1w_cjv,False,check,True
sub-100,amsterdam_ge_3t,T1w,noise,0,0,12.048,35.072,1.6626,0.59412,0.64377,2542.3,240482,2781247,0.26023,0.048578,T1w_fber,False,usable,False
sub-100,amsterdam_ge_3t,T1w,noise,1,0.03,11.587,34.691,1.6337,0.63807,0.57673,1351.8,240482,4583710,0.28208,1.2763,T1w_fber,False,usable,False
sub-100,amsterdam_ge_3t,T1w,noise,2,0.06,10.346,17.975,1.4394,0.76486,0.59935,360.23,240482,4365978,0.35005,2.2988,T1w_fber,False,usable,False
sub-100,amsterdam_ge_3t,T1w,noise,3,0.1,8.6261,11.078,1.2502,0.9328,0.62397,141.78,240482,4259559,0.37657,2.8158,T1w_snrd_wm,False,usable,False
sub-100,amsterdam_ge_3t,T1w,noise,4,0.15,6.9928,7.7193,1.083,1.1184,0.65024,67.82,240482,4192519,0.37478,3.2179,T1w_snrd_wm,False,check,True
sub-100,amsterdam_ge_3t,T1w,motion,0,0,12.048,35.072,1.6626,0.59412,0.64377,2542.3,240482,2781247,0.26023,0.048578,T1w_fber,False,usable,False
sub-100,amsterdam_ge_3t,T1w,motion,1,1,12.881,220.94,1.7433,0.63506,0.56195,2.1802e+05,240482,4873635,0.2519,-0.32525,T1w_inu_range,True,check,True
sub-100,amsterdam_ge_3t,T1w,motion,2,2,12.401,220.94,1.689,0.64705,0.55624,2.1313e+05,240482,4949841,0.27003,0.024498,T1w_inu_range,True,check,True
sub-100,amsterdam_ge_3t,T1w,motion,3,4,12.234,220.94,1.6427,0.66951,0.56308,1.4324e+05,240482,4777719,0.29137,0.43621,T1w_inu_range,True,check,True
sub-100,amsterdam_ge_3t,T1w,motion,4,8,12.376,220.94,1.6776,0.65705,0.56378,1.2139e+05,240482,4803088,0.26807,-0.01331,T1w_inu_range,True,check,True
sub-100,amsterdam_ge_3t,T1w,bias,0,0,12.048,35.072,1.6626,0.59412,0.64377,2542.3,240482,2781247,0.26023,0.048578,T1w_fber,False,usable,False
sub-100,amsterdam_ge_3t,T1w,bias,1,0.1,12.038,33.353,1.6268,0.59888,0.6457,2347.2,240482,2745241,0.3535,1.6347,T1w_inu_range,False,usable,False
sub-100,amsterdam_ge_3t,T1w,bias,2,0.2,12.016,28.095,1.5116,0.60835,0.64511,1880.4,240482,2804590,0.5603,5.6239,T1w_inu_range,False,exclude,True
sub-100,amsterdam_ge_3t,T1w,bias,3,0.35,11.949,6.7588,0.80017,0.63183,0.62619,216.2,240482,4411312,0.96396,13.411,T1w_inu_range,False,exclude,True
sub-100,amsterdam_ge_3t,T1w,bias,4,0.5,11.849,1.6104,0.59301,0.64951,0.56015,127.31,240482,6068823,1.4933,23.622,T1w_inu_range,True,exclude,True
sub-100,amsterdam_ge_3t,T1w,ghosting,0,0,12.048,35.072,1.6626,0.59412,0.64377,2542.3,240482,2781247,0.26023,0.048578,T1w_fber,False,usable,False
sub-100,amsterdam_ge_3t,T1w,ghosting,1,0.1,12.209,147.3,1.7142,0.59893,0.53277,50880,240482,5620659,0.26282,-0.11467,T1w_inu_range,True,check,True
sub-100,amsterdam_ge_3t,T1w,ghosting,2,0.3,11.71,88.377,1.5727,0.68228,0.54893,22316,240482,5477240,0.29422,0.49104,T1w_inu_range,True,check,True
sub-100,amsterdam_ge_3t,T1w,ghosting,3,0.6,9.6724,63.126,1.266,0.8995,0.56999,11447,240482,5388191,0.35798,1.7212,T1w_inu_range,False,usable,False
sub-100,amsterdam_ge_3t,T1w,ghosting,4,1,5.9599,15.782,0.84887,1.2872,0.61095,828.42,240482,5222470,0.38378,2.9793,T1w_cjv,True,check,True
sub-101,amsterdam_ge_3t,T1w,noise,0,0,12.245,27.639,1.4115,0.61113,0.69572,1781.3,261396,2238816,0.3094,1.9546,T1w_efc,False,usable,False
sub-101,amsterdam_ge_3t,T1w,noise,1,0.03,11.757,34.554,1.452,0.65586,0.61878,1525.3,261396,4059795,0.33864,1.348,T1w_inu_range,False,usable,False
sub-101,amsterdam_ge_3t,T1w,noise,2,0.06,10.491,18.234,1.3186,0.76554,0.63403,422.84,261396,3916298,0.38756,2.2918,T1w_inu_range,False,usable,False
sub-101,amsterdam_ge_3t,T1w,noise,3,0.1,8.7338,11.234,1.1802,0.92926,0.6518,157.91,261396,3788235,0.41743,2.8679,T1w_inu_range,False,usable,False
sub-101,amsterdam_ge_3t,T1w,noise,4,0.15,7.1092,7.8059,1.058,1.1015,0.67104,76.453,261396,3747933,0.40233,3.2076,T1w_snrd_wm,False,check,True
sub-101,amsterdam_ge_3t,T1w,motion,0,0,12.245,27.639,1.4115,0.61113,0.69572,1781.3,261396,2238816,0.3094,1.9546,T1w_efc,False,usable,False
sub-101,amsterdam_ge_3t,T1w,motion,1,1,12.652,6.6463,1.5264,0.70346,0.60293,1.1387e+07,261396,4526349,0.32045,3.3464,T1w_snrd_wm,False,check,True
sub-101,amsterdam_ge_3t,T1w,motion,2,2,12.72,6.3773,1.5326,0.66747,0.59787,2.9398e+06,261396,4589809,0.31258,3.3786,T1w_snrd_wm,False,check,True
sub-101,amsterdam_ge_3t,T1w,motion,3,4,12.401,441.89,1.5098,0.68895,0.60314,2.0617e+06,261396,4444965,0.32927,1.1673,T1w_inu_range,True,check,True
sub-101,amsterdam_ge_3t,T1w,motion,4,8,12.556,441.89,1.5182,0.68967,0.60538,1.8777e+06,261396,4414292,0.32364,1.0587,T1w_inu_range,True,check,True
sub-101,amsterdam_ge_3t,T1w,bias,0,0,12.245,27.639,1.4115,0.61113,0.69572,1781.3,261396,2238816,0.3094,1.9546,T1w_efc,False,usable,False
sub-101,amsterdam_ge_3t,T1w,bias,1,0.1,12.208,19.677,1.2636,0.62875,0.68863,1104.9,261396,2386691,0.52782,4.9975,T1w_inu_range,False,check,True
sub-101,amsterdam_ge_3t,T1w,bias,2,0.2,12.128,1.6701,0.72837,0.65141,0.66925,24.006,261396,5058904,0.84301,11.078,T1w_inu_range,False,exclude,True
sub-101,amsterdam_ge_3t,T1w,bias,3,0.35,11.956,1.1483,0.5631,0.67853,0.6111,51.256,261396,6313668,1.4724,23.219,T1w_inu_range,False,exclude,True
sub-101,amsterdam_ge_3t,T1w,bias,4,0.5,11.583,1.0644,0.40778,0.70189,0.48607,192.25,261396,6606953,2.2955,39.096,T1w_inu_range,True,exclude,True
sub-101,amsterdam_ge_3t,T1w,ghosting,0,0,12.245,27.639,1.4115,0.61113,0.69572,1781.3,261396,2238816,0.3094,1.9546,T1w_efc,False,usable,False
sub-101,amsterdam_ge_3t,T1w,ghosting,1,0.1,12.326,88.379,1.5455,0.61877,0.58069,20539,261396,5030580,0.30733,0.74407,T1w_inu_range,True,check,True
sub-101,amsterdam_ge_3t,T1w,ghosting,2,0.3,11.534,44.189,1.4308,0.70528,0.59651,6299,261396,4929417,0.34421,1.4555,T1w_inu_range,False,usable,False
sub-101,amsterdam_ge_3t,T1w,ghosting,3,0.6,9.3785,31.563,1.2018,0.89811,0.61768,3505.6,261396,4842168,0.40977,2.7202,T1w_inu_range,False,usable,False
sub-101,amsterdam_ge_3t,T1w,ghosting,4,1,5.1379,11.047,0.76897,1.5259,0.66618,398.01,261396,4396953,0.35579,4.3239,T1w_cjv,True,check,True
sub-150,amsterdam_ge_1p5t,T1w,noise,0,0,12.143,39.051,2.2133,0.50184,0.49469,3.8413e+05,102454,4060570,0.16007,0.25473,T1w_snrd_wm,False,usable,False
sub-150,amsterdam_ge_1p5t,T1w,noise,1,0.03,11.821,52.201,2.1373,0.5323,0.48971,2521.4,102454,4590261,0.18205,2.424,T1w_fber,False,usable,False
sub-150,amsterdam_ge_1p5t,T1w,noise,2,0.06,10.911,26.726,2.0039,0.59063,0.51209,689.67,102454,4443606,0.19609,2.4364,T1w_fber,False,usable,False
sub-150,amsterdam_ge_1p5t,T1w,noise,3,0.1,9.3874,15.262,1.7708,0.69542,0.53681,240.3,102454,4364151,0.23302,2.4395,T1w_fber,False,usable,False
sub-150,amsterdam_ge_1p5t,T1w,noise,4,0.15,7.556,10.261,1.5231,0.83581,0.56466,111.43,102454,4315852,0.23015,2.4403,T1w_fber,False,usable,False
sub-150,amsterdam_ge_1p5t,T1w,motion,0,0,12.143,39.051,2.2133,0.50184,0.49469,3.8413e+05,102454,4060570,0.16007,0.25473,T1w_snrd_wm,False,usable,False
sub-150,amsterdam_ge_1p5t,T1w,motion,1,1,12.278,441.9,2.259,0.55011,0.46962,1.5577e+06,102454,5191513,0.16263,-0.024717,T1w_snr_wm,True,check,True
sub-150,amsterdam_ge_1p5t,T1w,motion,2,2,12.112,441.91,2.2559,0.54059,0.45979,1.4365e+06,102454,5281984,0.14994,0.048314,T1w_snr_wm,True,check,True
sub-150,amsterdam_ge_1p5t,T1w,motion,3,4,11.396,441.9,2.1447,0.58058,0.47066,9.4589e+05,102454,5049617,0.16525,0.36247,T1w_snr_wm,True,check,True
sub-150,amsterdam_ge_1p5t,T1w,motion,4,8,11.573,441.9,2.1229,0.58686,0.47044,8.1943e+05,102454,5004913,0.20895,0.28481,T1w_snr_wm,False,usable,False
sub-150,amsterdam_ge_1p5t,T1w,bias,0,0,12.143,39.051,2.2133,0.50184,0.49469,3.8413e+05,102454,4060570,0.16007,0.25473,T1w_snrd_wm,False,usable,False
sub-150,amsterdam_ge_1p5t,T1w,bias,1,0.1,12.199,32.742,2.1981,0.50527,0.49026,2.7443e+05,102454,4070938,0.22595,0.58276,T1w_fber,False,usable,False
sub-150,amsterdam_ge_1p5t,T1w,bias,2,0.2,12.237,303.34,2.1455,0.5097,0.48122,2.0642e+05,102454,4112885,0.3431,2.5695,T1w_inu_range,False,usable,False
sub-150,amsterdam_ge_1p5t,T1w,bias,3,0.35,12.251,97.994,1.069,0.51861,0.4585,72139,102454,5471185,0.58576,7.9164,T1w_inu_range,False,exclude,True
sub-150,amsterdam_ge_1p5t,T1w,bias,4,0.5,12.209,35.126,0.78001,0.5298,0.42407,54016,102454,6422114,0.88525,14.516,T1w_inu_range,False,exclude,True
sub-150,amsterdam_ge_1p5t,T1w,ghosting,0,0,12.143,39.051,2.2133,0.50184,0.49469,3.8413e+05,102454,4060570,0.16007,0.25473,T1w_snrd_wm,False,usable,False
sub-150,amsterdam_ge_1p5t,T1w,ghosting,1,0.1,12.002,445.2,2.1952,0.51366,0.4219,1.4786e+06,102454,6461560,0.15502,0.096429,T1w_snr_wm,True,check,True
sub-150,amsterdam_ge_1p5t,T1w,ghosting,2,0.3,10.59,449.68,1.9757,0.61072,0.43284,8.3474e+05,102454,6359747,0.18398,0.7161,T1w_snr_wm,False,usable,False
sub-150,amsterdam_ge_1p5t,T1w,ghosting,3,0.6,7.822,452.29,1.5236,0.84383,0.44701,5.7163e+05,102454,6274961,0.22032,1.9303,T1w_snr_wm,False,usable,False
sub-150,amsterdam_ge_1p5t,T1w,ghosting,4,1,5.3056,441.94,1.0526,1.1698,0.48625,3.4832e+05,102454,6151376,0.1931,3.9657,T1w_cjv,True,check,True
sub-152,amsterdam_ge_1p5t,T1w,noise,0,0,10.388,380.52,1.4661,0.69678,0.56099,1.8452e+05,89747,2492220,0.26632,1.2733,T1w_efc,False,usable,False
sub-152,amsterdam_ge_1p5t,T1w,noise,1,0.03,10.169,48.416,1.4214,0.73912,0.48207,3020,89747,4499295,0.29222,2.4206,T1w_fber,False,usable,False
sub-152,amsterdam_ge_1p5t,T1w,noise,2,0.06,9.4447,23.433,1.3316,0.82442,0.50034,772.54,89747,4391143,0.3267,2.4358,T1w_fber,False,usable,False
sub-152,amsterdam_ge_1p5t,T1w,noise,3,0.1,8.3129,14.372,1.2408,0.93625,0.52432,287.93,89747,4331877,0.32378,2.4391,T1w_fber,False,usable,False
sub-152,amsterdam_ge_1p5t,T1w,noise,4,0.15,6.91,9.6633,1.1248,1.084,0.55144,130.87,89747,4302094,0.29446,3.2862,T1w_cjv,False,check,True
sub-152,amsterdam_ge_1p5t,T1w,motion,0,0,10.388,380.52,1.4661,0.69678,0.56099,1.8452e+05,89747,2492220,0.26632,1.2733,T1w_efc,False,usable,False
sub-152,amsterdam_ge_1p5t,T1w,motion,1,1,10.504,24.696,1.5444,0.771,0.47467,8.5879e+06,89747,4648247,0.28604,1.3121,T1w_inu_range,False,usable,False
sub-152,amsterdam_ge_1p5t,T1w,motion,2,2,10.217,25.148,1.4906,0.79395,0.46735,3.1743e+06,89747,4689982,0.29805,1.5768,T1w_inu_range,False,usable,False
sub-152,amsterdam_ge_1p5t,T1w,motion,3,4,9.6692,441.9,1.4517,0.83129,0.47241,2.9131e+06,89747,4615569,0.31533,1.9575,T1w_inu_range,True,check,True
sub-152,amsterdam_ge_1p5t,T1w,motion,4,8,9.8415,441.9,1.4751,0.81256,0.47227,2.6252e+06,89747,4650140,0.29586,1.5285,T1w_inu_range,True,check,True
sub-152,amsterdam_ge_1p5t,T1w,bias,0,0,10.388,380.52,1.4661,0.69678,0.56099,1.8452e+05,89747,2492220,0.26632,1.2733,T1w_efc,False,usable,False
sub-152,amsterdam_ge_1p5t,T1w,bias,1,0.1,10.412,211.3,1.4059,0.70203,0.55095,1.1278e+05,89747,2557544,0.2423,1.6774,T1w_fber,False,usable,False
sub-152,amsterdam_ge_1p5t,T1w,bias,2,0.2,10.431,142.05,1.0815,0.70656,0.53057,60325,89747,2833736,0.30754,2.0326,T1w_fber,False,usable,False
sub-152,amsterdam_ge_1p5t,T1w,bias,3,0.35,10.447,10.237,0.51406,0.71495,0.47475,5389.4,89747,4587149,0.53731,6.849,T1w_inu_range,False,exclude,True
sub-152,amsterdam_ge_1p5t,T1w,bias,4,0.5,10.438,4.0469,0.31864,0.72363,0.37484,6986.9,89747,5134610,0.83741,13.462,T1w_inu_range,True,exclude,True
sub-152,amsterdam_ge_1p5t,T1w,ghosting,0,0,10.388,380.52,1.4661,0.69678,0.56099,1.8452e+05,89747,2492220,0.26632,1.2733,T1w_efc,False,usable,False
sub-152,amsterdam_ge_1p5t,T1w,ghosting,1,0.1,10.346,442.45,1.4682,0.71009,0.4216,2.0929e+06,89747,6167160,0.26546,0.85868,T1w_inu_range,True,check,True
sub-152,amsterdam_ge_1p5t,T1w,ghosting,2,0.3,9.2125,442.79,1.3371,0.83809,0.43204,1.1653e+06,89747,6120331,0.29198,1.443,T1w_inu_range,True,check,True
sub-152,amsterdam_ge_1p5t,T1w,ghosting,3,0.6,6.899,442.88,1.0857,1.1125,0.44673,1.0407e+06,89747,6079429,0.30876,3.5117,T1w_cjv,True,check,True
sub-152,amsterdam_ge_1p5t,T1w,ghosting,4,1,5.1181,441.95,0.85605,1.3653,0.49276,8.7263e+05,89747,5711639,0.25329,5.515,T1w_cjv,True,exclude,True
sub-161,amsterdam_philips_3t,T1w,noise,0,0,21.983,137.31,1.1045,0.89301,0.70777,12570,261663,2132794,0.21183,1.5701,T1w_cjv,False,usable,False
sub-161,amsterdam_philips_3t,T1w,noise,1,0.03,19.173,54.904,1.0415,0.99586,0.60311,1910.3,261663,5199907,0.2399,2.2849,T1w_cjv,True,check,True
sub-161,amsterdam_philips_3t,T1w,noise,2,0.06,14.668,23.005,0.9088,1.2311,0.63654,426.48,261663,5071995,0.31682,3.9196,T1w_cjv,True,check,True
sub-161,amsterdam_philips_3t,T1w,noise,3,0.1,10.627,11.983,0.79787,1.4962,0.6723,134.36,261663,5014489,0.39915,5.9402,T1w_snr_wm,True,exclude,True
sub-161,amsterdam_philips_3t,T1w,noise,4,0.15,7.6974,8.1786,0.70535,1.7657,0.70133,60.903,261663,4986143,0.38727,7.7439,T1w_snr_wm,True,exclude,True
sub-161,amsterdam_philips_3t,T1w,motion,0,0,21.983,137.31,1.1045,0.89301,0.70777,12570,261663,2132794,0.21183,1.5701,T1w_cjv,False,usable,False
sub-161,amsterdam_philips_3t,T1w,motion,1,1,22.635,41.507,1.172,0.91664,0.5611,2.2081e+07,261663,6104259,0.21028,1.7343,T1w_cjv,True,check,True
sub-161,amsterdam_philips_3t,T1w,motion,2,2,21.715,41.107,1.1419,0.93314,0.5611,1.8848e+07,261663,6055309,0.21413,1.849,T1w_cjv,True,check,True
sub-161,amsterdam_philips_3t,T1w,motion,3,4,21.174,38.443,1.1202,0.9547,0.566,7.5622e+06,261663,5955803,0.22534,1.9989,T1w_cjv,True,check,True
sub-161,amsterdam_philips_3t,T1w,motion,4,8,21.158,35.921,1.1109,0.97365,0.5699,5.8086e+06,261663,5901783,0.24025,2.1306,T1w_cjv,True,check,True
sub-161,amsterdam_philips_3t,T1w,bias,0,0,21.983,137.31,1.1045,0.89301,0.70777,12570,261663,2132794,0.21183,1.5701,T1w_cjv,False,usable,False
sub-161,amsterdam_philips_3t,T1w,bias,1,0.1,21.98,108.44,1.0244,0.89485,0.71113,11966,261663,2243047,0.20153,1.5829,T1w_cjv,False,usable,False
sub-161,amsterdam_philips_3t,T1w,bias,2,0.2,22.011,63.261,0.84868,0.8968,0.71313,6399.7,261663,2702732,0.27956,2.4197,T1w_inu_range,False,usable,False
sub-161,amsterdam_philips_3t,T1w,bias,3,0.35,22.03,20.978,0.60199,0.90099,0.70069,1421.3,261663,3589533,0.53832,8.3979,T1w_inu_range,True,exclude,True
sub-161,amsterdam_philips_3t,T1w,bias,4,0.5,22.008,1.4672,0.41151,0.91662,0.61781,32.848,261663,6557334,0.99638,18.98,T1w_inu_range,True,exclude,True
sub-161,amsterdam_philips_3t,T1w,ghosting,0,0,21.983,137.31,1.1045,0.89301,0.70777,12570,261663,2132794,0.21183,1.5701,T1w_cjv,False,usable,False
sub-161,amsterdam_philips_3t,T1w,ghosting,1,0.1,21.621,54.459,1.1279,0.89597,0.53364,7.7294e+06,261663,7004438,0.19984,1.5907,T1w_cjv,True,check,True
sub-161,amsterdam_philips_3t,T1w,ghosting,2,0.3,18.297,441.91,1.0534,1.0284,0.54817,1.0318e+06,261663,6921725,0.21959,2.5111,T1w_cjv,True,check,True
sub-161,amsterdam_philips_3t,T1w,ghosting,3,0.6,13.083,441.89,0.90906,1.326,0.56926,2.5761e+05,261663,6869536,0.29908,4.5789,T1w_cjv,True,check,True
sub-161,amsterdam_philips_3t,T1w,ghosting,4,1,10.014,88.703,0.75321,1.6184,0.60507,24773,261663,6824277,0.41028,6.6109,T1w_cjv,True,exclude,True
sub-162,amsterdam_philips_3t,T1w,noise,0,0,21.899,257.57,1.542,0.56787,0.68051,21378,241851,2291051,0.13224,-0.28927,T1w_cnr,False,usable,False
sub-162,amsterdam_philips_3t,T1w,noise,1,0.03,19.354,61.719,1.4434,0.67108,0.58322,2108.8,241851,5372654,0.16373,1.3384,T1w_fber,False,usable,False
sub-162,amsterdam_philips_3t,T1w,noise,2,0.06,14.037,24.454,1.1295,0.99637,0.62603,460.48,241851,5256930,0.25204,3.841,T1w_snr_wm,True,check,True
sub-162,amsterdam_philips_3t,T1w,noise,3,0.1,10.149,12.109,0.90095,1.3398,0.668,140.94,241851,5209765,0.33925,6.2347,T1w_snr_wm,True,exclude,True
sub-162,amsterdam_philips_3t,T1w,noise,4,0.15,7.4266,7.9633,0.74153,1.6773,0.70053,61.648,241851,5205288,0.3482,7.9106,T1w_snr_wm,True,exclude,True
sub-162,amsterdam_philips_3t,T1w,motion,0,0,21.899,257.57,1.542,0.56787,0.68051,21378,241851,2291051,0.13224,-0.28927,T1w_cnr,False,usable,False
sub-162,amsterdam_philips_3t,T1w,motion,1,1,22.404,39.294,1.5749,0.65036,0.55394,4.3067e+06,241851,5694508,0.14011,1.7144,T1w_snrd_wm,True,check,True
sub-162,amsterdam_philips_3t,T1w,motion,2,2,21.585,33.876,1.5129,0.67133,0.55587,2.7399e+06,241851,5681532,0.15023,1.8095,T1w_snrd_wm,True,check,True
sub-162,amsterdam_philips_3t,T1w,motion,3,4,21.16,37.139,1.5423,0.66042,0.55413,3.0779e+06,241851,5677007,0.13974,1.7522,T1w_snrd_wm,True,check,True
sub-162,amsterdam_philips_3t,T1w,motion,4,8,21.188,35.141,1.5309,0.67553,0.55615,2.0797e+06,241851,5650032,0.13965,1.7873,T1w_snrd_wm,True,check,True
sub-162,amsterdam_philips_3t,T1w,bias,0,0,21.899,257.57,1.542,0.56787,0.68051,21378,241851,2291051,0.13224,-0.28927,T1w_cnr,False,usable,False
sub-162,amsterdam_philips_3t,T1w,bias,1,0.1,22.058,183.22,1.4484,0.5701,0.69124,18897,241851,2354395,0.13933,0.0045802,T1w_cnr,False,usable,False
sub-162,amsterdam_philips_3t,T1w,bias,2,0.2,22.135,131.03,1.2548,0.57321,0.69274,15105,241851,2631650,0.20648,0.73125,T1w_inu_range,False,usable,False
sub-162,amsterdam_philips_3t,T1w,bias,3,0.35,22.088,1.3674,0.48363,0.57745,0.54487,281.47,241851,6975696,0.38439,4.8416,T1w_inu_range,True,check,True
sub-162,amsterdam_philips_3t,T1w,bias,4,0.5,22.042,1.218,0.1818,0.58998,0.20497,16009,241851,7007231,0.66144,11.242,T1w_inu_range,True,exclude,True
sub-162,amsterdam_philips_3t,T1w,ghosting,0,0,21.899,257.57,1.542,0.56787,0.68051,21378,241851,2291051,0.13224,-0.28927,T1w_cnr,False,usable,False
sub-162,amsterdam_philips_3t,T1w,ghosting,1,0.1,21.46,441.93,1.5565,0.5783,0.51949,2.8424e+05,241851,6745603,0.12568,-0.33495,T1w_cnr,True,check,True
sub-162,amsterdam_philips_3t,T1w,ghosting,2,0.3,18.602,441.89,1.4169,0.7102,0.53892,1.4026e+05,241851,6636601,0.14469,1.0301,T1w_snr_wm,True,check,True
sub-162,amsterdam_philips_3t,T1w,ghosting,3,0.6,13.139,220.94,1.0607,1.0873,0.56802,82529,241851,6599699,0.23105,4.3939,T1w_snr_wm,True,check,True
sub-162,amsterdam_philips_3t,T1w,ghosting,4,1,10.716,88.746,0.8682,1.346,0.59415,19766,241851,6839786,0.33227,5.8855,T1w_snr_wm,True,exclude,True
