participant_id,scanner,max_z,worst_metric,iforest_outlier,iforest_score,qc_class,z_FLAIR_snr_wm,z_FLAIR_snrd_wm,z_FLAIR_cnr,z_FLAIR_efc,z_FLAIR_fber,z_FLAIR_inu_range,z_T1w_snr_wm,z_T1w_snrd_wm,z_T1w_cnr,z_T1w_cjv,z_T1w_efc,z_T1w_fber,z_T1w_inu_range
sub-000,utrecht_philips_3t,1.633,FLAIR_fber,False,0.3572,usable,0.03414,0.7711,-0.2406,0.1752,1.633,-0.1545,0.3123,0.004604,-0.3496,-0.456,0.5525,0.5072,1.144
sub-001,utrecht_philips_3t,1.841,T1w_inu_range,False,0.3694,usable,-0.8894,0.01927,0.3973,-0.608,0.3569,-0.2798,0.4218,0.6722,1.188,1.286,0.2961,0.6255,1.841
sub-002,utrecht_philips_3t,4.667,FLAIR_inu_range,False,0.5026,check,-0.2977,2.815,-0.8073,-1.923,3.602,4.667,0.7447,-0.6571,-0.09983,-0.07445,-7.044,-0.3264,0.2403
sub-003,utrecht_philips_3t,6.668,FLAIR_inu_range,True,0.5851,exclude,0.6497,4.791,0.8621,-1.186,5.613,6.668,1.059,0.3179,0.8632,0.9239,-7.201,-0.2033,3.261
sub-004,utrecht_philips_3t,5.329,FLAIR_fber,True,0.5258,exclude,1.572,4.22,-0.03802,-2.064,5.329,3.641,1.25,0.6768,0.3821,0.1831,-8.914,0.6968,0.1186
sub-005,utrecht_philips_3t,1.614,FLAIR_efc,False,0.4379,usable,-0.4842,0.117,-1.287,1.614,0.3,1.276,-2.434,-0.8349,-2.093,-1.39,0.02026,0.01335,-1.32
sub-006,utrecht_philips_3t,1.121,FLAIR_efc,False,0.3646,usable,-0.6941,-0.1943,-1.151,1.121,-0.003322,0.924,-0.3849,-0.9298,-0.5148,-0.5431,0.6305,0.2145,-0.4014
sub-007,utrecht_philips_3t,1.786,FLAIR_efc,False,0.401,usable,-1.113,0.5006,-0.8074,1.786,0.4943,1.393,0.3239,-1.393,-1.361,-1.058,0.445,-0.3812,0.2556
sub-008,utrecht_philips_3t,1.115,FLAIR_inu_range,False,0.4429,usable,0.4055,0.6015,-1.977,0.5696,0.7037,1.115,-3.141,-1.327,-2.104,-1.292,-0.4497,-0.9406,-1.495
sub-009,utrecht_philips_3t,15.49,T1w_cjv,True,0.6511,exclude,3.335,0.2457,-3.08,0.3561,1.586,2.156,2.509,0.327,4.442,15.49,-0.2307,-0.6201,0.7324
sub-010,utrecht_philips_3t,1.401,FLAIR_fber,False,0.4138,usable,1.033,0.3614,-1.717,0.3208,1.401,1.171,-0.828,-1.019,-2.065,-1.257,0.2081,0.2913,-1.195
sub-011,utrecht_philips_3t,0.799,FLAIR_snr_wm,False,0.4099,usable,0.799,-0.3299,-0.1827,-1.532,-0.3999,-0.3646,-1.619,-1.647,-1.204,-0.6136,-1.492,-1.021,-1.806
sub-012,utrecht_philips_3t,0.1631,FLAIR_snr_wm,False,0.5051,usable,0.1631,-0.986,-1.994,0.04578,-0.7725,0.04874,-3.287,-1.81,-1.855,-1.359,-2.375,-1.65,-2.513
sub-013,utrecht_philips_3t,0.9663,FLAIR_inu_range,False,0.3693,usable,0.4781,-0.2312,0.8724,0.07111,0.2761,0.9663,0.6416,-1.016,0.8173,0.6792,-1.789,-0.6945,0.3569
sub-014,utrecht_philips_3t,0.3307,T1w_snr_wm,False,0.3579,usable,-0.4912,0.1777,-0.5332,-0.1215,-0.3183,-0.6597,0.3307,-0.8926,-0.4043,-0.6324,-0.8393,-1.212,-0.9948
sub-015,utrecht_philips_3t,0.4466,FLAIR_snr_wm,False,0.3437,usable,0.4466,-1.289,-0.1543,-0.2025,-0.9533,-0.3236,0.3023,-0.5073,0.1446,0.362,-0.3928,-0.3333,0.1383
sub-016,utrecht_philips_3t,1.174,FLAIR_fber,False,0.3854,usable,0.02149,0.8184,-1.319,1.076,1.174,-0.02527,-0.9327,0.09739,-1.331,-0.511,1.118,0.2162,-0.9234
sub-017,utrecht_philips_3t,0.6266,FLAIR_efc,False,0.3763,usable,-0.763,-1.493,-0.9367,0.6266,-1.604,-0.07479,-0.3212,-1.264,-0.3897,-0.4705,0.3125,-1.137,-0.4482
sub-018,utrecht_philips_3t,-0.04578,FLAIR_efc,False,0.385,usable,-0.469,-0.6681,-0.07706,-0.04578,-1.229,-0.2236,-1.001,-1.469,-0.8935,-0.6476,-1.361,-0.7703,-1.777
sub-019,utrecht_philips_3t,3.396,FLAIR_snr_wm,False,0.376,check,3.396,0.009989,0.03802,-0.7224,0.003322,0.02527,1.571,-0.3677,0.612,0.2998,0.1021,-0.2364,-0.2904
sub-020,utrecht_philips_3t,3.166,T1w_cjv,False,0.4512,check,1.275,0.8593,0.2589,-1.585,-0.7037,-0.8832,1.15,0.3676,2.163,3.166,-1.146,-0.4454,1.075
sub-021,utrecht_philips_3t,1.754,T1w_cjv,False,0.375,usable,-0.02149,-1.235,0.8557,0.1649,-0.5216,-0.7326,0.4224,0.8083,1.32,1.754,0.431,0.7164,-0.03929
sub-022,utrecht_philips_3t,4.008,FLAIR_fber,False,0.4213,check,0.9756,3.155,0.8986,-0.9625,4.008,0.2512,0.09129,0.9883,0.6533,1.254,-2.414,1.003,0.1882
sub-023,utrecht_philips_3t,1.464,FLAIR_cnr,False,0.375,usable,-1.281,0.7628,1.464,-0.5899,1.12,0.04539,-0.7054,-0.0976,-0.1071,0.214,0.03897,0.1999,0.3102
sub-024,utrecht_philips_3t,0.8035,T1w_efc,False,0.3497,usable,-0.5481,-0.6809,0.5168,-1.282,-0.6118,0.02888,0.4513,0.1758,0.4402,0.2192,0.8035,-0.2791,0.5375
sub-025,utrecht_philips_3t,1.646,T1w_inu_range,False,0.3745,usable,-0.976,-0.4994,0.6951,-0.107,0.3274,0.6813,-0.1302,0.5445,0.5378,0.7105,-1.956,0.9352,1.646
sub-026,utrecht_philips_3t,2.911,FLAIR_snr_wm,False,0.3869,usable,2.911,-0.5569,0.6876,-0.407,-0.3242,-0.4766,1.21,0.6657,1.309,1.473,-0.4707,0.8894,0.8188
sub-027,utrecht_philips_3t,0.2099,FLAIR_cnr,False,0.3955,usable,-0.9735,-0.6839,0.2099,-1.15,-0.4931,-0.1364,-1.637,-0.9375,-1.077,-0.9516,0.08339,-1.441,-1.366
sub-028,utrecht_philips_3t,1.408,FLAIR_cnr,False,0.431,usable,0.3303,0.832,1.408,-1.95,-0.6453,-0.9879,0.2755,-0.7796,0.3591,0.2455,-2.691,-2.237,-0.1295
sub-029,utrecht_philips_3t,1.619,FLAIR_inu_range,False,0.3889,usable,0.08787,-1.621,0.9312,-0.6049,-1.553,1.619,-0.3691,0.2607,0.8009,0.9499,-0.4442,0.2916,1.544
sub-030,utrecht_philips_3t,2.012,FLAIR_fber,False,0.3674,usable,-1.063,-0.1897,1.025,-0.2796,2.012,-0.1991,-0.2155,0.1555,0.09983,0.07445,-0.3312,0.2523,1.153
sub-031,utrecht_philips_3t,1.705,FLAIR_snr_wm,False,0.3549,usable,1.705,-0.009989,-0.04786,0.5442,-0.3476,-0.5596,0.818,0.09164,0.5898,0.4604,0.4216,-0.1856,0.1636
sub-032,utrecht_philips_3t,2.201,FLAIR_fber,False,0.395,usable,1.327,1.72,0.5048,0.8348,2.201,0.9193,0.8357,1.2,0.6957,1.558,0.3273,1.387,1.458
sub-033,utrecht_philips_3t,1.885,FLAIR_inu_range,False,0.4105,usable,-0.1669,-0.256,-1.171,-0.8047,-0.04944,1.885,-0.04815,-2.037,-0.8717,-0.853,-1.504,-2.296,-0.5156
sub-034,utrecht_philips_3t,1.815,T1w_efc,False,0.3915,usable,-0.0335,1.617,0.6499,-1.252,1.561,0.8515,0.1944,1.392,0.2406,0.3499,1.815,1.484,-0.4025
sub-035,utrecht_philips_3t,0.7772,T1w_fber,False,0.3815,usable,-0.306,-0.8472,-0.6614,0.3394,-0.1386,-0.6065,-1.547,0.2045,-1.001,-0.8062,-0.9165,0.7772,-1.401
sub-036,utrecht_philips_3t,0.6194,FLAIR_inu_range,False,0.3683,usable,0.1966,-0.1934,0.4407,-1.14,-0.5485,0.6194,-0.8211,-0.1483,-0.62,-0.6698,0.1847,-0.5469,-1.361
sub-037,utrecht_philips_3t,2.017,FLAIR_snr_wm,False,0.4106,usable,2.017,0.1133,-0.2413,0.5292,-0.5175,-0.5253,0.6436,1.675,1.68,0.8857,-0.8643,1.839,0.6166
sub-038,utrecht_philips_3t,2.159,FLAIR_efc,False,0.4223,usable,-0.9236,-0.2827,-1.663,2.159,-0.5914,1.029,0.1502,-1.236,-0.1778,-0.4336,1.069,-0.01335,-1.051
sub-039,utrecht_philips_3t,1.506,T1w_efc,False,0.3592,usable,0.07333,0.4155,0.09095,0.8598,0.4948,-0.7231,0.04815,0.2849,-0.01109,-0.5595,1.506,0.7848,0.03929
sub-040,utrecht_philips_3t,1.604,T1w_fber,False,0.3739,usable,-0.4242,0.4519,0.551,0.6077,1.424,0.8964,0.8427,1.285,0.7806,1.288,0.7084,1.604,0.4786
sub-041,utrecht_philips_3t,1.226,T1w_efc,False,0.3664,usable,-0.9962,-0.4766,0.5663,0.817,-0.6413,-0.328,-0.2634,-0.1329,0.01109,-0.4555,1.226,0.6545,0.942
sub-042,utrecht_philips_3t,0.5867,FLAIR_cnr,False,0.4184,usable,-0.6549,-2.219,0.5867,-0.4229,-2.502,-0.572,-2.429,-1.11,-0.2379,-0.1554,-0.3195,-1.003,-0.9091
sub-043,utrecht_philips_3t,1.571,FLAIR_efc,False,0.3814,usable,-1.032,0.3412,-0.4729,1.571,0.2502,-0.9253,-0.9295,-0.3425,-0.7714,-0.8853,0.6406,0.7364,-0.3876
sub-044,utrecht_philips_3t,5.95,FLAIR_inu_range,False,0.4563,exclude,-1.064,-0.7414,-0.1084,0.9008,0.1138,5.95,-0.3244,1.467,-0.4865,-0.6802,0.1668,1.741,0.05065
sub-045,utrecht_philips_3t,1.687,T1w_fber,False,0.4052,usable,-0.3243,-1.95,0.317,0.281,-1.488,-1.798,-0.5875,1.503,0.3492,0.4575,-0.02026,1.687,-0.6052
sub-046,utrecht_philips_3t,1.032,T1w_efc,False,0.3775,usable,-0.5316,-1.324,-1.356,0.2303,-1.399,-0.6677,-0.06761,0.4482,-0.5033,-0.1916,1.032,0.464,-0.2215
sub-047,utrecht_philips_3t,4.038,FLAIR_fber,False,0.4458,check,1.773,3.444,0.4566,0.1663,4.038,1.47,0.7932,-0.004604,1.625,2.023,0.3974,-0.2676,-0.1248
sub-048,utrecht_philips_3t,1.417,FLAIR_cnr,False,0.3818,usable,0.8866,1.187,1.417,-1.319,0.7181,-0.637,-0.7974,0.163,0.3458,0.5821,-0.7209,-0.2747,0.4515
sub-049,utrecht_philips_3t,0.389,FLAIR_snr_wm,False,0.3848,usable,0.389,-0.265,-1.656,-1.23,-0.124,-0.5408,-0.4091,-0.1361,-1.308,-0.7846,-1.172,-0.1893,-0.8106
sub-050,singapore_siemens_3t,2.094,FLAIR_snr_wm,True,0.5678,check,2.094,1.235,-0.5041,-0.3782,1.853,-0.6714,0.7469,-5.263,-2.668,-1.285,-0.9455,-8.053,-2.084
sub-051,singapore_siemens_3t,1.801,T1w_snr_wm,False,0.4114,usable,-0.2652,-1.998,0.8513,0.5787,-0.9323,-1.57,1.801,1.237,0.3037,0.5704,1.637,0.8785,0.1215
sub-052,singapore_siemens_3t,0.5396,T1w_snr_wm,False,0.4066,usable,-0.1134,-2.292,-0.5575,-1.41,-2.734,-0.4693,0.5396,-1.614,-1.446,-0.4916,-0.08062,0.002701,-0.6596
sub-053,singapore_siemens_3t,1.212,FLAIR_snr_wm,False,0.4494,usable,1.212,-0.4785,-1.943,0.6705,-1.22,-0.4359,-2.279,-0.7266,-2.882,-2.152,0.2955,-0.5432,-0.9238
sub-054,singapore_siemens_3t,1.424,T1w_efc,False,0.4585,usable,-0.1387,-1.059,-1.94,0.9642,-0.06146,-0.3851,-2.566,-1.154,-2.78,-1.679,1.424,-1.082,0.717
sub-055,singapore_siemens_3t,1.912,T1w_snrd_wm,False,0.3725,usable,-0.0007225,0.08441,0.2829,1.034,0.9647,0.1938,-0.251,1.912,0.3076,-0.07968,1.495,1.033,1.045
sub-056,singapore_siemens_3t,0.5476,FLAIR_cnr,False,0.3515,usable,0.1958,0.2622,0.5476,-0.7868,0.1962,-1.166,0.5022,-0.6292,-0.0156,0.006123,-0.2566,-0.01414,-0.604
sub-057,singapore_siemens_3t,1.807,T1w_cjv,False,0.4015,usable,0.4299,-0.4122,0.1926,-2.191,0.03403,-0.2145,-0.3747,-0.6027,1.004,1.807,-1.849,0.6315,-0.5755
sub-058,singapore_siemens_3t,1.164,FLAIR_inu_range,False,0.3781,usable,-0.4314,0.1654,-0.7945,-0.007804,0.04453,1.164,-1.626,-0.7705,-1.242,-0.6941,0.5838,-0.9211,1.081
sub-059,singapore_siemens_3t,1.107,FLAIR_cnr,False,0.3627,usable,-1.527,-0.3463,1.107,-0.3796,-0.4549,-0.7955,0.3183,0.3129,0.5382,0.4298,0.1573,0.6774,-0.23
sub-060,singapore_siemens_3t,2.236,FLAIR_fber,False,0.3838,usable,0.5499,1.251,0.7816,0.3923,2.236,-0.6776,0.7659,1.679,0.5982,0.6525,0.9466,1.723,-0.1924
sub-061,singapore_siemens_3t,1.663,T1w_inu_range,False,0.3796,usable,-1.871,-0.00349,0.3431,0.3942,0.1759,-0.6964,0.3617,0.3531,0.5982,0.633,1.247,-0.5096,1.663
sub-062,singapore_siemens_3t,1.761,T1w_cjv,False,0.3653,usable,0.03757,-1.188,-0.02976,-0.3015,-0.1393,-0.7006,0.8359,0.09156,1.081,1.761,0.1396,-0.3084,0.5798
sub-063,singapore_siemens_3t,3.411,FLAIR_inu_range,False,0.4286,check,1.38,1.544,0.7059,0.7324,2.996,3.411,1.825,0.04627,-0.275,0.1451,0.4729,1.023,-0.7881
sub-064,singapore_siemens_3t,2.746,T1w_efc,False,0.4436,usable,-1.178,0.1964,0.111,1.653,1.407,-0.2877,-0.1685,2.486,-0.2291,-0.2274,2.746,1.998,-0.01674
sub-065,singapore_siemens_3t,2.236,FLAIR_fber,False,0.404,usable,1.475,0.7508,0.4136,1.933,2.236,0.4232,0.7654,2.045,0.8429,0.7223,0.7112,1.468,0.5069
sub-066,singapore_siemens_3t,1.497,FLAIR_efc,False,0.3684,usable,-0.4783,0.1409,-0.6431,1.497,0.7241,0.16,-0.9976,1.117,-0.2686,-0.4377,1.302,0.6716,0.1044
sub-067,singapore_siemens_3t,2.447,FLAIR_inu_range,False,0.4587,usable,1.923,-0.3089,1.067,-2.799,-1.37,2.447,1.505,-1.234,0.0156,0.3509,-1.164,-1.207,0.8089
sub-068,singapore_siemens_3t,5.261,FLAIR_snr_wm,False,0.466,exclude,5.261,-0.9759,0.8626,-0.9973,0.4441,1.242,3.151,0.2245,1.459,1.724,-0.6626,0.5951,-0.1983
sub-069,singapore_siemens_3t,2.667,FLAIR_inu_range,False,0.3698,usable,-0.3129,-0.3834,0.5015,-0.6227,0.2704,2.667,-0.1305,0.5781,0.372,0.8,0.6486,0.3081,1.14
sub-070,singapore_siemens_3t,0.8511,FLAIR_inu_range,False,0.3603,usable,-0.7312,-1.218,-0.4453,0.3413,-0.5995,0.8511,-1.221,-0.7521,-0.605,-0.5448,-0.2235,-0.7212,-0.02343
sub-071,singapore_siemens_3t,0.4021,T1w_inu_range,False,0.3514,usable,0.3873,-1.265,-0.838,0.1502,-0.6967,-0.3778,-0.08167,-0.6699,-0.7269,-0.4892,-0.4092,0.1209,0.4021
sub-072,singapore_siemens_3t,3.94,FLAIR_snr_wm,False,0.4265,check,3.94,0.19,0.02976,0.2883,-0.4183,2.142,1.671,0.2488,0.6689,0.9682,0.08638,-0.3799,2.407
sub-073,singapore_siemens_3t,0.6115,FLAIR_inu_range,False,0.3511,usable,-1.302,-0.8735,-0.2303,-0.4307,-0.04114,0.6115,-0.62,-0.06745,-0.3227,-0.3077,-0.8721,-0.04846,-0.7322
sub-074,singapore_siemens_3t,1.412,FLAIR_efc,False,0.3897,usable,0.5419,0.1282,-1.608,1.412,0.6943,0.5242,-1.043,-0.2549,-1.388,-1.413,0.4571,-0.3154,0.3402
sub-075,singapore_siemens_3t,1.878,FLAIR_fber,False,0.4609,usable,1.419,0.9513,-2.193,0.5111,1.878,1.058,-2.457,-1.021,-1.997,-1.813,0.06802,-1.509,0.7107
sub-076,singapore_siemens_3t,4.248,FLAIR_inu_range,True,0.5156,check,0.4993,0.1918,-2.362,-0.6487,-0.5609,4.248,-2.985,-1.229,-2.11,-1.85,-0.09862,-2.335,1.599
sub-077,singapore_siemens_3t,1.238,FLAIR_efc,False,0.3622,usable,-0.8201,0.00349,0.295,1.238,-0.03403,0.3755,0.2531,-0.0138,0.5714,0.6114,0.2152,-1.049,1.005
sub-078,singapore_siemens_3t,0.4805,FLAIR_snr_wm,False,0.4301,usable,0.4805,-0.8601,-2.376,-0.2944,-1.451,0.402,-1.543,-1.132,-2.235,-1.24,-0.8789,-1.022,-0.02566
sub-079,singapore_siemens_3t,2.375,FLAIR_fber,False,0.3828,usable,0.8642,1.339,1.285,0.2949,2.375,-0.8947,-0.3329,-0.0255,0.2706,0.5568,-0.7691,0.6468,-0.6028
sub-080,singapore_siemens_3t,1.445,T1w_cjv,False,0.3806,usable,0.09104,0.8619,0.5527,-1.742,1.268,-0.183,0.3611,0.6791,0.3954,1.445,-1.017,0.8027,-0.8225
sub-081,singapore_siemens_3t,1.896,FLAIR_snr_wm,False,0.3811,usable,1.896,0.1965,1.03,-0.04281,0.4725,0.848,1.14,0.198,1.006,1.581,-0.2725,0.1266,1.821
sub-082,singapore_siemens_3t,-0.05358,FLAIR_cnr,False,0.3805,usable,-1.311,-1.347,-0.05358,-1.292,-1.579,-0.7686,-0.3535,-0.7125,-0.6801,-0.3502,-1.421,-0.4908,-0.6893
sub-083,singapore_siemens_3t,3.264,FLAIR_fber,False,0.4709,check,1.319,2.187,-0.3556,1.987,3.264,1.644,0.4463,2.887,0.7288,0.9481,2.154,1.892,1.132
sub-084,singapore_siemens_3t,1.177,FLAIR_efc,False,0.4049,usable,0.5795,-1.095,-2.196,1.177,-0.888,-0.2382,-0.621,-0.5422,-0.8732,-1.06,0.6864,-1.012,0.5687
sub-085,singapore_siemens_3t,1.504,T1w_inu_range,False,0.3522,usable,-0.5311,0.01722,-0.7832,0.09531,0.3039,0.198,0.1907,0.1076,-0.01706,0.381,-0.2689,-0.2112,1.504
sub-086,singapore_siemens_3t,0.7985,FLAIR_cnr,False,0.361,usable,-0.2514,-1.152,0.7985,-1.297,-1.705,-0.7195,0.4523,0.1112,0.3096,0.6017,-0.7454,0.1311,-0.303
sub-087,singapore_siemens_3t,1.345,FLAIR_inu_range,False,0.353,usable,0.0007225,0.04242,-0.2938,-0.6785,-0.08888,1.345,-0.5098,-0.005574,-0.7503,-0.2804,-1.405,0.4088,-0.1724
sub-088,singapore_siemens_3t,1.247,FLAIR_cnr,False,0.3604,usable,-0.1322,-0.4237,1.247,-0.8951,-0.1194,-0.4176,0.3633,0.143,0.4578,1.216,0.02375,0.6429,-0.7744
sub-089,singapore_siemens_3t,1.63,T1w_inu_range,False,0.4121,usable,-0.2225,0.4413,-1.082,-0.04281,0.5585,0.4902,-2.967,-1.172,-1.388,-0.8684,0.1756,-1.158,1.63
sub-090,singapore_siemens_3t,-0.002701,T1w_fber,False,0.3978,usable,-0.9147,-1.881,-0.1535,-1.128,-0.9293,-0.2797,-0.5738,-1.96,-1.356,-0.8416,-1.457,-0.002701,-1.045
sub-091,singapore_siemens_3t,4.588,T1w_cjv,True,0.5245,check,3.542,-0.4747,-0.2359,-0.7376,0.6547,1.011,3.627,1.483,2.496,4.588,-0.6533,1.631,-0.5571
sub-092,singapore_siemens_3t,1.694,T1w_cjv,False,0.3747,usable,-0.4877,0.3035,1.279,-0.9552,-0.5961,1.094,0.08167,0.005574,0.8571,1.694,-0.7537,0.2194,0.01674
sub-093,singapore_siemens_3t,2.757,FLAIR_inu_range,False,0.4003,usable,-1.239,0.2393,-0.4925,0.9614,-0.2064,2.757,-0.4561,0.1778,0.2345,-0.3473,0.902,-0.7317,1.643
sub-094,singapore_siemens_3t,2.531,FLAIR_fber,False,0.3885,usable,2.125,1.399,0.4241,-0.3205,2.531,-0.4722,1.459,0.7495,0.3447,0.6549,-0.3966,1.023,-0.4607
sub-095,singapore_siemens_3t,1.241,FLAIR_inu_range,False,0.3632,usable,-0.6178,1.031,-0.2231,0.04895,1.018,1.241,-0.411,0.6341,0.2062,-0.105,1.198,0.05164,1.163
sub-096,singapore_siemens_3t,3.388,FLAIR_snr_wm,False,0.3931,check,3.388,-0.4701,-1.106,0.407,-0.4058,-0.2524,1.069,-0.5009,-0.7201,-0.8448,-0.1339,-0.3322,0.1675
sub-097,singapore_siemens_3t,1.163,FLAIR_cnr,False,0.3595,usable,-0.5665,-0.5982,1.163,0.1171,0.2318,-0.4168,0.7279,0.7585,0.803,0.9181,-0.02375,0.971,-0.4962
sub-098,singapore_siemens_3t,0.9033,FLAIR_cnr,False,0.3725,usable,-1.36,-0.9514,0.9033,-0.8166,-1.86,-0.5575,-0.3682,-0.5977,-0.1038,-0.006123,-0.7753,-0.1997,-0.768
sub-099,singapore_siemens_3t,0.3542,T1w_efc,False,0.4094,usable,-1.941,-0.8674,0.3089,0.007804,-0.46,-0.16,-2.159,-1.927,-0.3681,-0.1599,0.3542,-1.357,-0.4386
sub-100,amsterdam_ge_3t,0.04857,T1w_fber,False,0.3725,usable,-0.9349,-0.6827,-0.862,-0.9299,-1.262,-0.38,-0.3118,-0.05638,-1.538,-0.9252,-0.4011,0.04857,-0.1645
sub-101,amsterdam_ge_3t,1.955,T1w_efc,False,0.378,usable,0.4136,-0.1087,-0.7257,1.515,0.7539,0.2406,-0.4125,0.8334,-0.4083,-0.8294,1.955,0.8334,0.784
sub-102,amsterdam_ge_3t,0.7936,FLAIR_snr_wm,False,0.4076,usable,0.7936,-0.4416,-1.755,-0.9159,-1.12,-1.556,-0.8977,-0.5207,-1.602,-1.086,-0.001587,-0.3876,-1.093
sub-103,amsterdam_ge_3t,2.322,T1w_inu_range,False,0.4405,usable,-1.201,1.242,1.389,0.2457,1.032,-0.4566,1.498,2.011,1.478,1.581,0.001587,1.611,2.322
sub-104,amsterdam_ge_3t,1.723,FLAIR_efc,False,0.3886,usable,-0.7283,0.7193,0.4824,1.723,0.805,0.5623,0.7978,-0.3298,0.5059,0.59,1.239,-0.7958,1.715
sub-105,amsterdam_ge_3t,0.6929,FLAIR_cnr,False,0.3489,usable,-0.5525,0.6636,0.6929,0.4472,0.1282,0.4867,0.4395,-0.4618,-0.2111,-0.1712,0.2537,-0.5658,0.3924
sub-106,amsterdam_ge_3t,0.3462,FLAIR_snr_wm,False,0.4038,usable,0.3462,-0.02035,-1.976,-0.7089,-0.2601,-0.7329,-0.7629,-1.282,-1.872,-1.329,-0.4972,-0.9903,-1.247
sub-107,amsterdam_ge_3t,1.069,FLAIR_cnr,False,0.3568,usable,-1.001,0.4162,1.069,-0.7241,-0.275,-0.2993,-0.4436,-0.2181,0.1634,-0.1061,-0.2682,-0.4167,0.05112
sub-108,amsterdam_ge_3t,0.6865,FLAIR_snr_wm,True,0.5776,check,0.6865,-2.602,-2.019,-1.966,-2.224,-1.273,-0.8916,-4.63,-3.141,-1.399,-0.1848,-5.382,-1.878
sub-109,amsterdam_ge_3t,1.389,FLAIR_efc,False,0.3595,usable,-0.731,0.6514,-0.07578,1.389,0.4903,-0.004876,0.131,1.021,0.2107,0.1386,0.5457,0.8646,-0.6156
sub-110,amsterdam_ge_3t,1.94,T1w_efc,False,0.4195,usable,0.7956,-0.9431,-1.455,0.3429,-0.1525,1.289,-1.722,-0.7967,-2.109,-1.302,1.94,-0.6736,-0.7695
sub-111,amsterdam_ge_3t,1.946,FLAIR_cnr,False,0.3905,usable,0.4744,0.7168,1.946,0.04374,0.0579,-0.1755,1.069,0.3607,1.016,0.8635,-0.4192,0.241,0.5631
sub-112,amsterdam_ge_3t,0.5884,FLAIR_cnr,False,0.4363,usable,-1.109,-1.309,0.5884,-1.775,-1.785,-1.735,-1.097,-0.9007,-1.075,-0.8262,-1.24,-1.097,-1.242
sub-113,amsterdam_ge_3t,0.669,T1w_efc,False,0.3573,usable,-1.211,0.5898,0.1406,0.1976,-0.056,-1.145,0.4426,-0.0802,-0.483,-0.03358,0.669,0.1505,-0.4165
sub-114,amsterdam_ge_3t,1.435,FLAIR_cnr,False,0.396,usable,-1.244,1.127,1.435,0.6155,0.8781,-0.6531,1.003,1.259,1.268,1.264,0.2755,0.8599,0.7587
sub-115,amsterdam_ge_3t,0.4045,T1w_cjv,False,0.3506,usable,-0.3539,-0.2954,0.3573,-0.9873,-1.307,-0.6959,-0.4314,-0.02191,0.08642,0.4045,-0.3389,-0.5374,-0.1626
sub-116,amsterdam_ge_3t,1.876,FLAIR_inu_range,False,0.3741,usable,1.471,1.04,-0.03027,0.587,0.8332,1.876,-0.558,0.04082,0.6243,0.1724,0.3557,0.08642,-0.733
sub-117,amsterdam_ge_3t,2.423,T1w_inu_range,False,0.4034,usable,0.4884,-0.09216,1.097,-0.6401,-0.2286,1.44,0.941,1.438,0.4479,0.181,0.8699,1.428,2.423
sub-118,amsterdam_ge_3t,0.7755,FLAIR_snr_wm,False,0.3619,usable,0.7755,-0.1191,0.6506,0.4366,0.1404,-0.4487,-0.295,0.6722,0.1544,0.6487,0.2011,0.3419,-1.195
sub-119,amsterdam_ge_3t,1.082,T1w_snr_wm,False,0.3513,usable,-0.2217,0.4784,0.9983,0.1105,0.5503,0.7353,1.082,0.5694,0.6756,0.4057,-0.7262,0.6711,0.5461
sub-120,amsterdam_ge_3t,1.355,T1w_efc,False,0.4176,usable,-0.07816,-2.545,-0.1053,-0.6046,-1.908,-0.3951,-1.126,-1.49,-1.499,-0.7524,1.355,-1.87,-0.4896
sub-121,amsterdam_ge_3t,0.184,T1w_snrd_wm,False,0.3461,usable,-0.4163,-0.8433,0.02511,-0.8288,-0.9774,-0.6964,-0.5141,0.184,-0.1958,0.06405,-0.353,-0.2859,-0.3657
sub-122,amsterdam_ge_3t,3.111,T1w_inu_range,False,0.4191,check,0.3866,0.6663,1.19,0.1906,0.9948,0.6379,1.456,1.247,1.347,1.493,-0.1249,0.9375,3.111
sub-123,amsterdam_ge_3t,1.542,FLAIR_snrd_wm,False,0.4033,usable,1.052,1.542,-1.174,1.438,1.419,0.2612,-1.284,-0.3482,-1.524,-0.8065,1.135,-0.2627,-0.6159
sub-124,amsterdam_ge_3t,1.125,T1w_efc,False,0.3515,usable,-0.2493,0.1455,-0.7038,0.5159,0.5868,0.8011,-0.2408,0.811,-0.2678,-0.4062,1.125,0.7475,0.5828
sub-125,amsterdam_ge_3t,0.3982,FLAIR_cnr,False,0.3977,usable,-0.8014,-0.3887,0.3982,-2.146,-0.7955,-0.9367,-0.6086,-0.7628,-0.893,-0.9439,-1.809,-1.034,-0.5536
sub-126,amsterdam_ge_3t,1.598,FLAIR_efc,False,0.4435,usable,-1.698,0.0155,1.546,1.598,0.4392,0.6249,0.2914,-1.469,0.9088,0.8511,1.033,-2.16,1.336
sub-127,amsterdam_ge_3t,3.209,FLAIR_inu_range,False,0.4135,check,0.8745,1.51,0.09613,0.935,1.41,3.209,0.8145,-0.4099,0.4501,0.5977,1.186,-0.7766,2.239
sub-128,amsterdam_ge_3t,1.271,T1w_inu_range,False,0.3782,usable,0.1646,-0.0155,1.162,0.05312,-0.5474,0.1614,1.185,-0.463,0.7701,1.035,1.007,-1.124,1.271
sub-129,amsterdam_ge_3t,1.923,T1w_snrd_wm,False,0.4035,usable,1.261,1.196,-0.6746,0.03242,1.177,0.3785,1.691,1.923,0.8021,1.018,-0.07414,1.678,1.914
sub-130,amsterdam_ge_3t,2.062,T1w_efc,False,0.3873,usable,-0.154,0.7171,-0.9716,0.08514,0.06225,-0.7232,-0.9748,-0.1347,-1.531,-1.111,2.062,0.05156,-0.9686
sub-131,amsterdam_ge_3t,0.9896,FLAIR_snrd_wm,False,0.3754,usable,-0.08085,0.9896,-0.1841,-0.4003,0.5951,-0.7651,-0.6673,-1.357,-0.7089,0.08603,-1.471,-1.71,-0.4803
sub-132,amsterdam_ge_3t,2.95,FLAIR_snr_wm,False,0.3903,usable,2.95,-0.114,1.31,-1.203,-0.1799,0.7467,1.21,0.2406,0.8827,0.7808,-1.091,-0.1736,-0.09414
sub-133,amsterdam_ge_3t,1.159,T1w_efc,False,0.3458,usable,-0.4478,0.3745,0.6497,0.1293,0.2109,0.5551,0.7317,0.02191,0.4051,0.9772,1.159,-0.06208,0.3912
sub-134,amsterdam_ge_3t,1.077,T1w_snr_wm,False,0.3418,usable,0.4868,-0.1622,-0.1422,0.0289,-0.09403,0.1592,1.077,0.1238,-0.4123,-0.2851,-0.3866,0.03527,0.5316
sub-135,amsterdam_ge_3t,0.6625,FLAIR_snr_wm,False,0.3742,usable,0.6625,-1.307,-0.3555,-1.777,-1.189,-0.4619,-0.06461,-0.7973,-0.02566,-0.141,-1.35,-0.9501,0.1325
sub-136,amsterdam_ge_3t,1.441,T1w_inu_range,False,0.3577,usable,0.7685,-0.2228,-0.3267,-0.4784,-0.03623,1.168,0.3466,0.877,0.347,0.7397,0.5856,0.5564,1.441
sub-137,amsterdam_ge_3t,0.2788,FLAIR_cnr,False,0.4042,usable,-0.9289,-1.833,0.2788,-2.25,-2.8,-0.58,-0.1193,-1.02,-0.3961,-0.08152,-0.2301,-1.245,-0.3783
sub-138,amsterdam_ge_3t,1.681,FLAIR_snr_wm,False,0.4428,usable,1.681,1.341,-1.898,1.538,1.282,0.1734,-1.497,0.6768,-1.383,-0.8511,1.003,0.7392,-1.668
sub-139,amsterdam_ge_3t,0.5691,FLAIR_snrd_wm,False,0.357,usable,0.02046,0.5691,-0.7051,-0.505,0.2457,-0.01918,-0.5861,0.3743,-1.111,-1.11,0.114,0.513,-0.3218
sub-140,amsterdam_ge_3t,1.398,T1w_cjv,False,0.3571,usable,-0.8819,-1.399,0.484,-0.4363,-1.122,0.004876,0.1065,0.2539,0.6734,1.398,0.4083,0.08828,0.1416
sub-141,amsterdam_ge_3t,0.2462,FLAIR_snr_wm,False,0.3468,usable,0.2462,0.07915,-0.4429,-0.0289,0.03623,-0.1669,-0.748,-0.5219,-0.2485,-0.4101,-0.2084,-0.6109,-0.8023
sub-142,amsterdam_ge_3t,1.694,T1w_efc,False,0.3653,usable,-0.3137,-0.08056,-0.4004,0.9658,0.1211,1.165,-0.4028,-0.7836,-0.717,-0.2916,1.694,-0.7359,-0.4933
sub-143,amsterdam_ge_3t,0.885,T1w_inu_range,False,0.3565,usable,0.226,0.6939,0.6744,-0.5538,0.3971,-0.3847,0.651,-0.232,0.02566,-0.02879,-1.321,-0.8176,0.885
sub-144,amsterdam_ge_3t,0.2408,FLAIR_snrd_wm,False,0.3488,usable,-0.02046,0.2408,-0.02576,-0.8292,-0.183,-1.009,-0.5825,-0.03735,-0.5689,-0.6768,-0.4274,-0.03527,-0.4504
sub-145,amsterdam_ge_3t,1.758,T1w_inu_range,False,0.4065,usable,-0.4391,-1.177,1.127,-2.198,-1.453,-0.8349,0.6816,0.7457,0.8944,0.6722,-0.7479,0.6754,1.758
sub-146,amsterdam_ge_3t,2.363,FLAIR_snr_wm,False,0.4552,usable,2.363,2.019,-1.668,2.241,2.017,2.306,0.629,0.4958,-0.7602,0.02879,0.6799,0.4881,0.88
sub-147,amsterdam_ge_3t,3.226,FLAIR_inu_range,False,0.4042,check,1.029,-1.68,-0.3472,-2.122,-0.8554,3.226,0.106,0.7636,0.1679,0.1508,-1.064,0.6265,0.2394
sub-148,amsterdam_ge_3t,2.06,FLAIR_inu_range,False,0.3643,usable,-0.2996,-0.1862,0.4726,-0.5468,-0.461,2.06,0.794,0.6817,0.343,-0.07836,-1.374,0.5954,0.8073
sub-149,amsterdam_ge_3t,3.041,FLAIR_inu_range,False,0.3873,check,0.4336,-0.8759,-0.02511,-1.597,-1.042,3.041,0.06461,0.9632,0.2867,0.4596,-0.4441,0.8842,-0.05112
sub-150,amsterdam_ge_1p5t,0.2548,T1w_snrd_wm,False,0.3939,usable,-0.4366,-0.09047,-0.341,-0.5701,-0.5268,-0.8966,0.03466,0.2548,-2.221,-1.328,-0.2722,-0.1601,-1.464
sub-151,amsterdam_ge_1p5t,8.144,FLAIR_snr_wm,False,0.4986,exclude,8.144,0.8942,0.869,0.7233,1.047,0.4116,2.093,1.044,1.575,2.775,-0.2395,-0.1336,0.6959
sub-152,amsterdam_ge_1p5t,1.273,T1w_efc,False,0.4783,usable,-2.151,0.4548,0.6328,-0.621,-0.3407,0.06271,0.8046,-14.85,0.4462,0.2171,1.273,1.192,0.8777
sub-153,amsterdam_ge_1p5t,3.35,FLAIR_inu_range,False,0.492,check,0.6403,1.076,-0.7766,1.048,1.109,3.35,-0.03466,-13.2,-0.8167,-0.6817,1.435,0.9206,0.6531
sub-154,amsterdam_ge_1p5t,0.4428,FLAIR_fber,False,0.3525,usable,-0.7087,-0.1474,-0.5696,0.1437,0.4428,-0.4524,-0.5528,0.3054,-0.7311,-0.3756,-0.4209,-0.6983,-0.8543
sub-155,amsterdam_ge_1p5t,1.868,T1w_efc,False,0.4618,usable,0.4031,0.09047,-0.1569,-0.1437,-0.4207,1.697,0.4628,-13.39,0.2502,0.6673,1.868,0.9926,0.2005
sub-156,amsterdam_ge_1p5t,1.167,FLAIR_efc,False,0.4395,usable,0.5853,-0.3713,-0.7563,1.167,0.8221,-1.465,-1.399,0.1025,-1.958,-1.146,0.2395,-0.6507,-2.309
sub-157,amsterdam_ge_1p5t,0.9202,FLAIR_inu_range,False,0.4622,usable,-1.608,-1.054,0.8938,-3.563,-3.54,0.9202,-0.7962,-0.02772,0.1995,0.1644,-0.9193,-1.683,-0.2005
sub-158,amsterdam_ge_1p5t,0.1569,FLAIR_cnr,False,0.4255,usable,-0.4031,-1.361,0.1569,-3.293,-4.093,-0.4454,-0.1768,0.02772,-0.1995,-0.1644,-0.4297,0.1336,-0.617
sub-159,amsterdam_ge_1p5t,2.612,FLAIR_snr_wm,False,0.4512,usable,2.612,1.026,0.7161,0.6257,0.3407,-0.06271,1.052,-10.82,0.6179,0.9826,1.482,0.3916,0.6152
sub-160,amsterdam_philips_3t,6.196,T1w_efc,True,0.5527,exclude,0.5723,0.7472,-0.223,0.8704,0.9773,1.985,4.123,0.6281,-0.886,-0.7513,6.196,1.085,3.614
sub-161,amsterdam_philips_3t,2.234,FLAIR_cnr,False,0.4416,usable,-0.165,-0.3185,2.234,-2.132,0.3462,0.9353,-1.052,-0.004736,1.085,1.57,0.8052,-0.06037,0.8549
sub-162,amsterdam_philips_3t,1.353,FLAIR_fber,False,0.4284,usable,0.165,1.26,-0.4218,-0.7156,1.353,-1.871,-0.9999,-2.114,-0.2893,-0.6895,-2.42,-1.238,-0.9838
sub-163,amsterdam_philips_3t,1.01,T1w_cjv,False,0.361,usable,0.7767,-0.6018,0.3621,0.1582,-0.3416,-0.09614,0.3934,0.5737,0.7849,1.01,-2.191,0.3315,-0.5909
sub-164,amsterdam_philips_3t,1.183,FLAIR_cnr,False,0.4093,usable,0.2343,-2.851,1.183,-1.177,-2.584,-1.138,0.1816,-0.894,0.6162,0.2154,0.1296,-0.832,0.6814
sub-165,amsterdam_philips_3t,0.9556,T1w_snr_wm,False,0.3776,usable,-1.791,0.1067,0.223,-1.737,0.1034,0.08074,0.9556,0.04806,0.7544,0.5972,-0.3201,0.06037,-0.2928
sub-166,amsterdam_philips_3t,0.5081,FLAIR_cnr,True,0.5302,check,-0.4539,-10.95,0.5081,0.2807,-15.53,-0.2832,-0.306,0.004736,0.2893,0.3855,-0.1296,0.2291,0.2928
sub-167,amsterdam_philips_3t,1.382,FLAIR_snr_wm,False,0.3895,usable,1.382,0.1723,-1.976,-0.1582,-0.1034,-0.08074,0.009851,-0.9051,-0.4903,-0.6595,0.5437,-0.9935,-0.9397
sub-168,amsterdam_philips_3t,0.5875,FLAIR_inu_range,False,0.3806,usable,-0.8713,-0.1067,-0.8727,0.5527,-0.3717,0.5875,-2.505,-0.7209,-0.7328,-0.6965,-0.4041,-0.517,-0.6572
sub-169,amsterdam_philips_3t,4.963,T1w_efc,False,0.4296,check,-0.8597,1.494,-0.8409,0.6334,1.758,0.7614,-0.009851,1.224,-0.3816,-0.2154,4.963,1.016,0.6676
