participant_id,scanner,split,modality,snr_wm,snrd_wm,cnr,cjv,efc,fber,n_wm_voxels,n_air_voxels,inu_range
sub-000,utrecht_philips_3t,training,FLAIR,10.236,58.505,0.35331,3.2548,0.66493,4374.8,37212,439374,0.27455
sub-000,utrecht_philips_3t,training,T1w,10.153,56.212,1.7801,0.55453,0.77871,1727.1,189266,852963,0.4281
sub-001,utrecht_philips_3t,test,FLAIR,11.697,67.574,0.22111,5.1076,0.63679,5681,30238,509965,0.26969
sub-001,utrecht_philips_3t,test,T1w,9.9448,43.67,1.3782,0.76226,0.77542,1636.3,147780,1054427,0.47899
sub-002,utrecht_philips_3t,training,FLAIR,10.761,33.847,0.47076,2.5812,0.58953,2360.4,41934,879163,0.46152
sub-002,utrecht_philips_3t,training,T1w,9.3313,68.643,1.7148,0.60004,0.68123,2367.3,195324,1942565,0.36209
sub-003,utrecht_philips_3t,test,FLAIR,9.2622,10.008,0.12478,5.7416,0.61603,301.92,53514,1018784,0.5391
sub-003,utrecht_philips_3t,test,T1w,8.733,50.326,1.463,0.71911,0.67922,2272.8,242080,2866832,0.58275
sub-004,utrecht_philips_3t,training,FLAIR,7.8034,16.897,0.31133,3.6899,0.58446,592.47,32171,1095544,0.42172
sub-004,utrecht_philips_3t,training,T1w,8.3706,43.585,1.5888,0.63076,0.65724,1581.5,158081,3281847,0.3532
sub-005,utrecht_philips_3t,test,FLAIR,11.056,66.395,0.57017,2.2425,0.71664,5739.2,71032,378421,0.33001
sub-005,utrecht_philips_3t,test,T1w,15.372,71.983,2.236,0.44319,0.77188,2106.4,284695,847949,0.24811
sub-006,utrecht_philips_3t,training,FLAIR,11.388,70.15,0.54209,2.2541,0.6989,6049.6,41318,347409,0.31637
sub-006,utrecht_philips_3t,training,T1w,11.478,73.766,1.8233,0.54415,0.77971,1951.9,191924,688874,0.31522
sub-007,utrecht_philips_3t,test,FLAIR,12.05,61.768,0.47078,2.4515,0.72281,5540.3,40149,309421,0.33454
sub-007,utrecht_philips_3t,test,T1w,10.131,82.461,2.0445,0.48269,0.77733,2409.4,191352,867321,0.36321
sub-008,utrecht_philips_3t,training,FLAIR,9.6485,60.55,0.71329,1.7941,0.6791,5326.1,56402,350308,0.32376
sub-008,utrecht_philips_3t,training,T1w,16.715,81.233,2.2388,0.45477,0.76585,2839,241400,788642,0.23536
sub-009,utrecht_philips_3t,test,FLAIR,5.0137,64.843,0.94172,1.4798,0.67143,4423.1,27599,527702,0.36414
sub-009,utrecht_philips_3t,test,T1w,5.978,50.155,0.52728,2.4563,0.76866,2592.9,153379,1035877,0.39804
sub-010,utrecht_philips_3t,test,FLAIR,8.656,63.447,0.6592,1.9201,0.67016,4612.6,37728,369564,0.32594
sub-010,utrecht_philips_3t,test,T1w,12.32,75.444,2.2286,0.45895,0.77429,1892.9,180488,740699,0.25722
sub-011,utrecht_philips_3t,training,FLAIR,9.026,71.786,0.34131,2.7277,0.60358,6455.4,39627,655477,0.2664
sub-011,utrecht_philips_3t,training,T1w,13.823,87.232,2.0035,0.53574,0.75248,2901,188118,1148397,0.21261
sub-012,utrecht_philips_3t,test,FLAIR,10.032,79.701,0.71665,1.8531,0.66028,6836.8,54427,426521,0.28243
sub-012,utrecht_philips_3t,test,T1w,16.994,90.304,2.1737,0.44689,0.74114,3383.6,228613,1178667,0.16098
sub-013,utrecht_philips_3t,test,FLAIR,9.5336,70.596,0.12265,9.8241,0.66119,5763.6,29735,462344,0.31801
sub-013,utrecht_philips_3t,test,T1w,9.5272,75.382,1.475,0.68993,0.74866,2650,153030,1158490,0.37061
sub-014,utrecht_philips_3t,test,FLAIR,11.067,65.663,0.41395,2.9702,0.65427,6371.9,40542,522168,0.25496
sub-014,utrecht_philips_3t,test,T1w,10.118,73.067,1.7944,0.5335,0.76085,3047.3,186249,1110940,0.27187
sub-015,utrecht_philips_3t,test,FLAIR,9.5835,83.352,0.33542,3.5221,0.65136,7021.8,27102,453723,0.26799
sub-015,utrecht_philips_3t,test,T1w,10.172,65.828,1.6509,0.65209,0.76658,2372.6,142067,840506,0.35464
sub-016,utrecht_philips_3t,test,FLAIR,10.256,57.934,0.57691,2.1693,0.69728,4844.9,59987,427981,0.27956
sub-016,utrecht_philips_3t,test,T1w,12.519,54.469,2.0367,0.54798,0.78597,1950.6,266939,1048146,0.27709
sub-017,utrecht_philips_3t,training,FLAIR,11.497,85.811,0.49759,2.4726,0.68115,7687.9,39340,428178,0.27764
sub-017,utrecht_philips_3t,training,T1w,11.357,80.037,1.7906,0.5528,0.77563,2989.7,253187,790428,0.3118
sub-018,utrecht_philips_3t,test,FLAIR,11.032,75.866,0.31942,3.9897,0.65699,7304,53157,526628,0.27187
sub-018,utrecht_philips_3t,test,T1w,12.649,83.896,1.9223,0.53168,0.75416,2708.2,227454,1074325,0.21477
sub-019,utrecht_philips_3t,training,FLAIR,4.9175,67.686,0.29557,3.1783,0.63268,6042.8,26913,573755,0.28152
sub-019,utrecht_philips_3t,training,T1w,7.7602,63.207,1.5287,0.64468,0.77293,2298.2,148330,726336,0.32333
sub-020,utrecht_philips_3t,test,FLAIR,8.2738,57.441,0.2498,4.2236,0.60169,6766.3,27892,744064,0.24629
sub-020,utrecht_philips_3t,test,T1w,8.5605,49.392,1.1233,0.98658,0.75691,2458.7,143024,1175147,0.42306
sub-021,utrecht_philips_3t,training,FLAIR,10.324,82.709,0.1261,9.0144,0.66456,6580,31355,466481,0.25213
sub-021,utrecht_philips_3t,training,T1w,9.9438,41.114,1.3435,0.81817,0.77715,1566.5,160435,953664,0.34167
sub-022,utrecht_philips_3t,test,FLAIR,8.7467,29.746,0.11722,9.6206,0.62405,1944.1,35263,686944,0.29028
sub-022,utrecht_philips_3t,test,T1w,10.573,37.732,1.5179,0.75843,0.74064,1346.7,171616,1611405,0.35829
sub-023,utrecht_philips_3t,training,FLAIR,12.317,58.605,0,,0.63744,4899.7,41972,544692,0.2823
sub-023,utrecht_philips_3t,training,T1w,12.087,58.132,1.7167,0.63444,0.77212,1963.1,193363,907675,0.3672
sub-024,utrecht_philips_3t,test,FLAIR,11.157,76.02,0.19634,5.7821,0.61256,6672.3,33661,647171,0.28166
sub-024,utrecht_philips_3t,test,T1w,9.8888,52.996,1.5736,0.63506,0.78193,2331,165588,898898,0.3838
sub-025,utrecht_philips_3t,training,FLAIR,11.834,73.831,0.15939,7.1131,0.65479,5711.1,36374,477919,0.30696
sub-025,utrecht_philips_3t,training,T1w,10.994,46.07,1.5481,0.69366,0.74652,1398.4,181419,1083417,0.46476
sub-026,utrecht_philips_3t,test,FLAIR,5.6843,74.525,0.16095,5.4697,0.64401,6378,25668,550987,0.26206
sub-026,utrecht_philips_3t,test,T1w,8.4466,43.793,1.3464,0.78456,0.76558,1433.6,138197,1029578,0.40435
sub-027,utrecht_philips_3t,training,FLAIR,11.83,76.057,0.25995,4.5655,0.61731,6550.8,41128,617076,0.27525
sub-027,utrecht_philips_3t,training,T1w,13.857,73.911,1.9704,0.49542,0.77269,3223.6,187883,936003,0.24478
sub-028,utrecht_philips_3t,test,FLAIR,9.7675,57.77,0.01163,102.08,0.58856,6706.6,23506,723952,0.24223
sub-028,utrecht_philips_3t,test,T1w,10.223,70.945,1.5948,0.6382,0.73709,3834.6,118309,1174849,0.33508
sub-029,utrecht_philips_3t,training,FLAIR,10.151,87.36,0.11045,10.143,0.6369,7635.6,29439,588669,0.34331
sub-029,utrecht_philips_3t,training,T1w,11.448,51.401,1.4793,0.72221,0.76592,1892.7,153626,853186,0.45729
sub-030,utrecht_philips_3t,test,FLAIR,11.971,70.095,0.09108,12.923,0.64859,3987.5,27189,482795,0.27282
sub-030,utrecht_philips_3t,test,T1w,11.156,53.377,1.6626,0.6178,0.76737,1922.9,142026,1064023,0.42873
sub-031,utrecht_philips_3t,training,FLAIR,7.5927,67.927,0.31337,3.4594,0.67819,6401.9,26561,387097,0.25884
sub-031,utrecht_philips_3t,training,T1w,9.192,54.577,1.5345,0.66383,0.77703,2259.2,148995,1035946,0.35649
sub-032,utrecht_philips_3t,test,FLAIR,8.1913,47.056,0.19882,5.9452,0.68863,3793.4,29739,387925,0.31619
sub-032,utrecht_philips_3t,test,T1w,9.1583,33.754,1.5068,0.79473,0.77582,1051.2,148032,1077310,0.45103
sub-033,utrecht_philips_3t,training,FLAIR,10.554,70.895,0.54623,2.3411,0.62972,6096.8,40917,489455,0.35363
sub-033,utrecht_philips_3t,training,T1w,10.838,94.57,1.9166,0.50719,0.75232,3879.8,186121,927734,0.30688
sub-034,utrecht_philips_3t,test,FLAIR,10.343,48.296,0.16876,5.7949,0.61365,4449,41869,672192,0.31356
sub-034,utrecht_philips_3t,test,T1w,10.377,30.144,1.6258,0.65065,0.79491,977.01,195810,892283,0.31514
sub-035,utrecht_philips_3t,training,FLAIR,10.774,78.027,0.44053,2.875,0.67083,6188,41901,418517,0.25702
sub-035,utrecht_philips_3t,training,T1w,13.686,52.456,1.9504,0.51277,0.75986,1519.8,188641,743841,0.24223
sub-036,utrecht_philips_3t,test,FLAIR,9.979,70.139,0.21211,3.1357,0.61766,6607.5,43857,632479,0.30456
sub-036,utrecht_philips_3t,test,T1w,12.307,59.084,1.8508,0.52904,0.77399,2536.7,189665,939323,0.24512
sub-037,utrecht_philips_3t,training,FLAIR,7.0988,66.44,0.35346,2.9807,0.67765,6575.8,32820,450305,0.26017
sub-037,utrecht_philips_3t,training,T1w,9.5233,24.836,1.2495,0.71456,0.76053,704.47,163041,1215374,0.38958
sub-038,utrecht_philips_3t,test,FLAIR,11.751,71.217,0.64809,1.8515,0.7362,6651.4,51048,278016,0.32046
sub-038,utrecht_philips_3t,test,T1w,10.461,79.514,1.7352,0.5572,0.78534,2126.9,226842,724009,0.26779
sub-039,utrecht_philips_3t,training,FLAIR,10.174,62.794,0.2846,4.2443,0.68953,5539.8,30585,353116,0.2525
sub-039,utrecht_philips_3t,training,T1w,10.655,50.947,1.6916,0.54219,0.79094,1513.9,157237,702836,0.34741
sub-040,utrecht_philips_3t,test,FLAIR,10.961,62.355,0.18926,6.2299,0.68047,4588.8,41641,429599,0.3153
sub-040,utrecht_philips_3t,test,T1w,9.145,32.166,1.4846,0.76258,0.78071,885.05,204932,845454,0.3795
sub-041,utrecht_philips_3t,training,FLAIR,11.866,73.556,0.18609,6.0877,0.68799,6702.5,37905,379623,0.26782
sub-041,utrecht_philips_3t,training,T1w,11.247,58.795,1.6858,0.55459,0.78735,1614,179859,777558,0.41335
sub-042,utrecht_philips_3t,test,FLAIR,11.326,94.572,0.18186,6.4558,0.64344,8607.1,36830,475972,0.25836
sub-042,utrecht_philips_3t,test,T1w,15.362,77.15,1.7509,0.59038,0.76752,2887,174855,765683,0.27813
sub-043,utrecht_philips_3t,test,FLAIR,11.922,63.691,0.40145,2.9987,0.71509,5790.2,51203,324433,0.24466
sub-043,utrecht_philips_3t,test,T1w,12.513,62.732,1.8904,0.50333,0.77984,1551.1,229353,731768,0.31623
sub-044,utrecht_philips_3t,test,FLAIR,11.973,76.75,0.32591,3.5957,0.691,5929.7,38462,396312,0.51125
sub-044,utrecht_philips_3t,test,T1w,11.363,28.735,1.8159,0.5278,0.77376,779.58,180136,912628,0.34824
sub-045,utrecht_philips_3t,test,FLAIR,10.803,91.333,0.23775,5.1717,0.66873,7569.3,50288,437197,0.21083
sub-045,utrecht_philips_3t,test,T1w,11.863,28.07,1.5974,0.66348,0.77136,820.91,222981,926581,0.30033
sub-046,utrecht_philips_3t,test,FLAIR,11.131,83.78,0.58439,2.0229,0.66691,7478.1,44279,486246,0.25465
sub-046,utrecht_philips_3t,test,T1w,10.875,47.879,1.8203,0.58607,0.78486,1760.3,215831,855441,0.32836
sub-047,utrecht_philips_3t,test,FLAIR,7.4857,26.263,0.20882,3.3587,0.66461,1914.2,46456,602755,0.33755
sub-047,utrecht_philips_3t,test,T1w,9.2391,56.385,1.2639,0.8502,0.77672,2322.2,213772,1009777,0.33542
sub-048,utrecht_philips_3t,test,FLAIR,8.8875,53.487,0.0097693,119.5,0.61125,5311.3,36386,581765,0.25584
sub-048,utrecht_philips_3t,test,T1w,12.262,53.236,1.5983,0.67834,0.76237,2327.6,173095,939578,0.37752
sub-049,utrecht_philips_3t,training,FLAIR,9.6747,71.003,0.64657,1.8943,0.61443,6173.1,42573,562203,0.25957
sub-049,utrecht_philips_3t,training,T1w,11.524,58.855,2.0308,0.51534,0.75658,2262,197376,1374003,0.28533
sub-050,singapore_siemens_3t,training,FLAIR,9.3632,58.308,0.42457,2.7712,0.52525,7352.6,26026,1519678,0.2029
sub-050,singapore_siemens_3t,training,T1w,11.147,82.436,1.8421,0.58279,0.50777,3680.1,149188,5839772,0.19911
sub-051,singapore_siemens_3t,training,FLAIR,12.629,142.6,0.11049,9.9506,0.54548,15580,20323,1311374,0.15614
sub-051,singapore_siemens_3t,training,T1w,9.2048,35.789,1.2325,0.82827,0.57953,869.61,123749,6042167,0.61475
sub-052,singapore_siemens_3t,training,FLAIR,12.419,150.27,0.43695,2.6359,0.50343,20901,21848,1408512,0.21342
sub-052,singapore_siemens_3t,training,T1w,11.529,56.246,1.5914,0.68779,0.5318,1145.2,129179,6367573,0.46754
sub-053,singapore_siemens_3t,training,FLAIR,10.585,102.99,0.75797,1.521,0.54742,16431,34520,1347829,0.21516
sub-053,singapore_siemens_3t,training,T1w,16.723,49.881,1.886,0.46811,0.54225,1317,184021,6546142,0.41776
sub-054,singapore_siemens_3t,training,FLAIR,12.454,118.12,0.75728,1.6498,0.55363,13008,43775,1325921,0.2178
sub-054,singapore_siemens_3t,training,T1w,17.253,52.949,1.8651,0.53072,0.5736,1486.5,224544,5886633,0.72696
sub-055,singapore_siemens_3t,training,FLAIR,12.263,88.311,0.24221,4.8271,0.5551,9977.5,30014,1400841,0.24793
sub-055,singapore_siemens_3t,training,T1w,12.986,30.95,1.2317,0.74228,0.57559,821.06,171116,6333686,0.78882
sub-056,singapore_siemens_3t,training,FLAIR,11.991,83.676,0.18087,6.133,0.51661,12247,26020,1512303,0.17715
sub-056,singapore_siemens_3t,training,T1w,11.598,49.182,1.298,0.75363,0.52691,1150.5,146399,6704488,0.47803
sub-057,singapore_siemens_3t,training,FLAIR,11.667,101.26,0.26313,4.4187,0.48693,12726,21346,1473659,0.22668
sub-057,singapore_siemens_3t,training,T1w,13.214,48.992,1.0889,0.99187,0.48268,947.32,119957,7395699,0.48339
sub-058,singapore_siemens_3t,training,FLAIR,12.859,86.2,0.49185,2.405,0.53308,12695,36868,1432153,0.29843
sub-058,singapore_siemens_3t,training,T1w,15.52,50.196,1.5495,0.661,0.55026,1435.9,190379,6387381,0.79563
sub-059,singapore_siemens_3t,training,FLAIR,14.376,99.543,0.051341,20.792,0.52522,14170,23280,1392204,0.19644
sub-059,singapore_siemens_3t,training,T1w,11.937,42.422,1.1844,0.80968,0.53841,932.89,133908,6886816,0.54851
sub-060,singapore_siemens_3t,training,FLAIR,11.501,57.885,0.12663,8.7239,0.54154,6221.7,25103,1478724,0.20258
sub-060,singapore_siemens_3t,training,T1w,11.112,32.616,1.1721,0.83913,0.56034,603.73,146049,7004884,0.55558
sub-061,singapore_siemens_3t,training,FLAIR,14.851,90.603,0.22826,4.9439,0.54158,12307,38424,1397731,0.2016
sub-061,singapore_siemens_3t,training,T1w,11.857,42.133,1.1721,0.83655,0.5687,1306.4,193955,6284688,0.90518
sub-062,singapore_siemens_3t,training,FLAIR,12.21,121.49,0.31465,3.7761,0.52687,13238,23884,1336923,0.20138
sub-062,singapore_siemens_3t,training,T1w,10.983,44.01,1.073,0.98584,0.53792,1243.1,143406,7079074,0.70111
sub-063,singapore_siemens_3t,training,FLAIR,10.352,50.261,0.14418,6.9917,0.54873,3978.1,18141,1386153,0.41536
sub-063,singapore_siemens_3t,training,T1w,9.1598,44.335,1.3512,0.77201,0.54718,824.09,120617,6841728,0.44334
sub-064,singapore_siemens_3t,training,FLAIR,13.893,85.391,0.28204,3.6415,0.56819,8670.7,31408,1270082,0.22287
sub-064,singapore_siemens_3t,training,T1w,12.834,26.83,1.3418,0.72274,0.61034,517.33,179301,5829177,0.58869
sub-065,singapore_siemens_3t,training,FLAIR,10.22,70.935,0.21191,5.0324,0.57412,6221.7,30289,1161829,0.25987
sub-065,singapore_siemens_3t,training,T1w,11.113,29.996,1.1219,0.84837,0.5538,684.09,173791,7094386,0.68736
sub-066,singapore_siemens_3t,training,FLAIR,12.924,86.837,0.45677,2.5153,0.56489,10688,34059,1266838,0.24617
sub-066,singapore_siemens_3t,training,T1w,14.362,36.65,1.3499,0.69492,0.57022,934.7,189257,6653245,0.61151
sub-067,singapore_siemens_3t,training,FLAIR,9.6007,98.567,0.060466,19.515,0.47406,16874,23459,1640198,0.36518
sub-067,singapore_siemens_3t,training,T1w,9.7506,53.524,1.2916,0.79924,0.5017,1525.8,136033,6940214,0.74427
sub-068,singapore_siemens_3t,training,FLAIR,4.9808,115.96,0.10788,8.828,0.51216,11515,16868,1400581,0.30247
sub-068,singapore_siemens_3t,training,T1w,6.7168,43.056,0.99555,0.98085,0.51563,958.77,110877,7065335,0.55448
sub-069,singapore_siemens_3t,training,FLAIR,12.695,100.51,0.19154,6.1748,0.52008,12028,24107,1463931,0.37663
sub-069,singapore_siemens_3t,training,T1w,12.764,40.519,1.2185,0.85865,0.55206,1049.1,142283,7021819,0.80673
sub-070,singapore_siemens_3t,test,FLAIR,13.274,122.26,0.41093,3.0258,0.54046,14597,36638,1319473,0.28214
sub-070,singapore_siemens_3t,test,T1w,14.773,50.064,1.4189,0.68075,0.52783,1373,203178,7381988,0.58743
sub-071,singapore_siemens_3t,test,FLAIR,11.726,123.5,0.50193,2.3662,0.53642,14884,20864,1321600,0.21818
sub-071,singapore_siemens_3t,test,T1w,12.674,49.474,1.4439,0.6881,0.52267,1108,135564,7257584,0.66762
sub-072,singapore_siemens_3t,test,FLAIR,6.8094,85.558,0.30086,3.7969,0.53934,14062,20412,1451207,0.34935
sub-072,singapore_siemens_3t,test,T1w,9.4447,42.882,1.1576,0.8809,0.53644,1265.6,140609,7592860,1.0454
sub-073,singapore_siemens_3t,test,FLAIR,14.064,113.29,0.36112,3.2195,0.52414,12948,29575,1289936,0.26967
sub-073,singapore_siemens_3t,test,T1w,13.666,45.151,1.361,0.71212,0.50981,1161.3,156138,7807321,0.45386
sub-074,singapore_siemens_3t,test,FLAIR,11.512,87.168,0.6804,1.7264,0.5631,10776,33018,1273148,0.26513
sub-074,singapore_siemens_3t,test,T1w,14.446,46.496,1.5796,0.56596,0.54674,1245.3,186368,7301361,0.65596
sub-075,singapore_siemens_3t,test,FLAIR,10.298,65.706,0.81602,1.5623,0.54405,7281.4,36312,1372469,0.29291
sub-075,singapore_siemens_3t,test,T1w,17.051,51.993,1.7045,0.51299,0.53593,1621,188092,7088529,0.72578
sub-076,singapore_siemens_3t,test,FLAIR,11.571,85.51,0.85501,1.3552,0.51953,14483,39167,1512157,0.45895
sub-076,singapore_siemens_3t,test,T1w,18.024,53.489,1.7277,0.50805,0.5313,1880.7,201347,7155961,0.89317
sub-077,singapore_siemens_3t,test,FLAIR,13.397,90.421,0.2394,4.6243,0.55941,12927,39625,1324014,0.25739
sub-077,singapore_siemens_3t,test,T1w,12.057,44.766,1.1776,0.8337,0.54002,1476.2,206001,7189852,0.78116
sub-078,singapore_siemens_3t,test,FLAIR,11.597,112.94,0.8583,1.4676,0.52702,17112,31802,1430491,0.25877
sub-078,singapore_siemens_3t,test,T1w,15.367,52.789,1.7533,0.58882,0.50962,1467.8,175097,7436294,0.58701
sub-079,singapore_siemens_3t,test,FLAIR,11.066,55.606,0.0099818,116.19,0.53948,5813.5,27046,1444354,0.19128
sub-079,singapore_siemens_3t,test,T1w,13.137,44.85,1.2393,0.82647,0.51267,942.51,143550,7564694,0.47825
sub-080,singapore_siemens_3t,test,FLAIR,12.136,68.038,0.17969,6.2497,0.49642,9081.7,26995,1619159,0.22832
sub-080,singapore_siemens_3t,test,T1w,11.858,39.794,1.2137,0.94402,0.50578,893.45,151218,7230538,0.43685
sub-081,singapore_siemens_3t,test,FLAIR,9.6386,85.389,0.069122,15.773,0.53234,11431,20805,1391752,0.28198
sub-081,singapore_siemens_3t,test,T1w,10.422,43.246,1.0885,0.96195,0.52647,1106.2,130306,7444213,0.93506
sub-082,singapore_siemens_3t,test,FLAIR,14.076,125.64,0.32017,3.4129,0.50594,17489,26010,1430982,0.19784
sub-082,singapore_siemens_3t,test,T1w,13.175,49.78,1.4343,0.70649,0.49457,1300.5,143689,7390467,0.46194
sub-083,singapore_siemens_3t,test,FLAIR,10.437,33.478,0.39015,2.859,0.57526,3187.6,33703,1516737,0.3234
sub-083,singapore_siemens_3t,test,T1w,11.701,23.949,1.1453,0.87824,0.59389,550.77,183358,6614935,0.80523
sub-084,singapore_siemens_3t,test,FLAIR,11.46,119.07,0.81665,1.4351,0.55812,15449,35887,1295191,0.22545
sub-084,singapore_siemens_3t,test,T1w,13.668,48.558,1.4739,0.61256,0.55311,1464.6,202598,6933292,0.69901
sub-085,singapore_siemens_3t,test,FLAIR,12.997,90.063,0.48924,2.4401,0.53526,11929,34796,1403856,0.24815
sub-085,singapore_siemens_3t,test,T1w,12.172,43.895,1.2983,0.80322,0.52657,1212.5,186650,7640467,0.87518
sub-086,singapore_siemens_3t,test,FLAIR,12.61,120.54,0.12272,9.297,0.50582,17861,23491,1460072,0.2004
sub-086,singapore_siemens_3t,test,T1w,11.69,43.869,1.2313,0.83242,0.51333,1104.8,138372,7525612,0.53475
sub-087,singapore_siemens_3t,test,FLAIR,12.261,89.406,0.37584,3.0173,0.5189,13089,24028,1489130,0.30784
sub-087,singapore_siemens_3t,test,T1w,13.463,44.707,1.4487,0.71573,0.49501,1017.4,142059,7411230,0.55936
sub-088,singapore_siemens_3t,test,FLAIR,12.445,101.56,0.018728,58.859,0.51432,13179,24208,1452707,0.21611
sub-088,singapore_siemens_3t,test,T1w,11.854,43.641,1.2009,0.91372,0.5347,943.73,137530,7006582,0.44591
sub-089,singapore_siemens_3t,test,FLAIR,12.57,79.006,0.55853,2.2515,0.53234,11177,41653,1363627,0.26336
sub-089,singapore_siemens_3t,test,T1w,17.992,53.078,1.5796,0.63794,0.53892,1510.4,208153,6859998,0.89899
sub-090,singapore_siemens_3t,test,FLAIR,13.528,139.56,0.34332,3.4027,0.50939,15571,24507,1309246,0.22329
sub-090,singapore_siemens_3t,test,T1w,13.581,58.73,1.573,0.64149,0.49356,1146.9,135384,7203607,0.39497
sub-091,singapore_siemens_3t,test,FLAIR,7.3603,102.89,0.36243,2.9538,0.51765,10893,18344,1432553,0.29045
sub-091,singapore_siemens_3t,test,T1w,5.84,34.024,0.78274,1.3597,0.51589,632.66,109165,7195252,0.48686
sub-092,singapore_siemens_3t,test,FLAIR,12.937,82.599,0.01137,94.976,0.51305,14587,30243,1587450,0.29478
sub-092,singapore_siemens_3t,test,T1w,12.373,44.627,1.119,0.97692,0.5131,1077,164516,7163727,0.595
sub-093,singapore_siemens_3t,test,FLAIR,13.977,84.273,0.42189,2.5472,0.55357,13436,39947,1419653,0.38132
sub-093,singapore_siemens_3t,test,T1w,13.364,43.391,1.2467,0.70688,0.5591,1376.3,214416,7118153,0.90147
sub-094,singapore_siemens_3t,test,FLAIR,9.3215,54.044,0.20947,5.324,0.52647,5350.9,18349,1385633,0.21327
sub-094,singapore_siemens_3t,test,T1w,9.8352,39.289,1.2241,0.83945,0.52302,824.04,118179,7448594,0.50502
sub-095,singapore_siemens_3t,test,FLAIR,13.117,63.622,0.35945,2.886,0.53428,9820.6,28245,1555697,0.30241
sub-095,singapore_siemens_3t,test,T1w,13.281,40.117,1.2525,0.73893,0.56732,1129.8,162390,6687642,0.81093
sub-096,singapore_siemens_3t,test,FLAIR,7.5725,102.77,0.56409,1.8923,0.54185,14025,30243,1387148,0.22471
sub-096,singapore_siemens_3t,test,T1w,10.554,48.261,1.4425,0.64106,0.53032,1250.6,179955,7351831,0.62341
sub-097,singapore_siemens_3t,test,FLAIR,13.046,106.11,0.038176,27.01,0.53572,12142,22736,1366336,0.21615
sub-097,singapore_siemens_3t,test,T1w,11.182,39.224,1.1301,0.87427,0.53338,840.48,131924,7188526,0.49834
sub-098,singapore_siemens_3t,test,FLAIR,14.144,115.32,0.098447,10.998,0.51598,18319,26251,1423474,0.20883
sub-098,singapore_siemens_3t,test,T1w,13.202,48.956,1.3161,0.75201,0.5125,1208.9,141389,7069688,0.44711
sub-099,singapore_siemens_3t,test,FLAIR,14.948,113.13,0.23618,4.6649,0.53341,14185,27467,1382054,0.22952
sub-099,singapore_siemens_3t,test,T1w,16.503,58.497,1.3703,0.73167,0.54388,1573.1,147647,6415258,0.5092
sub-100,amsterdam_ge_3t,training,FLAIR,11.484,28.971,0.60403,1.6104,0.58343,586.3,29459,1502243,0.41806
sub-100,amsterdam_ge_3t,training,T1w,12.048,35.072,1.6626,0.59412,0.64377,2542.3,240482,2781247,0.26023
sub-101,amsterdam_ge_3t,training,FLAIR,9.474,24.472,0.57656,1.7583,0.64603,289.49,30304,1341544,0.46579
sub-101,amsterdam_ge_3t,training,T1w,12.245,27.639,1.4115,0.61113,0.69572,1781.3,261396,2238816,0.3094
sub-102,amsterdam_ge_3t,training,FLAIR,8.9077,27.081,0.78407,1.3264,0.58379,565.36,25009,1603321,0.32759
sub-102,amsterdam_ge_3t,training,T1w,13.195,38.951,1.6767,0.5655,0.65258,2965.3,206013,2764244,0.2121
sub-103,amsterdam_ge_3t,training,FLAIR,11.881,13.887,0.15047,5.9655,0.61353,248.59,18456,1572184,0.41217
sub-103,amsterdam_ge_3t,training,T1w,8.5052,17.798,0.99236,1.039,0.65265,1027.1,170733,2537816,0.38915
sub-104,amsterdam_ge_3t,training,FLAIR,11.176,17.981,0.33312,2.6885,0.65136,281.97,22929,1415506,0.49053
sub-104,amsterdam_ge_3t,training,T1w,9.8756,37.356,1.2084,0.86307,0.67995,3361.1,207053,2557182,0.35768
sub-105,amsterdam_ge_3t,training,FLAIR,10.914,18.417,0.2907,3.198,0.61869,381.62,16096,1537293,0.48471
sub-105,amsterdam_ge_3t,training,T1w,10.577,38.459,1.3677,0.72797,0.65821,3138.1,169021,2276548,0.2891
sub-106,amsterdam_ge_3t,training,FLAIR,9.5745,23.779,0.82848,1.1521,0.58909,438.79,27347,1553032,0.39092
sub-106,amsterdam_ge_3t,training,T1w,12.931,45.307,1.7367,0.52248,0.64165,3549.7,231412,2685105,0.20411
sub-107,amsterdam_ge_3t,training,FLAIR,11.582,20.357,0.21482,4.3565,0.5887,440.99,19682,1644641,0.42427
sub-107,amsterdam_ge_3t,training,T1w,12.306,36.423,1.2845,0.73951,0.6467,2993.5,171725,2510903,0.27141
sub-108,amsterdam_ge_3t,training,FLAIR,9.0673,44.014,0.83712,1.298,0.5569,727.94,20626,1498047,0.34942
sub-108,amsterdam_ge_3t,training,T1w,13.183,73.277,2.0187,0.5101,0.64854,7808.3,184651,2468949,0.17139
sub-109,amsterdam_ge_3t,training,FLAIR,11.18,18.513,0.4456,2.139,0.64281,328.3,28444,1483176,0.44691
sub-109,amsterdam_ge_3t,training,T1w,11.181,26.072,1.274,0.78296,0.66465,1751,242192,2480544,0.23685
sub-110,amsterdam_ge_3t,training,FLAIR,8.9047,31.013,0.72346,1.4733,0.61602,422.95,35890,1378420,0.54642
sub-110,amsterdam_ge_3t,training,T1w,14.808,41.256,1.7893,0.52724,0.69539,3242.6,284770,2209877,0.22887
sub-111,amsterdam_ge_3t,test,FLAIR,9.3835,18,0.038238,20.554,0.60836,391.97,12543,1656456,0.43379
sub-111,amsterdam_ge_3t,test,T1w,9.3441,31.588,1.095,0.91162,0.64337,2355.7,139031,2664142,0.29795
sub-112,amsterdam_ge_3t,training,FLAIR,11.743,33.883,0.31177,2.8679,0.56179,663.31,23451,1711891,0.31383
sub-112,amsterdam_ge_3t,training,T1w,13.586,42.125,1.5597,0.6117,0.62526,3653.1,189192,2637103,0.2044
sub-113,amsterdam_ge_3t,training,FLAIR,11.895,18.996,0.402,2.2747,0.6123,408.74,23943,1591670,0.35922
sub-113,amsterdam_ge_3t,training,T1w,10.571,35.271,1.4281,0.75239,0.66737,2443.5,203615,2320266,0.24717
sub-114,amsterdam_ge_3t,training,FLAIR,11.944,14.787,0.14124,6.1425,0.623,271.21,26663,1670299,0.39706
sub-114,amsterdam_ge_3t,training,T1w,9.4735,24.086,1.0391,0.98278,0.65869,1755.6,213092,2638024,0.30809
sub-115,amsterdam_ge_3t,training,FLAIR,10.618,25.935,0.35833,2.6003,0.58196,592.97,36077,1586891,0.39377
sub-115,amsterdam_ge_3t,training,T1w,12.282,34.784,1.3016,0.83015,0.64514,3110.5,269297,2646563,0.26033
sub-116,amsterdam_ge_3t,training,FLAIR,7.8981,15.47,0.43643,2.4462,0.62227,277.82,20481,1646283,0.59159
sub-116,amsterdam_ge_3t,training,T1w,12.53,34.26,1.1821,0.78896,0.66046,2505.6,187836,2632837,0.23076
sub-117,amsterdam_ge_3t,test,FLAIR,9.3625,24.342,0.20936,4.6619,0.59085,434.16,14941,1626809,0.55806
sub-117,amsterdam_ge_3t,test,T1w,9.5952,22.591,1.2213,0.79048,0.6718,1204.7,169557,2591666,0.39438
sub-118,amsterdam_ge_3t,test,FLAIR,8.9347,24.553,0.29922,3.4082,0.61842,379.83,26443,1541259,0.41278
sub-118,amsterdam_ge_3t,test,T1w,12.015,28.986,1.2865,0.87349,0.65705,2257.9,215778,2655712,0.20679
sub-119,amsterdam_ge_3t,test,FLAIR,10.421,19.869,0.22916,4.1915,0.61007,319.47,14585,1609600,0.50383
sub-119,amsterdam_ge_3t,test,T1w,9.3199,29.844,1.1707,0.83036,0.6366,1938.6,149091,2635443,0.29707
sub-120,amsterdam_ge_3t,test,FLAIR,10.207,43.567,0.45155,2.1844,0.59176,681.44,30680,1467187,0.4169
sub-120,amsterdam_ge_3t,test,T1w,13.641,47.047,1.6538,0.62479,0.6825,4402.3,242488,2169231,0.24338
sub-121,amsterdam_ge_3t,test,FLAIR,10.711,30.23,0.42527,2.3171,0.58602,544.41,22333,1623810,0.39373
sub-121,amsterdam_ge_3t,test,T1w,12.444,33.064,1.3643,0.76972,0.64483,2866.6,195909,2573499,0.2498
sub-122,amsterdam_ge_3t,test,FLAIR,9.5143,18.396,0.19059,5.305,0.61212,254.03,18807,1708889,0.49634
sub-122,amsterdam_ge_3t,test,T1w,8.5867,24.181,1.0215,1.0233,0.64986,1680.3,169301,2409102,0.43003
sub-123,amsterdam_ge_3t,test,FLAIR,8.5226,11.534,0.667,1.5393,0.64407,191.57,31201,1507722,0.46737
sub-123,amsterdam_ge_3t,test,T1w,13.952,37.51,1.6593,0.6152,0.67764,2844.1,254851,2539853,0.23683
sub-124,amsterdam_ge_3t,test,FLAIR,10.462,22.479,0.57216,1.8092,0.62045,314.1,33995,1535973,0.50889
sub-124,amsterdam_ge_3t,test,T1w,11.909,27.826,1.3803,0.68625,0.67743,1864.6,274214,2617705,0.29897
sub-125,amsterdam_ge_3t,test,FLAIR,11.285,26.667,0.35008,2.757,0.5523,517.62,25181,1708940,0.37525
sub-125,amsterdam_ge_3t,test,T1w,12.629,40.973,1.5192,0.5908,0.61271,3592,190069,2743322,0.24006
sub-126,amsterdam_ge_3t,training,FLAIR,12.621,23.498,0.11878,7.5454,0.64815,335.83,28114,1285130,0.49534
sub-126,amsterdam_ge_3t,training,T1w,10.867,46.87,1.1189,0.90942,0.67539,4683.5,243824,2582019,0.33801
sub-127,amsterdam_ge_3t,test,FLAIR,8.7871,11.785,0.41096,2.2584,0.63118,192.87,17930,1443245,0.69406
sub-127,amsterdam_ge_3t,test,T1w,9.8428,38.025,1.2208,0.86445,0.67878,3342.5,176439,1919418,0.38484
sub-128,amsterdam_ge_3t,test,FLAIR,9.8452,23.741,0.19611,4.4511,0.6086,481.09,21905,1557805,0.4597
sub-128,amsterdam_ge_3t,test,T1w,9.1167,38.469,1.1497,0.94214,0.67482,3679.4,206816,2293227,0.33466
sub-129,amsterdam_ge_3t,test,FLAIR,8.2114,14.242,0.56626,1.7919,0.60807,227.23,19854,1700982,0.47639
sub-129,amsterdam_ge_3t,test,T1w,8.1266,18.539,1.1426,0.93911,0.65098,961.9,191549,2911887,0.36798
sub-130,amsterdam_ge_3t,test,FLAIR,10.32,17.998,0.62611,1.5477,0.60942,391.33,35039,1664570,0.39167
sub-130,amsterdam_ge_3t,test,T1w,13.346,35.726,1.6609,0.56119,0.69808,2539.4,265872,2473559,0.21855
sub-131,amsterdam_ge_3t,test,FLAIR,10.211,15.862,0.46743,1.9207,0.59699,312.88,23307,1652455,0.38845
sub-131,amsterdam_ge_3t,test,T1w,12.744,45.939,1.4783,0.77362,0.62017,4248,189584,2826387,0.24386
sub-132,amsterdam_ge_3t,training,FLAIR,5.6934,24.513,0.16632,4.6939,0.57645,426.99,16349,1702224,0.50471
sub-132,amsterdam_ge_3t,training,T1w,9.0692,32.591,1.1247,0.89694,0.62856,2757.7,160606,2752462,0.26388
sub-133,amsterdam_ge_3t,test,FLAIR,10.758,20.684,0.29942,3.073,0.61055,369.45,26170,1574360,0.48997
sub-133,amsterdam_ge_3t,test,T1w,10.005,34.418,1.2308,0.93181,0.67818,2649.6,219427,2280474,0.28904
sub-134,amsterdam_ge_3t,test,FLAIR,9.365,24.891,0.45898,2.1014,0.60798,414.34,17472,1601695,0.45953
sub-134,amsterdam_ge_3t,test,T1w,9.3292,33.567,1.4124,0.70774,0.64409,2555.2,183067,2596354,0.29632
sub-135,amsterdam_ge_3t,test,FLAIR,9.1031,33.867,0.50197,1.889,0.56174,575.59,16260,1647288,0.41176
sub-135,amsterdam_ge_3t,test,T1w,11.564,41.261,1.3265,0.73332,0.62285,3510.7,169075,2770461,0.27563
sub-136,amsterdam_ge_3t,test,FLAIR,8.9451,25.366,0.49617,2.1294,0.59499,405.83,29314,1543885,0.53713
sub-136,amsterdam_ge_3t,test,T1w,10.759,27.275,1.2437,0.88965,0.66553,2049.9,237026,2550584,0.34347
sub-137,amsterdam_ge_3t,training,FLAIR,11.475,37.986,0.37415,2.6083,0.54963,812.76,27389,1670875,0.40268
sub-137,amsterdam_ge_3t,training,T1w,11.671,43.122,1.4088,0.74388,0.64754,3797.1,222305,2344172,0.24915
sub-138,amsterdam_ge_3t,test,FLAIR,7.585,13.105,0.81287,1.3739,0.64663,211.77,32925,1406844,0.46062
sub-138,amsterdam_ge_3t,test,T1w,14.369,28.947,1.628,0.60728,0.67474,1872.6,265126,2716532,0.18229
sub-139,amsterdam_ge_3t,test,FLAIR,10.06,19.158,0.57242,1.7117,0.59431,364.32,26845,1676706,0.44581
sub-139,amsterdam_ge_3t,test,T1w,12.585,31.474,1.5677,0.56127,0.65513,2091.9,223345,2609007,0.25208
sub-140,amsterdam_ge_3t,test,FLAIR,11.405,34.587,0.3328,2.8169,0.59607,565.66,23212,1470993,0.44766
sub-140,amsterdam_ge_3t,test,T1w,11.229,32.48,1.1712,1.0065,0.66162,2503.8,199959,2093459,0.2761
sub-141,amsterdam_ge_3t,test,FLAIR,9.7236,22.999,0.51958,1.9472,0.6065,395.16,25363,1645504,0.43445
sub-141,amsterdam_ge_3t,test,T1w,12.902,38.961,1.376,0.68555,0.64802,3181.8,215776,2770511,0.22717
sub-142,amsterdam_ge_3t,test,FLAIR,10.558,24.251,0.51101,1.8416,0.63197,382.67,20967,1416035,0.53691
sub-142,amsterdam_ge_3t,test,T1w,12.226,41.147,1.4801,0.70659,0.68998,3303,208997,1681684,0.24319
sub-143,amsterdam_ge_3t,test,FLAIR,9.7536,18.18,0.29443,3.1463,0.59306,342.03,15846,1765158,0.4177
sub-143,amsterdam_ge_3t,test,T1w,10.163,36.539,1.3151,0.75324,0.62349,3382.2,149627,2630977,0.31464
sub-144,amsterdam_ge_3t,training,FLAIR,10.121,21.732,0.43552,2.134,0.58601,427.44,29847,1702450,0.36972
sub-144,amsterdam_ge_3t,training,T1w,12.578,34.913,1.4472,0.63821,0.64319,2623.6,230387,2534581,0.24541
sub-145,amsterdam_ge_3t,test,FLAIR,10.745,32.843,0.20333,4.1458,0.55095,614.37,22149,1651559,0.38308
sub-145,amsterdam_ge_3t,test,T1w,10.103,28.372,1.1221,0.87766,0.63612,1934.5,184631,2368447,0.3599
sub-146,amsterdam_ge_3t,test,FLAIR,6.5688,7.7929,0.7664,1.4384,0.66463,103.45,14429,1568088,0.62464
sub-146,amsterdam_ge_3t,test,T1w,10.206,30.459,1.4897,0.76346,0.66761,2116.1,160470,2204424,0.31438
sub-147,amsterdam_ge_3t,test,FLAIR,8.5574,36.79,0.50029,2.1911,0.5529,526.44,20967,1684259,0.69537
sub-147,amsterdam_ge_3t,test,T1w,11.23,28.222,1.2835,0.78511,0.62914,1981.9,187727,3013939,0.28117
sub-148,amsterdam_ge_3t,test,FLAIR,10.537,25.079,0.33509,3.0162,0.59324,468.37,15741,1530218,0.60574
sub-148,amsterdam_ge_3t,test,T1w,9.8831,28.906,1.2446,0.74444,0.62231,2012,168013,2829523,0.31061
sub-149,amsterdam_ge_3t,test,FLAIR,9.4442,30.486,0.43539,2.2796,0.56635,553.88,27028,1811265,0.68111
sub-149,amsterdam_ge_3t,test,T1w,11.311,26.555,1.2571,0.83993,0.64282,1732,220576,3167744,0.26611
sub-150,amsterdam_ge_1p5t,test,FLAIR,9.7316,19.628,0.62889,1.6502,0.62543,159.86,16445,1308097,0.43595
sub-150,amsterdam_ge_1p5t,test,T1w,12.143,39.051,2.2133,0.50184,0.49469,3.8413e+05,102454,4060570,0.16007
sub-151,amsterdam_ge_1p5t,test,FLAIR,3.6782,11.928,0.22152,3.2565,0.65337,85.281,7281,1421465,0.55402
sub-151,amsterdam_ge_1p5t,test,T1w,7.4505,21.22,1.1498,1.0195,0.49609,3.8022e+05,63109,4227331,0.25807
sub-152,amsterdam_ge_1p5t,test,FLAIR,10.941,15.364,0.30103,3.2559,0.62433,151.04,13669,1449636,0.52253
sub-152,amsterdam_ge_1p5t,test,T1w,10.388,380.52,1.4661,0.69678,0.56099,1.8452e+05,89747,2492220,0.26632
sub-153,amsterdam_ge_1p5t,test,FLAIR,8.9719,10.508,0.77557,1.3674,0.66039,82.356,11399,1232267,0.81923
sub-153,amsterdam_ge_1p5t,test,T1w,12.301,343.19,1.8199,0.58338,0.56792,2.2453e+05,86957,2907240,0.25613
sub-154,amsterdam_ge_1p5t,test,FLAIR,9.9236,20.073,0.70587,1.5302,0.64085,113.92,16907,1304654,0.47604
sub-154,amsterdam_ge_1p5t,test,T1w,13.482,37.906,1.7959,0.622,0.48831,4.636e+05,111212,4273417,0.18772
sub-155,amsterdam_ge_1p5t,test,FLAIR,9.1392,18.213,0.56692,1.9402,0.63464,154.83,23965,1280160,0.67007
sub-155,amsterdam_ge_1p5t,test,T1w,11.167,347.42,1.521,0.75359,0.58652,2.139e+05,153515,2587442,0.23559
sub-156,amsterdam_ge_1p5t,test,FLAIR,9.0107,21.824,0.76872,1.4987,0.66295,95.95,16001,1052057,0.38461
sub-156,amsterdam_ge_1p5t,test,T1w,15.411,42.493,2.1397,0.52477,0.51664,4.5658e+05,105140,3858213,0.12171
sub-157,amsterdam_ge_1p5t,test,FLAIR,10.558,27.16,0.21318,4.4657,0.56078,302.6,14646,1364600,0.59992
sub-157,amsterdam_ge_1p5t,test,T1w,14.037,45.436,1.5352,0.69013,0.46693,6.0902e+05,92893,4035731,0.21739
sub-158,amsterdam_ge_1p5t,test,FLAIR,9.708,29.567,0.46127,2.2375,0.56661,328.81,14487,1388919,0.47667
sub-158,amsterdam_ge_1p5t,test,T1w,12.625,44.183,1.647,0.64865,0.48793,3.4075e+05,93789,3653120,0.19849
sub-159,amsterdam_ge_1p5t,test,FLAIR,7.5809,10.899,0.27299,3.5455,0.65126,118.76,14095,1246418,0.51121
sub-159,amsterdam_ge_1p5t,test,T1w,9.8236,289.3,1.418,0.79337,0.56995,3.0266e+05,101344,3233231,0.25441
sub-160,amsterdam_philips_3t,test,FLAIR,11.155,3.3837,0.38468,2.2112,0.75105,34.78,53723,1158841,0.31643
sub-160,amsterdam_philips_3t,test,T1w,13.578,101.23,1.732,0.55897,0.75333,4000.2,256521,1582170,0.33125
sub-161,amsterdam_philips_3t,test,FLAIR,12.176,3.9552,0.011165,75.061,0.72875,42.184,62485,1284011,0.27416
sub-161,amsterdam_philips_3t,test,T1w,21.983,137.31,1.1045,0.89301,0.70777,12570,261663,2132794,0.21183
sub-162,amsterdam_philips_3t,test,FLAIR,11.719,3.1087,0.4149,2.1697,0.73927,30.369,61618,1157529,0.16121
sub-162,amsterdam_philips_3t,test,T1w,21.899,257.57,1.542,0.56787,0.68051,21378,241851,2291051,0.13224
sub-163,amsterdam_philips_3t,test,FLAIR,10.872,4.1071,0.29572,3.1333,0.74576,50.253,64511,1014598,0.23264
sub-163,amsterdam_philips_3t,test,T1w,19.636,104.33,1.2,0.8124,0.68245,9639.2,254543,2819154,0.14925
sub-164,amsterdam_philips_3t,test,FLAIR,11.623,5.3135,0.17089,5.5142,0.73584,76.562,50908,784032,0.19069
sub-164,amsterdam_philips_3t,test,T1w,19.98,188.01,1.2537,0.69807,0.70206,18341,209849,2192314,0.20432
sub-165,amsterdam_philips_3t,test,FLAIR,14.428,3.7272,0.31686,2.2615,0.73168,45.033,69129,1448793,0.23976
sub-165,amsterdam_philips_3t,test,T1w,18.723,134.3,1.2097,0.75302,0.69826,11667,263808,2385874,0.16215
sub-166,amsterdam_philips_3t,test,FLAIR,12.576,9.656,0.27352,3.4576,0.74667,228.49,68427,791508,0.22511
sub-166,amsterdam_philips_3t,test,T1w,20.772,136.77,1.3578,0.72255,0.69987,10405,268179,2327175,0.1875
sub-167,amsterdam_philips_3t,test,FLAIR,10.034,3.692,0.65115,1.4516,0.74341,47.458,69882,993916,0.23326
sub-167,amsterdam_philips_3t,test,T1w,20.259,188.64,1.606,0.57218,0.70556,19549,289400,2156896,0.13415
sub-168,amsterdam_philips_3t,test,FLAIR,13.154,3.8416,0.48345,1.7855,0.74869,50.606,82404,1185284,0.26016
sub-168,amsterdam_philips_3t,test,T1w,24.344,178.14,1.6832,0.56686,0.69755,15985,317846,2493339,0.14638
sub-169,amsterdam_philips_3t,test,FLAIR,13.138,2.9831,0.47861,1.5316,0.74929,25.62,92385,1632162,0.26716
sub-169,amsterdam_philips_3t,test,T1w,20.291,67.278,1.5714,0.63609,0.74291,4517.7,370299,2059751,0.20372
