participant_id,scanner,artifact,level_index,level,dice,hd95_mm,avd_pct,lesion_recall,lesion_f1,true_ml,pred_ml
sub-001,utrecht_philips_3t,none,0,0,0.6505,15.07,36.47,0.5571,0.6623,4.103,2.606
sub-001,utrecht_philips_3t,noise,1,0.03,0.6683,15.02,34.99,0.5571,0.6655,4.103,2.667
sub-001,utrecht_philips_3t,noise,2,0.06,0.6398,17.13,40.03,0.4714,0.6011,4.103,2.46
sub-001,utrecht_philips_3t,noise,3,0.1,0.6347,15.17,40.43,0.5,0.6154,4.103,2.444
sub-001,utrecht_philips_3t,noise,4,0.15,0.5531,22.33,53.32,0.3143,0.4644,4.103,1.915
sub-001,utrecht_philips_3t,motion,1,1,0.6102,15.19,38.21,0.4714,0.5959,4.103,2.535
sub-001,utrecht_philips_3t,motion,2,2,0.5364,24.05,42.24,0.2857,0.4221,4.103,2.369
sub-001,utrecht_philips_3t,motion,3,4,0.5016,27.13,52.45,0.2143,0.3396,4.103,1.951
sub-001,utrecht_philips_3t,motion,4,8,0.4718,25.3,47.41,0.2143,0.3117,4.103,2.157
sub-001,utrecht_philips_3t,bias,1,0.1,0.6428,15.05,38.68,0.5571,0.6623,4.103,2.516
sub-001,utrecht_philips_3t,bias,2,0.2,0.623,17.98,43.25,0.4857,0.6071,4.103,2.328
sub-001,utrecht_philips_3t,bias,3,0.35,0.5211,16.87,58.23,0.4143,0.5707,4.103,1.714
sub-001,utrecht_philips_3t,bias,4,0.5,0.2484,23.8,84.82,0.2429,0.3908,4.103,0.6227
sub-001,utrecht_philips_3t,ghosting,1,0.1,0.6593,17.32,36,0.5714,0.6897,4.103,2.626
sub-001,utrecht_philips_3t,ghosting,2,0.3,0.6103,15.74,38.68,0.5,0.6129,4.103,2.516
sub-001,utrecht_philips_3t,ghosting,3,0.6,0.5242,16.53,40.63,0.4,0.5259,4.103,2.436
sub-001,utrecht_philips_3t,ghosting,4,1,0.4888,20.74,53.26,0.3429,0.4832,4.103,1.918
sub-005,utrecht_philips_3t,none,0,0,0.6193,7.466,44.06,0.6667,0.6512,2.088,1.168
sub-005,utrecht_philips_3t,noise,1,0.03,0.6077,6.649,43.27,0.6667,0.6222,2.088,1.185
sub-005,utrecht_philips_3t,noise,2,0.06,0.5827,7.377,46.04,0.7333,0.7303,2.088,1.127
sub-005,utrecht_philips_3t,noise,3,0.1,0.5306,13.05,49.34,0.5333,0.5755,2.088,1.058
sub-005,utrecht_philips_3t,noise,4,0.15,0.4809,17.72,58.44,0.4,0.4545,2.088,0.8679
sub-005,utrecht_philips_3t,motion,1,1,0.5987,9.246,36.94,0.6667,0.6667,2.088,1.317
sub-005,utrecht_philips_3t,motion,2,2,0.5544,9,31.53,0.4667,0.4828,2.088,1.43
sub-005,utrecht_philips_3t,motion,3,4,0.4579,10.98,47.89,0.4667,0.4828,2.088,1.088
sub-005,utrecht_philips_3t,motion,4,8,0.4096,18.37,45.38,0.4667,0.4732,2.088,1.141
sub-005,utrecht_philips_3t,bias,1,0.1,0.562,7.466,55.41,0.6667,0.7179,2.088,0.9313
sub-005,utrecht_philips_3t,bias,2,0.2,0.4592,32.94,69,0.5333,0.6788,2.088,0.6475
sub-005,utrecht_philips_3t,bias,3,0.35,0.2733,87.22,84.17,0.2667,0.4211,2.088,0.3306
sub-005,utrecht_philips_3t,bias,4,0.5,0.06879,97.03,96.44,0.1333,0.2353,2.088,0.07439
sub-005,utrecht_philips_3t,ghosting,1,0.1,0.6076,8.233,43.67,0.6,0.5954,2.088,1.176
sub-005,utrecht_philips_3t,ghosting,2,0.3,0.5726,13.76,43.8,0.6667,0.6364,2.088,1.174
sub-005,utrecht_philips_3t,ghosting,3,0.6,0.5009,12.47,51.98,0.5333,0.5517,2.088,1.003
sub-005,utrecht_philips_3t,ghosting,4,1,0.4264,39.42,63.85,0.4,0.5,2.088,0.7549
sub-070,singapore_siemens_3t,none,0,0,0.8247,3,9.528,0.7812,0.8381,7.368,8.07
sub-070,singapore_siemens_3t,noise,1,0.03,0.8143,3,8.103,0.6875,0.7668,7.368,7.965
sub-070,singapore_siemens_3t,noise,2,0.06,0.7966,3.162,3.95,0.5938,0.7111,7.368,7.659
sub-070,singapore_siemens_3t,noise,3,0.1,0.7753,5.979,1.059,0.5156,0.63,7.368,7.29
sub-070,singapore_siemens_3t,noise,4,0.15,0.7362,7.053,7.858,0.3281,0.4319,7.368,6.789
sub-070,singapore_siemens_3t,motion,1,1,0.7763,3.162,6.23,0.5625,0.6817,7.368,7.827
sub-070,singapore_siemens_3t,motion,2,2,0.7371,3.742,4.927,0.4844,0.5907,7.368,7.731
sub-070,singapore_siemens_3t,motion,3,4,0.6347,5.074,14.01,0.375,0.4478,7.368,8.4
sub-070,singapore_siemens_3t,motion,4,8,0.6474,8.155,11.07,0.2656,0.3325,7.368,8.184
sub-070,singapore_siemens_3t,bias,1,0.1,0.8135,3,6.922,0.75,0.8173,7.368,7.878
sub-070,singapore_siemens_3t,bias,2,0.2,0.8202,3,9.976,0.6719,0.7714,7.368,6.633
sub-070,singapore_siemens_3t,bias,3,0.35,0.7826,4.359,29.56,0.5781,0.7209,7.368,5.19
sub-070,singapore_siemens_3t,bias,4,0.5,0.6712,9.179,45.81,0.4062,0.5649,7.368,3.993
sub-070,singapore_siemens_3t,ghosting,1,0.1,0.8217,3,8.998,0.7656,0.8157,7.368,8.031
sub-070,singapore_siemens_3t,ghosting,2,0.3,0.8027,3,8.062,0.75,0.779,7.368,7.962
sub-070,singapore_siemens_3t,ghosting,3,0.6,0.7389,4.37,12.38,0.6719,0.7161,7.368,8.28
sub-070,singapore_siemens_3t,ghosting,4,1,0.7085,4.69,19.54,0.6094,0.6431,7.368,8.808
sub-071,singapore_siemens_3t,none,0,0,0.9084,1.414,1.715,0.6538,0.7574,24.84,24.42
sub-071,singapore_siemens_3t,noise,1,0.03,0.9037,2,2.596,0.6538,0.7685,24.84,24.2
sub-071,singapore_siemens_3t,noise,2,0.06,0.8961,3,4.48,0.5385,0.6707,24.84,23.73
sub-071,singapore_siemens_3t,noise,3,0.1,0.8788,3,8.393,0.4808,0.6351,24.84,22.76
sub-071,singapore_siemens_3t,noise,4,0.15,0.8587,3.317,11.76,0.3846,0.5435,24.84,21.92
sub-071,singapore_siemens_3t,motion,1,1,0.883,3,4.142,0.4808,0.6346,24.84,23.81
sub-071,singapore_siemens_3t,motion,2,2,0.8581,3,8.646,0.4615,0.601,24.84,22.69
sub-071,singapore_siemens_3t,motion,3,4,0.8015,4.123,14.79,0.3077,0.4174,24.84,21.17
sub-071,singapore_siemens_3t,motion,4,8,0.7932,3.606,10.06,0.3269,0.4368,24.84,22.34
sub-071,singapore_siemens_3t,bias,1,0.1,0.911,1.414,0.8936,0.6538,0.7661,24.84,24.62
sub-071,singapore_siemens_3t,bias,2,0.2,0.9122,2,3.623,0.5962,0.7146,24.84,23.94
sub-071,singapore_siemens_3t,bias,3,0.35,0.8971,3,10.49,0.5769,0.7158,24.84,22.24
sub-071,singapore_siemens_3t,bias,4,0.5,0.8617,4.243,19.56,0.4615,0.6256,24.84,19.98
sub-071,singapore_siemens_3t,ghosting,1,0.1,0.9083,2,1.522,0.6346,0.7444,24.84,24.46
sub-071,singapore_siemens_3t,ghosting,2,0.3,0.9037,2,1.666,0.6346,0.7609,24.84,24.43
sub-071,singapore_siemens_3t,ghosting,3,0.6,0.8822,3,3.007,0.5577,0.6921,24.84,24.1
sub-071,singapore_siemens_3t,ghosting,4,1,0.8583,3.162,7.101,0.5192,0.6635,24.84,23.08
sub-111,amsterdam_ge_3t,none,0,0,0.8793,1.547,6.926,0.8182,0.8699,22.08,23.61
sub-111,amsterdam_ge_3t,noise,1,0.03,0.8714,1.547,7.913,0.7576,0.8243,22.08,23.83
sub-111,amsterdam_ge_3t,noise,2,0.06,0.8651,2.325,3.28,0.6515,0.7434,22.08,22.81
sub-111,amsterdam_ge_3t,noise,3,0.1,0.8477,3.231,1.672,0.4697,0.6178,22.08,21.71
sub-111,amsterdam_ge_3t,noise,4,0.15,0.8206,4.31,9.744,0.3636,0.4926,22.08,19.93
sub-111,amsterdam_ge_3t,motion,1,1,0.8416,3.094,2.722,0.5606,0.6789,22.08,22.68
sub-111,amsterdam_ge_3t,motion,2,2,0.8064,3.842,7.945,0.3939,0.4952,22.08,20.33
sub-111,amsterdam_ge_3t,motion,3,4,0.6842,5.527,18.88,0.303,0.396,22.08,17.91
sub-111,amsterdam_ge_3t,motion,4,8,0.6981,4.362,13.72,0.3636,0.4598,22.08,19.05
sub-111,amsterdam_ge_3t,bias,1,0.1,0.8853,1.547,1.528,0.7727,0.8577,22.08,22.42
sub-111,amsterdam_ge_3t,bias,2,0.2,0.8699,3.155,11.05,0.6212,0.7543,22.08,19.64
sub-111,amsterdam_ge_3t,bias,3,0.35,0.7763,5.777,33.21,0.3939,0.5652,22.08,14.75
sub-111,amsterdam_ge_3t,bias,4,0.5,0.1997,46.16,88.86,0.07576,0.1408,22.08,2.461
sub-111,amsterdam_ge_3t,ghosting,1,0.1,0.8729,1.547,9.171,0.8182,0.8693,22.08,24.11
sub-111,amsterdam_ge_3t,ghosting,2,0.3,0.8631,2.292,8.327,0.7576,0.8171,22.08,23.92
sub-111,amsterdam_ge_3t,ghosting,3,0.6,0.8366,3,4.394,0.7424,0.823,22.08,23.05
sub-111,amsterdam_ge_3t,ghosting,4,1,0.7017,6.997,28.37,0.3333,0.4583,22.08,15.82
sub-117,amsterdam_ge_3t,none,0,0,0.8954,2.292,6.296,0.6833,0.7757,46.91,43.95
sub-117,amsterdam_ge_3t,noise,1,0.03,0.8891,2.292,6.573,0.6667,0.7682,46.91,43.82
sub-117,amsterdam_ge_3t,noise,2,0.06,0.8761,3,9.436,0.55,0.6893,46.91,42.48
sub-117,amsterdam_ge_3t,noise,3,0.1,0.8529,3.166,14.52,0.45,0.6027,46.91,40.1
sub-117,amsterdam_ge_3t,noise,4,0.15,0.8228,3.95,18.92,0.3,0.4462,46.91,38.03
sub-117,amsterdam_ge_3t,motion,1,1,0.8489,3.155,14.14,0.4333,0.5939,46.91,40.28
sub-117,amsterdam_ge_3t,motion,2,2,0.8221,3.776,19,0.35,0.5051,46.91,37.99
sub-117,amsterdam_ge_3t,motion,3,4,0.7385,6.286,28.38,0.2,0.3182,46.91,33.6
sub-117,amsterdam_ge_3t,motion,4,8,0.748,6.101,24.77,0.15,0.2431,46.91,35.29
sub-117,amsterdam_ge_3t,bias,1,0.1,0.8888,3,8.335,0.6667,0.7625,46.91,43
sub-117,amsterdam_ge_3t,bias,2,0.2,0.8541,3.58,19.18,0.55,0.7014,46.91,37.91
sub-117,amsterdam_ge_3t,bias,3,0.35,0.6435,9.589,51.91,0.3333,0.4982,46.91,22.56
sub-117,amsterdam_ge_3t,bias,4,0.5,0.04998,59.22,97.42,0.08333,0.1538,46.91,1.209
sub-117,amsterdam_ge_3t,ghosting,1,0.1,0.8958,1.953,5.614,0.6833,0.7786,46.91,44.27
sub-117,amsterdam_ge_3t,ghosting,2,0.3,0.8909,2.4,6.273,0.6667,0.7758,46.91,43.96
sub-117,amsterdam_ge_3t,ghosting,3,0.6,0.8689,3.231,9.894,0.6,0.6834,46.91,42.27
sub-117,amsterdam_ge_3t,ghosting,4,1,0.5734,9.092,54.67,0.1833,0.305,46.91,21.26
sub-150,amsterdam_ge_1p5t,none,0,0,0.8278,1.777,11.16,0.9048,0.8941,4.572,5.082
sub-150,amsterdam_ge_1p5t,noise,1,0.03,0.8231,3,9.091,0.8333,0.8759,4.572,4.987
sub-150,amsterdam_ge_1p5t,noise,2,0.06,0.8116,3,2.893,0.7619,0.8446,4.572,4.704
sub-150,amsterdam_ge_1p5t,noise,3,0.1,0.7742,6.689,9.711,0.4524,0.605,4.572,4.128
sub-150,amsterdam_ge_1p5t,noise,4,0.15,0.7341,9.016,20.14,0.381,0.5298,4.572,3.651
sub-150,amsterdam_ge_1p5t,motion,1,1,0.7427,4.151,4.752,0.5714,0.6814,4.572,4.789
sub-150,amsterdam_ge_1p5t,motion,2,2,0.7529,4.268,1.963,0.4762,0.6011,4.572,4.661
sub-150,amsterdam_ge_1p5t,motion,3,4,0.5871,8.003,23.35,0.4048,0.4948,4.572,3.504
sub-150,amsterdam_ge_1p5t,motion,4,8,0.6002,17.64,19.63,0.3333,0.4242,4.572,3.674
sub-150,amsterdam_ge_1p5t,bias,1,0.1,0.8354,1.3,6.508,0.9286,0.9187,4.572,4.869
sub-150,amsterdam_ge_1p5t,bias,2,0.2,0.8306,3,6.715,0.8571,0.9128,4.572,4.265
sub-150,amsterdam_ge_1p5t,bias,3,0.35,0.8002,3.97,21.07,0.7381,0.8391,4.572,3.608
sub-150,amsterdam_ge_1p5t,bias,4,0.5,0.6876,14.52,45.25,0.5238,0.6875,4.572,2.503
sub-150,amsterdam_ge_1p5t,ghosting,1,0.1,0.8248,1.777,13.43,0.881,0.881,4.572,5.186
sub-150,amsterdam_ge_1p5t,ghosting,2,0.3,0.8177,1.777,11.98,0.881,0.8795,4.572,5.119
sub-150,amsterdam_ge_1p5t,ghosting,3,0.6,0.8012,2.808,5.269,0.8333,0.8521,4.572,4.812
sub-150,amsterdam_ge_1p5t,ghosting,4,1,0.7333,6.13,11.78,0.6429,0.7438,4.572,4.033
sub-152,amsterdam_ge_1p5t,none,0,0,0.8607,1.3,10.6,0.8679,0.9105,8.468,9.365
sub-152,amsterdam_ge_1p5t,noise,1,0.03,0.852,1.3,11.43,0.8491,0.8824,8.468,9.436
sub-152,amsterdam_ge_1p5t,noise,2,0.06,0.8357,3.129,5.41,0.6226,0.7039,8.468,8.926
sub-152,amsterdam_ge_1p5t,noise,3,0.1,0.8299,3.27,0.9481,0.6038,0.7123,8.468,8.388
sub-152,amsterdam_ge_1p5t,noise,4,0.15,0.7836,7.417,9.816,0.4528,0.5605,8.468,7.637
sub-152,amsterdam_ge_1p5t,motion,1,1,0.8081,4.024,4.852,0.566,0.6573,8.468,8.879
sub-152,amsterdam_ge_1p5t,motion,2,2,0.7907,3.129,4.127,0.566,0.6593,8.468,8.817
sub-152,amsterdam_ge_1p5t,motion,3,4,0.6807,7.065,15.17,0.3962,0.4997,8.468,7.183
sub-152,amsterdam_ge_1p5t,motion,4,8,0.691,6.572,9.37,0.4151,0.5238,8.468,7.674
sub-152,amsterdam_ge_1p5t,bias,1,0.1,0.8649,1.3,6.86,0.8491,0.9089,8.468,9.049
sub-152,amsterdam_ge_1p5t,bias,2,0.2,0.8629,2.422,3.123,0.7925,0.8664,8.468,8.203
sub-152,amsterdam_ge_1p5t,bias,3,0.35,0.8305,3.389,15.06,0.717,0.8267,8.468,7.193
sub-152,amsterdam_ge_1p5t,bias,4,0.5,0.5453,9.347,61.52,0.5094,0.675,8.468,3.259
sub-152,amsterdam_ge_1p5t,ghosting,1,0.1,0.8577,1.3,13.27,0.8679,0.9198,8.468,9.592
sub-152,amsterdam_ge_1p5t,ghosting,2,0.3,0.8572,1.3,11.71,0.8491,0.9087,8.468,9.46
sub-152,amsterdam_ge_1p5t,ghosting,3,0.6,0.8495,2.422,7.474,0.8113,0.835,8.468,9.101
sub-152,amsterdam_ge_1p5t,ghosting,4,1,0.7639,6.606,10.76,0.6226,0.7188,8.468,7.556
sub-162,amsterdam_philips_3t,none,0,0,0.7375,5.842,3.798,0.6,0.7449,5.759,5.54
sub-162,amsterdam_philips_3t,noise,1,0.03,0.7298,6.011,5.469,0.5667,0.7184,5.759,5.444
sub-162,amsterdam_philips_3t,noise,2,0.06,0.7137,6.646,12.15,0.4889,0.6522,5.759,5.059
sub-162,amsterdam_philips_3t,noise,3,0.1,0.6746,8.857,21.18,0.4,0.5559,5.759,4.539
sub-162,amsterdam_philips_3t,noise,4,0.15,0.6366,9.918,25.4,0.3222,0.4517,5.759,4.296
sub-162,amsterdam_philips_3t,motion,1,1,0.7053,6.765,5.713,0.4778,0.638,5.759,5.43
sub-162,amsterdam_philips_3t,motion,2,2,0.5987,9.238,15.68,0.3111,0.4639,5.759,4.856
sub-162,amsterdam_philips_3t,motion,3,4,0.4732,11.64,14.8,0.2111,0.3295,5.759,4.907
sub-162,amsterdam_philips_3t,motion,4,8,0.5107,11.55,19.02,0.2444,0.3695,5.759,4.664
sub-162,amsterdam_philips_3t,bias,1,0.1,0.7398,6.353,8.842,0.5889,0.7413,5.759,5.25
sub-162,amsterdam_philips_3t,bias,2,0.2,0.7275,6.933,20.72,0.5444,0.7001,5.759,4.566
sub-162,amsterdam_philips_3t,bias,3,0.35,0.6601,8.927,38.53,0.4778,0.6466,5.759,3.54
sub-162,amsterdam_philips_3t,bias,4,0.5,0.5691,10.65,52.42,0.4333,0.6047,5.759,2.74
sub-162,amsterdam_philips_3t,ghosting,1,0.1,0.7343,5.842,4.102,0.6111,0.7487,5.759,5.523
sub-162,amsterdam_philips_3t,ghosting,2,0.3,0.7214,5.865,4.892,0.5889,0.7266,5.759,5.477
sub-162,amsterdam_philips_3t,ghosting,3,0.6,0.6921,6.232,8.417,0.5667,0.7055,5.759,5.274
sub-162,amsterdam_philips_3t,ghosting,4,1,0.5953,6.317,1.641,0.4667,0.5905,5.759,5.665
sub-163,amsterdam_philips_3t,none,0,0,0.6639,20.97,17.76,0.6818,0.7717,1.143,0.9398
sub-163,amsterdam_philips_3t,noise,1,0.03,0.6515,20.97,18.53,0.5909,0.6797,1.143,0.931
sub-163,amsterdam_philips_3t,noise,2,0.06,0.639,19.34,23.12,0.6364,0.7438,1.143,0.8785
sub-163,amsterdam_philips_3t,noise,3,0.1,0.6137,21.83,22.82,0.6364,0.7278,1.143,0.882
sub-163,amsterdam_philips_3t,noise,4,0.15,0.5599,17.64,40.28,0.5455,0.6486,1.143,0.6825
sub-163,amsterdam_philips_3t,motion,1,1,0.5491,16.01,29.86,0.5,0.6316,1.143,0.8015
sub-163,amsterdam_philips_3t,motion,2,2,0.5323,12.44,22.21,0.5909,0.6915,1.143,0.889
sub-163,amsterdam_philips_3t,motion,3,4,0.3883,13.28,38.28,0.5455,0.5217,1.143,0.7053
sub-163,amsterdam_philips_3t,motion,4,8,0.3387,15.79,49,0.3636,0.3883,1.143,0.5828
sub-163,amsterdam_philips_3t,bias,1,0.1,0.6549,9.201,17.61,0.7273,0.7701,1.143,0.9415
sub-163,amsterdam_philips_3t,bias,2,0.2,0.6486,21.01,24.81,0.6364,0.7438,1.143,0.8593
sub-163,amsterdam_philips_3t,bias,3,0.35,0.6141,22.02,38.9,0.5455,0.7059,1.143,0.6983
sub-163,amsterdam_philips_3t,bias,4,0.5,0.5175,26.54,55.59,0.5455,0.7059,1.143,0.5075
sub-163,amsterdam_philips_3t,ghosting,1,0.1,0.6553,8.394,19.6,0.6818,0.7692,1.143,0.9188
sub-163,amsterdam_philips_3t,ghosting,2,0.3,0.6564,10.24,21.75,0.6364,0.7,1.143,0.8943
sub-163,amsterdam_philips_3t,ghosting,3,0.6,0.5989,10.46,26.65,0.5909,0.6408,1.143,0.8383
sub-163,amsterdam_philips_3t,ghosting,4,1,0.5246,16.37,25.42,0.6818,0.6948,1.143,0.8523
