model,metric,n_seen,n_unseen,mean_seen,mean_unseen,diff_unseen_minus_seen,ci_low,ci_high,p_mannwhitney
resencm,dice,90,20,0.80522,0.79027,-0.01495,-0.06608,0.03004,0.44524902968953217
resencm,hd95_mm,90,20,5.59967,8.48079,2.88111,-2.14551,8.72897,0.9598045427783819
resencm,avd_pct,90,20,15.61804,14.40748,-1.21055,-6.25279,4.3375,0.9351450447191755
resencm,lesion_recall,90,20,0.7228,0.75366,0.03085,-0.01678,0.07688,0.16771095358519716
resencm,lesion_f1,90,20,0.77933,0.8019,0.02257,-0.01812,0.06023,0.26277242431218506
resencm_da5,dice,90,20,0.79945,0.79043,-0.00902,-0.05626,0.03777,0.675586421173138
resencm_da5,hd95_mm,90,20,5.51248,9.60375,4.09127,-1.82649,11.5189,0.7594506136707863
resencm_da5,avd_pct,90,20,17.33728,11.57075,-5.76653,-11.54569,0.66327,0.02246994484184309
resencm_da5,lesion_recall,90,20,0.71813,0.76484,0.04671,-0.00486,0.09714,0.05657868711554085
resencm_da5,lesion_f1,90,20,0.77901,0.81766,0.03865,0.00203,0.07365,0.05221175329324687
resencmpre,dice,90,20,0.80575,0.79198,-0.01377,-0.06739,0.03194,0.4360585349549385
resencmpre,hd95_mm,90,20,5.87736,9.00841,3.13105,-2.08311,9.55542,0.9598000110824239
resencmpre,avd_pct,90,20,16.95508,12.11889,-4.83619,-10.51987,1.8866,0.10281820455205846
resencmpre,lesion_recall,90,20,0.71926,0.74304,0.02378,-0.03312,0.07827,0.32874806057815065
resencmpre,lesion_f1,90,20,0.77487,0.80313,0.02826,-0.01787,0.06888,0.13985040336224364
threshold,dice,90,20,0.58886,0.62237,0.0335,-0.05622,0.11889,0.5125549014050957
threshold,hd95_mm,90,20,22.85444,21.98126,-0.87318,-5.42636,4.38736,0.6727575837645112
threshold,avd_pct,90,20,80.41181,38.21913,-42.19268,-73.37053,-11.37816,0.16185899285476524
threshold,lesion_recall,90,20,0.22965,0.22518,-0.00446,-0.05393,0.04888,0.9690876899736521
threshold,lesion_f1,90,20,0.27714,0.31417,0.03703,-0.00914,0.08446,0.18509221944816123
thresholdhistmatch,dice,90,20,0.53117,0.47904,-0.05213,-0.17309,0.07156,0.33851397806670025
thresholdhistmatch,hd95_mm,90,20,22.48725,22.79491,0.30766,-3.7964,4.96107,0.9783604256519093
thresholdhistmatch,avd_pct,90,20,172.53604,175.153,2.61696,-107.78529,128.4355,0.9105278866105178
thresholdhistmatch,lesion_recall,90,20,0.20154,0.19468,-0.00686,-0.08659,0.08612,0.6727513302257773
thresholdhistmatch,lesion_f1,90,20,0.2499,0.24632,-0.00358,-0.07574,0.07411,0.816149284611814
thresholdnone,dice,90,20,0.20927,0.17286,-0.0364,-0.12627,0.04672,0.09878007298815643
thresholdnone,hd95_mm,61,7,28.34127,23.04249,-5.29878,-13.433,4.05444,0.18704899711247244
thresholdnone,avd_pct,90,20,1464.01748,83.04335,-1380.97413,-2025.9162,-853.21038,0.1358828727743316
thresholdnone,lesion_recall,90,20,0.34454,0.08841,-0.25613,-0.3098,-0.19371,0.001722728230208392
thresholdnone,lesion_f1,90,20,0.18253,0.11227,-0.07026,-0.13626,-0.00582,0.10291747393534931
thresholdwhitestripe,dice,90,20,0.5696,0.54099,-0.02861,-0.1243,0.07237,0.6502853652529779
thresholdwhitestripe,hd95_mm,89,20,23.38126,21.59595,-1.78531,-5.54963,2.13569,0.5234533976229829
thresholdwhitestripe,avd_pct,90,20,71.69217,100.03477,28.3426,-39.81252,131.42615,0.7832244984567334
thresholdwhitestripe,lesion_recall,90,20,0.17361,0.19961,0.026,-0.02721,0.08703,0.20370419605313994
thresholdwhitestripe,lesion_f1,90,20,0.22735,0.26877,0.04142,-0.01705,0.10359,0.21212778742753158
wmhsynthseg,dice,90,20,0.41387,0.3504,-0.06347,-0.16018,0.02882,0.23726482988684172
wmhsynthseg,hd95_mm,90,20,13.57314,15.79972,2.22658,-2.00657,7.53197,0.4498822458509173
wmhsynthseg,avd_pct,90,20,273.16684,383.58374,110.4169,-171.66473,472.29356,0.7891846271487477
wmhsynthseg,lesion_recall,90,20,0.41757,0.47297,0.0554,-0.01911,0.12769,0.0759358783047197
wmhsynthseg,lesion_f1,90,20,0.4389,0.50703,0.06813,0.01931,0.11383,0.012579373787845677
