model,group,metric,n,n_missing,mean,ci_low,ci_high
resencm,all,dice,110,0,0.8025,0.78356,0.82035
resencm,all,hd95_mm,110,0,6.12351,4.78973,7.71577
resencm,all,avd_pct,110,0,15.39794,13.0539,18.03425
resencm,all,lesion_recall,110,0,0.72841,0.70908,0.74572
resencm,all,lesion_f1,110,0,0.78344,0.76792,0.79765
resencm,scanner=amsterdam_ge_1p5t,dice,10,0,0.8044,0.74471,0.85138
resencm,scanner=amsterdam_ge_1p5t,hd95_mm,10,0,8.39265,2.08444,16.69631
resencm,scanner=amsterdam_ge_1p5t,avd_pct,10,0,11.42015,8.24002,14.70845
resencm,scanner=amsterdam_ge_1p5t,lesion_recall,10,0,0.83314,0.78341,0.87332
resencm,scanner=amsterdam_ge_1p5t,lesion_f1,10,0,0.83113,0.78597,0.87038
resencm,scanner=amsterdam_ge_3t,dice,30,0,0.79554,0.75762,0.82842
resencm,scanner=amsterdam_ge_3t,hd95_mm,30,0,5.09005,3.1989,7.48015
resencm,scanner=amsterdam_ge_3t,avd_pct,30,0,15.48205,10.88051,20.75785
resencm,scanner=amsterdam_ge_3t,lesion_recall,30,0,0.7826,0.74705,0.81424
resencm,scanner=amsterdam_ge_3t,lesion_f1,30,0,0.82874,0.80622,0.84731
resencm,scanner=amsterdam_philips_3t,dice,10,0,0.77615,0.70551,0.83139
resencm,scanner=amsterdam_philips_3t,hd95_mm,10,0,8.56892,2.78796,16.56065
resencm,scanner=amsterdam_philips_3t,avd_pct,10,0,17.39482,10.10754,27.07067
resencm,scanner=amsterdam_philips_3t,lesion_recall,10,0,0.67417,0.5926,0.74694
resencm,scanner=amsterdam_philips_3t,lesion_f1,10,0,0.77268,0.71116,0.82648
resencm,scanner=singapore_siemens_3t,dice,30,0,0.83393,0.80297,0.85884
resencm,scanner=singapore_siemens_3t,hd95_mm,30,0,4.39032,2.50281,7.18874
resencm,scanner=singapore_siemens_3t,avd_pct,30,0,13.75909,9.64728,18.52401
resencm,scanner=singapore_siemens_3t,lesion_recall,30,0,0.74762,0.71181,0.78169
resencm,scanner=singapore_siemens_3t,lesion_f1,30,0,0.79474,0.7676,0.81862
resencm,scanner=utrecht_philips_3t,dice,30,0,0.7862,0.74804,0.82218
resencm,scanner=utrecht_philips_3t,hd95_mm,30,0,7.31865,5.14896,9.89762
resencm,scanner=utrecht_philips_3t,avd_pct,30,0,17.61297,12.19624,23.59975
resencm,scanner=utrecht_philips_3t,lesion_recall,30,0,0.63819,0.59994,0.66811
resencm,scanner=utrecht_philips_3t,lesion_f1,30,0,0.71452,0.67551,0.74804
resencm,seen=False,dice,20,0,0.79027,0.74554,0.82961
resencm,seen=False,hd95_mm,20,0,8.48079,3.82835,14.22661
resencm,seen=False,avd_pct,20,0,14.40748,10.61932,19.40626
resencm,seen=False,lesion_recall,20,0,0.75366,0.7089,0.79634
resencm,seen=False,lesion_f1,20,0,0.8019,0.76631,0.83516
resencm,seen=True,dice,90,0,0.80522,0.7846,0.82404
resencm,seen=True,hd95_mm,90,0,5.59967,4.33077,7.11042
resencm,seen=True,avd_pct,90,0,15.61804,12.84754,18.66564
resencm,seen=True,lesion_recall,90,0,0.7228,0.70296,0.74115
resencm,seen=True,lesion_f1,90,0,0.77933,0.76215,0.7945
resencm_da5,all,dice,110,0,0.79781,0.77879,0.81516
resencm_da5,all,hd95_mm,110,0,6.25635,4.71888,8.01662
resencm_da5,all,avd_pct,110,0,16.28882,14.06234,18.93068
resencm_da5,all,lesion_recall,110,0,0.72663,0.70687,0.74425
resencm_da5,all,lesion_f1,110,0,0.78603,0.769,0.80128
resencm_da5,scanner=amsterdam_ge_1p5t,dice,10,0,0.80596,0.75127,0.85352
resencm_da5,scanner=amsterdam_ge_1p5t,hd95_mm,10,0,9.78021,2.07626,20.68454
resencm_da5,scanner=amsterdam_ge_1p5t,avd_pct,10,0,4.89137,2.76617,7.23898
resencm_da5,scanner=amsterdam_ge_1p5t,lesion_recall,10,0,0.84943,0.81312,0.88273
resencm_da5,scanner=amsterdam_ge_1p5t,lesion_f1,10,0,0.84799,0.81582,0.87368
resencm_da5,scanner=amsterdam_ge_3t,dice,30,0,0.80198,0.76508,0.83358
resencm_da5,scanner=amsterdam_ge_3t,hd95_mm,30,0,4.61514,2.8854,7.20972
resencm_da5,scanner=amsterdam_ge_3t,avd_pct,30,0,14.29476,9.92892,19.51692
resencm_da5,scanner=amsterdam_ge_3t,lesion_recall,30,0,0.77362,0.73136,0.81074
resencm_da5,scanner=amsterdam_ge_3t,lesion_f1,30,0,0.81976,0.78953,0.84288
resencm_da5,scanner=amsterdam_philips_3t,dice,10,0,0.77491,0.69514,0.83931
resencm_da5,scanner=amsterdam_philips_3t,hd95_mm,10,0,9.42729,2.6285,19.44556
resencm_da5,scanner=amsterdam_philips_3t,avd_pct,10,0,18.25013,9.05458,30.57882
resencm_da5,scanner=amsterdam_philips_3t,lesion_recall,10,0,0.68026,0.59747,0.7595
resencm_da5,scanner=amsterdam_philips_3t,lesion_f1,10,0,0.78732,0.73003,0.84029
resencm_da5,scanner=singapore_siemens_3t,dice,30,0,0.83539,0.8059,0.8608
resencm_da5,scanner=singapore_siemens_3t,hd95_mm,30,0,4.60947,2.64437,7.7267
resencm_da5,scanner=singapore_siemens_3t,avd_pct,30,0,12.4668,8.89071,16.4126
resencm_da5,scanner=singapore_siemens_3t,lesion_recall,30,0,0.73779,0.7025,0.77231
resencm_da5,scanner=singapore_siemens_3t,lesion_f1,30,0,0.7938,0.76384,0.82056
resencm_da5,scanner=utrecht_philips_3t,dice,30,0,0.76098,0.71896,0.80057
resencm_da5,scanner=utrecht_philips_3t,hd95_mm,30,0,7.31284,5.0344,9.89326
resencm_da5,scanner=utrecht_philips_3t,avd_pct,30,0,25.25027,19.83416,30.70249
resencm_da5,scanner=utrecht_philips_3t,lesion_recall,30,0,0.643,0.60596,0.67728
resencm_da5,scanner=utrecht_philips_3t,lesion_f1,30,0,0.72346,0.68098,0.76117
resencm_da5,seen=False,dice,20,0,0.79043,0.74397,0.83007
resencm_da5,seen=False,hd95_mm,20,0,9.60375,4.0023,16.77979
resencm_da5,seen=False,avd_pct,20,0,11.57075,6.83401,17.66547
resencm_da5,seen=False,lesion_recall,20,0,0.76484,0.7177,0.80894
resencm_da5,seen=False,lesion_f1,20,0,0.81766,0.78497,0.84672
resencm_da5,seen=True,dice,90,0,0.79945,0.7797,0.8198
resencm_da5,seen=True,hd95_mm,90,0,5.51248,4.22864,7.05995
resencm_da5,seen=True,avd_pct,90,0,17.33728,14.55674,20.06365
resencm_da5,seen=True,lesion_recall,90,0,0.71813,0.69613,0.73914
resencm_da5,seen=True,lesion_f1,90,0,0.77901,0.76012,0.7971
threshold,all,dice,110,0,0.59495,0.55775,0.62837
threshold,all,hd95_mm,110,0,22.69568,20.89926,24.31126
threshold,all,avd_pct,110,0,72.74042,52.98714,95.88286
threshold,all,lesion_recall,110,0,0.22883,0.20962,0.24854
threshold,all,lesion_f1,110,0,0.28388,0.2673,0.29976
threshold,scanner=amsterdam_ge_1p5t,dice,10,0,0.63442,0.52789,0.73259
threshold,scanner=amsterdam_ge_1p5t,hd95_mm,10,0,22.41834,14.67064,31.57294
threshold,scanner=amsterdam_ge_1p5t,avd_pct,10,0,32.25352,21.15719,43.28334
threshold,scanner=amsterdam_ge_1p5t,lesion_recall,10,0,0.24902,0.20181,0.29292
threshold,scanner=amsterdam_ge_1p5t,lesion_f1,10,0,0.36019,0.30481,0.40909
threshold,scanner=amsterdam_ge_3t,dice,30,0,0.61793,0.55866,0.67596
threshold,scanner=amsterdam_ge_3t,hd95_mm,30,0,23.78786,20.5913,27.04976
threshold,scanner=amsterdam_ge_3t,avd_pct,30,0,51.54185,34.87184,70.34626
threshold,scanner=amsterdam_ge_3t,lesion_recall,30,0,0.29321,0.24555,0.34573
threshold,scanner=amsterdam_ge_3t,lesion_f1,30,0,0.33544,0.30153,0.37127
threshold,scanner=amsterdam_philips_3t,dice,10,0,0.61031,0.49465,0.70728
threshold,scanner=amsterdam_philips_3t,hd95_mm,10,0,21.54418,19.39554,23.77654
threshold,scanner=amsterdam_philips_3t,avd_pct,10,0,44.18475,14.38849,85.23246
threshold,scanner=amsterdam_philips_3t,lesion_recall,10,0,0.20135,0.13648,0.29711
threshold,scanner=amsterdam_philips_3t,lesion_f1,10,0,0.26815,0.20634,0.33999
threshold,scanner=singapore_siemens_3t,dice,30,0,0.58383,0.5254,0.64139
threshold,scanner=singapore_siemens_3t,hd95_mm,30,0,21.43587,18.3909,24.70467
threshold,scanner=singapore_siemens_3t,avd_pct,30,0,47.82333,34.46553,65.53703
threshold,scanner=singapore_siemens_3t,lesion_recall,30,0,0.13355,0.10602,0.16412
threshold,scanner=singapore_siemens_3t,lesion_f1,30,0,0.19402,0.16599,0.22383
threshold,scanner=utrecht_philips_3t,dice,30,0,0.56483,0.47995,0.64626
threshold,scanner=utrecht_philips_3t,hd95_mm,30,0,23.33959,20.52316,26.2835
threshold,scanner=utrecht_philips_3t,avd_pct,30,0,141.87026,72.03896,222.06228
threshold,scanner=utrecht_philips_3t,lesion_recall,30,0,0.26217,0.23215,0.29484
threshold,scanner=utrecht_philips_3t,lesion_f1,30,0,0.30197,0.2803,0.32527
threshold,seen=False,dice,20,0,0.62237,0.54448,0.69391
threshold,seen=False,hd95_mm,20,0,21.98126,17.73097,26.58629
threshold,seen=False,avd_pct,20,0,38.21913,22.07097,59.71697
threshold,seen=False,lesion_recall,20,0,0.22518,0.18286,0.27358
threshold,seen=False,lesion_f1,20,0,0.31417,0.27248,0.35826
threshold,seen=True,dice,90,0,0.58886,0.54953,0.62691
threshold,seen=True,hd95_mm,90,0,22.85444,21.01374,24.67156
threshold,seen=True,avd_pct,90,0,80.41181,55.12092,107.14281
threshold,seen=True,lesion_recall,90,0,0.22965,0.20852,0.25187
threshold,seen=True,lesion_f1,90,0,0.27714,0.26039,0.29378
thresholdhistmatch,all,dice,110,0,0.52169,0.47791,0.56687
thresholdhistmatch,all,hd95_mm,110,0,22.54319,20.88837,24.14666
thresholdhistmatch,all,avd_pct,110,0,173.01185,129.08818,221.15247
thresholdhistmatch,all,lesion_recall,110,0,0.20029,0.17117,0.23123
thresholdhistmatch,all,lesion_f1,110,0,0.24925,0.22393,0.27601
thresholdhistmatch,scanner=amsterdam_ge_1p5t,dice,10,0,0.48605,0.31928,0.62854
thresholdhistmatch,scanner=amsterdam_ge_1p5t,hd95_mm,10,0,24.14004,17.1518,32.47604
thresholdhistmatch,scanner=amsterdam_ge_1p5t,avd_pct,10,0,131.74862,42.54376,236.08775
thresholdhistmatch,scanner=amsterdam_ge_1p5t,lesion_recall,10,0,0.17098,0.0927,0.2563
thresholdhistmatch,scanner=amsterdam_ge_1p5t,lesion_f1,10,0,0.24506,0.15218,0.33637
thresholdhistmatch,scanner=amsterdam_ge_3t,dice,30,0,0.49916,0.4163,0.57978
thresholdhistmatch,scanner=amsterdam_ge_3t,hd95_mm,30,0,24.2559,20.50096,27.77271
thresholdhistmatch,scanner=amsterdam_ge_3t,avd_pct,30,0,204.3186,123.11609,291.87304
thresholdhistmatch,scanner=amsterdam_ge_3t,lesion_recall,30,0,0.29963,0.23051,0.37734
thresholdhistmatch,scanner=amsterdam_ge_3t,lesion_f1,30,0,0.32737,0.27346,0.38801
thresholdhistmatch,scanner=amsterdam_philips_3t,dice,10,0,0.47203,0.32322,0.60838
thresholdhistmatch,scanner=amsterdam_philips_3t,hd95_mm,10,0,21.44978,18.1352,24.53
thresholdhistmatch,scanner=amsterdam_philips_3t,avd_pct,10,0,218.55738,64.49729,432.0476
thresholdhistmatch,scanner=amsterdam_philips_3t,lesion_recall,10,0,0.21838,0.09548,0.3819
thresholdhistmatch,scanner=amsterdam_philips_3t,lesion_f1,10,0,0.24758,0.15197,0.3633
thresholdhistmatch,scanner=singapore_siemens_3t,dice,30,0,0.58473,0.4994,0.66713
thresholdhistmatch,scanner=singapore_siemens_3t,hd95_mm,30,0,20.16188,17.69971,22.68278
thresholdhistmatch,scanner=singapore_siemens_3t,avd_pct,30,0,132.75513,67.26875,216.57431
thresholdhistmatch,scanner=singapore_siemens_3t,lesion_recall,30,0,0.1521,0.11573,0.19135
thresholdhistmatch,scanner=singapore_siemens_3t,lesion_f1,30,0,0.20804,0.1704,0.24367
thresholdhistmatch,scanner=utrecht_philips_3t,dice,30,0,0.50962,0.42636,0.59181
thresholdhistmatch,scanner=utrecht_philips_3t,hd95_mm,30,0,23.04397,20.10242,26.13492
thresholdhistmatch,scanner=utrecht_philips_3t,avd_pct,30,0,180.53439,88.07853,290.1398
thresholdhistmatch,scanner=utrecht_philips_3t,lesion_recall,30,0,0.15288,0.11073,0.20337
thresholdhistmatch,scanner=utrecht_philips_3t,lesion_f1,30,0,0.2143,0.16974,0.26018
thresholdhistmatch,seen=False,dice,20,0,0.47904,0.36931,0.58304
thresholdhistmatch,seen=False,hd95_mm,20,0,22.79491,18.95108,27.11053
thresholdhistmatch,seen=False,avd_pct,20,0,175.153,79.08569,288.29557
thresholdhistmatch,seen=False,lesion_recall,20,0,0.19468,0.11773,0.28376
thresholdhistmatch,seen=False,lesion_f1,20,0,0.24632,0.18113,0.31947
thresholdhistmatch,seen=True,dice,90,0,0.53117,0.47988,0.5768
thresholdhistmatch,seen=True,hd95_mm,90,0,22.48725,20.66052,24.32286
thresholdhistmatch,seen=True,avd_pct,90,0,172.53604,122.57068,227.69529
thresholdhistmatch,seen=True,lesion_recall,90,0,0.20154,0.17169,0.23543
thresholdhistmatch,seen=True,lesion_f1,90,0,0.2499,0.22313,0.27732
thresholdnone,all,dice,110,0,0.20265,0.17336,0.23174
thresholdnone,all,hd95_mm,68,42,27.7958,25.95542,29.75811
thresholdnone,all,avd_pct,110,0,1212.93128,768.55196,1793.00892
thresholdnone,all,lesion_recall,110,0,0.29798,0.27754,0.31964
thresholdnone,all,lesion_f1,110,0,0.16975,0.14094,0.20293
thresholdnone,scanner=amsterdam_ge_1p5t,dice,10,0,0.34573,0.17901,0.50059
thresholdnone,scanner=amsterdam_ge_1p5t,hd95_mm,7,3,23.04249,15.43894,32.57507
thresholdnone,scanner=amsterdam_ge_1p5t,avd_pct,10,0,66.08671,45.22117,84.96226
thresholdnone,scanner=amsterdam_ge_1p5t,lesion_recall,10,0,0.17683,0.07208,0.2938
thresholdnone,scanner=amsterdam_ge_1p5t,lesion_f1,10,0,0.22454,0.11439,0.33466
thresholdnone,scanner=amsterdam_ge_3t,dice,30,0,0.12462,0.08105,0.17955
thresholdnone,scanner=amsterdam_ge_3t,hd95_mm,30,0,31.11609,29.86928,32.39735
thresholdnone,scanner=amsterdam_ge_3t,avd_pct,30,0,4243.19713,2661.94447,6406.31215
thresholdnone,scanner=amsterdam_ge_3t,lesion_recall,30,0,0.80134,0.7539,0.8477
thresholdnone,scanner=amsterdam_ge_3t,lesion_f1,30,0,0.28628,0.18863,0.39987
thresholdnone,scanner=amsterdam_philips_3t,dice,10,0,0.0,0.0,0.0
thresholdnone,scanner=amsterdam_philips_3t,hd95_mm,0,10,,,
thresholdnone,scanner=amsterdam_philips_3t,avd_pct,10,0,100.0,100.0,100.0
thresholdnone,scanner=amsterdam_philips_3t,lesion_recall,10,0,0.0,0.0,0.0
thresholdnone,scanner=amsterdam_philips_3t,lesion_f1,10,0,0.0,0.0,0.0
thresholdnone,scanner=singapore_siemens_3t,dice,30,0,0.00095,0.0,0.00286
thresholdnone,scanner=singapore_siemens_3t,hd95_mm,1,29,66.4665,66.4665,66.4665
thresholdnone,scanner=singapore_siemens_3t,avd_pct,30,0,99.93923,99.81768,100.0
thresholdnone,scanner=singapore_siemens_3t,lesion_recall,30,0,0.00056,0.0,0.00167
thresholdnone,scanner=singapore_siemens_3t,lesion_f1,30,0,0.00108,0.0,0.00323
thresholdnone,scanner=utrecht_philips_3t,dice,30,0,0.50223,0.42235,0.58457
thresholdnone,scanner=utrecht_philips_3t,hd95_mm,30,0,24.2956,20.61858,27.72668
thresholdnone,scanner=utrecht_philips_3t,avd_pct,30,0,48.91609,37.63761,62.08448
thresholdnone,scanner=utrecht_philips_3t,lesion_recall,30,0,0.23174,0.18655,0.28268
thresholdnone,scanner=utrecht_philips_3t,lesion_f1,30,0,0.26022,0.22768,0.28981
thresholdnone,seen=False,dice,20,0,0.17286,0.08804,0.25357
thresholdnone,seen=False,hd95_mm,7,13,23.04249,15.42045,31.62296
thresholdnone,seen=False,avd_pct,20,0,83.04335,72.51692,92.26223
thresholdnone,seen=False,lesion_recall,20,0,0.08841,0.03671,0.14349
thresholdnone,seen=False,lesion_f1,20,0,0.11227,0.05685,0.16466
thresholdnone,seen=True,dice,90,0,0.20927,0.17773,0.24258
thresholdnone,seen=True,hd95_mm,61,29,28.34127,26.42475,30.33493
thresholdnone,seen=True,avd_pct,90,0,1464.01748,915.84424,2161.79023
thresholdnone,seen=True,lesion_recall,90,0,0.34454,0.32411,0.36784
thresholdnone,seen=True,lesion_f1,90,0,0.18253,0.14834,0.21819
thresholdwhitestripe,all,dice,110,0,0.5644,0.5294,0.60117
thresholdwhitestripe,all,hd95_mm,109,1,23.05368,21.43605,24.65774
thresholdwhitestripe,all,avd_pct,110,0,76.84537,57.13785,100.08384
thresholdwhitestripe,all,lesion_recall,110,0,0.17833,0.15451,0.2021
thresholdwhitestripe,all,lesion_f1,110,0,0.23488,0.21382,0.25576
thresholdwhitestripe,scanner=amsterdam_ge_1p5t,dice,10,0,0.51729,0.38333,0.64613
thresholdwhitestripe,scanner=amsterdam_ge_1p5t,hd95_mm,10,0,21.50237,15.06266,28.37474
thresholdwhitestripe,scanner=amsterdam_ge_1p5t,avd_pct,10,0,56.62563,26.52605,90.68992
thresholdwhitestripe,scanner=amsterdam_ge_1p5t,lesion_recall,10,0,0.19831,0.13429,0.27289
thresholdwhitestripe,scanner=amsterdam_ge_1p5t,lesion_f1,10,0,0.27795,0.2079,0.34654
thresholdwhitestripe,scanner=amsterdam_ge_3t,dice,30,0,0.59287,0.53008,0.6537
thresholdwhitestripe,scanner=amsterdam_ge_3t,hd95_mm,30,0,24.56404,21.51604,27.75908
thresholdwhitestripe,scanner=amsterdam_ge_3t,avd_pct,30,0,66.43908,43.0772,92.75474
thresholdwhitestripe,scanner=amsterdam_ge_3t,lesion_recall,30,0,0.26246,0.20204,0.32764
thresholdwhitestripe,scanner=amsterdam_ge_3t,lesion_f1,30,0,0.30948,0.2633,0.35763
thresholdwhitestripe,scanner=amsterdam_philips_3t,dice,10,0,0.56469,0.43441,0.67648
thresholdwhitestripe,scanner=amsterdam_philips_3t,hd95_mm,10,0,21.68953,19.47187,24.19199
thresholdwhitestripe,scanner=amsterdam_philips_3t,avd_pct,10,0,143.44391,34.33003,346.27647
thresholdwhitestripe,scanner=amsterdam_philips_3t,lesion_recall,10,0,0.20091,0.12733,0.29389
thresholdwhitestripe,scanner=amsterdam_philips_3t,lesion_f1,10,0,0.25958,0.18041,0.35495
thresholdwhitestripe,scanner=singapore_siemens_3t,dice,30,0,0.56663,0.49868,0.63618
thresholdwhitestripe,scanner=singapore_siemens_3t,hd95_mm,30,0,22.35406,19.30245,25.55448
thresholdwhitestripe,scanner=singapore_siemens_3t,avd_pct,30,0,74.43545,46.58074,107.28945
thresholdwhitestripe,scanner=singapore_siemens_3t,lesion_recall,30,0,0.12971,0.09758,0.16687
thresholdwhitestripe,scanner=singapore_siemens_3t,lesion_f1,30,0,0.18376,0.15142,0.21759
thresholdwhitestripe,scanner=utrecht_philips_3t,dice,30,0,0.54928,0.46913,0.62608
thresholdwhitestripe,scanner=utrecht_philips_3t,hd95_mm,29,1,23.22032,20.02625,26.61809
thresholdwhitestripe,scanner=utrecht_philips_3t,avd_pct,30,0,74.20197,39.54458,115.12632
thresholdwhitestripe,scanner=utrecht_philips_3t,lesion_recall,30,0,0.12865,0.10265,0.1574
thresholdwhitestripe,scanner=utrecht_philips_3t,lesion_f1,30,0,0.18881,0.15658,0.21842
thresholdwhitestripe,seen=False,dice,20,0,0.54099,0.44248,0.62919
thresholdwhitestripe,seen=False,hd95_mm,20,0,21.59595,18.30602,25.03745
thresholdwhitestripe,seen=False,avd_pct,20,0,100.03477,38.43356,205.63627
thresholdwhitestripe,seen=False,lesion_recall,20,0,0.19961,0.14809,0.25556
thresholdwhitestripe,seen=False,lesion_f1,20,0,0.26877,0.21355,0.32495
thresholdwhitestripe,seen=True,dice,90,0,0.5696,0.52736,0.60818
thresholdwhitestripe,seen=True,hd95_mm,89,1,23.38126,21.52492,25.19478
thresholdwhitestripe,seen=True,avd_pct,90,0,71.69217,53.83199,91.28954
thresholdwhitestripe,seen=True,lesion_recall,90,0,0.17361,0.14835,0.19948
thresholdwhitestripe,seen=True,lesion_f1,90,0,0.22735,0.20583,0.2502
wmhsynthseg,all,dice,110,0,0.40233,0.36109,0.44158
wmhsynthseg,all,hd95_mm,110,0,13.97797,12.56736,15.46052
wmhsynthseg,all,avd_pct,110,0,293.24264,209.74527,389.1362
wmhsynthseg,all,lesion_recall,110,0,0.42765,0.39905,0.45733
wmhsynthseg,all,lesion_f1,110,0,0.45129,0.43242,0.47076
wmhsynthseg,scanner=amsterdam_ge_1p5t,dice,10,0,0.30928,0.21152,0.40202
wmhsynthseg,scanner=amsterdam_ge_1p5t,hd95_mm,10,0,17.8825,12.1224,24.85503
wmhsynthseg,scanner=amsterdam_ge_1p5t,avd_pct,10,0,512.25865,76.59653,1222.11645
wmhsynthseg,scanner=amsterdam_ge_1p5t,lesion_recall,10,0,0.49319,0.39287,0.59158
wmhsynthseg,scanner=amsterdam_ge_1p5t,lesion_f1,10,0,0.5184,0.43702,0.58062
wmhsynthseg,scanner=amsterdam_ge_3t,dice,30,0,0.33344,0.25597,0.41872
wmhsynthseg,scanner=amsterdam_ge_3t,hd95_mm,30,0,12.22312,10.23737,14.43814
wmhsynthseg,scanner=amsterdam_ge_3t,avd_pct,30,0,377.18007,232.86158,554.52615
wmhsynthseg,scanner=amsterdam_ge_3t,lesion_recall,30,0,0.55085,0.48248,0.62276
wmhsynthseg,scanner=amsterdam_ge_3t,lesion_f1,30,0,0.47963,0.44855,0.51048
wmhsynthseg,scanner=amsterdam_philips_3t,dice,10,0,0.39153,0.25875,0.52579
wmhsynthseg,scanner=amsterdam_philips_3t,hd95_mm,10,0,13.71694,8.429,21.09998
wmhsynthseg,scanner=amsterdam_philips_3t,avd_pct,10,0,254.90884,62.8128,513.08886
wmhsynthseg,scanner=amsterdam_philips_3t,lesion_recall,10,0,0.45275,0.38104,0.53401
wmhsynthseg,scanner=amsterdam_philips_3t,lesion_f1,10,0,0.49566,0.45008,0.54779
wmhsynthseg,scanner=singapore_siemens_3t,dice,30,0,0.49545,0.40968,0.57052
wmhsynthseg,scanner=singapore_siemens_3t,hd95_mm,30,0,12.87752,10.31581,15.89546
wmhsynthseg,scanner=singapore_siemens_3t,avd_pct,30,0,172.60398,82.08757,290.12439
wmhsynthseg,scanner=singapore_siemens_3t,lesion_recall,30,0,0.3325,0.28741,0.38065
wmhsynthseg,scanner=singapore_siemens_3t,lesion_f1,30,0,0.4082,0.36736,0.44988
wmhsynthseg,scanner=utrecht_philips_3t,dice,30,0,0.41273,0.33184,0.49265
wmhsynthseg,scanner=utrecht_philips_3t,hd95_mm,30,0,15.61877,12.88012,18.48308
wmhsynthseg,scanner=utrecht_philips_3t,avd_pct,30,0,269.71648,141.51803,441.77646
wmhsynthseg,scanner=utrecht_philips_3t,lesion_recall,30,0,0.36937,0.32159,0.4173
wmhsynthseg,scanner=utrecht_philips_3t,lesion_f1,30,0,0.42888,0.38591,0.46819
wmhsynthseg,seen=False,dice,20,0,0.3504,0.26988,0.42972
wmhsynthseg,seen=False,hd95_mm,20,0,15.79972,11.67145,20.97538
wmhsynthseg,seen=False,avd_pct,20,0,383.58374,129.97728,748.78687
wmhsynthseg,seen=False,lesion_recall,20,0,0.47297,0.40429,0.53869
wmhsynthseg,seen=False,lesion_f1,20,0,0.50703,0.46118,0.5463
wmhsynthseg,seen=True,dice,90,0,0.41387,0.36964,0.45846
wmhsynthseg,seen=True,hd95_mm,90,0,13.57314,12.1242,15.09377
wmhsynthseg,seen=True,avd_pct,90,0,273.16684,198.1666,360.79055
wmhsynthseg,seen=True,lesion_recall,90,0,0.41757,0.38436,0.44918
wmhsynthseg,seen=True,lesion_f1,90,0,0.4389,0.41774,0.4589
