model_a,model_b,metric,n,mean_a,mean_b,mean_diff_a_minus_b,ci_low,ci_high,p_wilcoxon,p_holm
resencm,resencm_da5,dice,110,0.8025,0.79781,0.00469,0.00076,0.00877,0.11776037126963952,1.0
resencm,resencm_da5,hd95_mm,110,6.12351,6.25635,-0.13284,-0.53463,0.23076,0.4021493292577045,1.0
resencm,resencm_da5,avd_pct,110,15.39794,16.28882,-0.89088,-2.44001,0.69146,0.6130332422229252,1.0
resencm,resencm_da5,lesion_recall,110,0.72841,0.72663,0.00179,-0.00693,0.00939,0.3924948524878833,1.0
resencm,resencm_da5,lesion_f1,110,0.78344,0.78603,-0.0026,-0.01114,0.00538,0.7533857123500565,1.0
resencm,resencmpre,dice,110,0.8025,0.80325,-0.00074,-0.00562,0.00303,0.9121316637878898,1.0
resencm,resencmpre,hd95_mm,110,6.12351,6.44664,-0.32313,-0.63773,-0.0498,0.06957626075659029,1.0
resencm,resencmpre,avd_pct,110,15.39794,16.07578,-0.67784,-2.14283,0.75726,0.9313371552467656,1.0
resencm,resencmpre,lesion_recall,110,0.72841,0.72358,0.00483,-0.00211,0.01248,0.7217231014477606,1.0
resencm,resencmpre,lesion_f1,110,0.78344,0.78001,0.00343,-0.00226,0.00964,0.8637138224204745,1.0
resencm,threshold,dice,110,0.8025,0.59495,0.20755,0.18569,0.23158,8.747663427812937e-20,1.2244445659308623e-17
resencm,threshold,hd95_mm,110,6.12351,22.69568,-16.57217,-18.26562,-14.77672,4.0631541666088956e-18,3.656838749948006e-16
resencm,threshold,avd_pct,110,15.39794,72.74042,-57.34248,-78.17831,-38.91256,1.3866711387322625e-13,7.904025490773896e-12
resencm,threshold,lesion_recall,110,0.72841,0.22883,0.49958,0.47273,0.52527,8.746032613791874e-20,1.2244445659308623e-17
resencm,threshold,lesion_f1,110,0.78344,0.28388,0.49956,0.47785,0.52109,8.74847894344336e-20,1.2244445659308623e-17
resencm,thresholdhistmatch,dice,110,0.8025,0.52169,0.28081,0.25017,0.31175,8.74847894344336e-20,1.2244445659308623e-17
resencm,thresholdhistmatch,hd95_mm,110,6.12351,22.54319,-16.41968,-17.93593,-14.78385,8.9903762888749e-19,8.540857474431156e-17
resencm,thresholdhistmatch,avd_pct,110,15.39794,173.01185,-157.61391,-205.3078,-116.37439,2.3068997303498847e-17,1.8685887815834064e-15
resencm,thresholdhistmatch,lesion_recall,110,0.72841,0.20029,0.52812,0.49209,0.56292,1.8316074109391938e-19,1.8682395591579778e-17
resencm,thresholdhistmatch,lesion_f1,110,0.78344,0.24925,0.53418,0.50233,0.56433,9.242396107855658e-20,1.2244445659308623e-17
resencm,thresholdnone,dice,110,0.8025,0.20265,0.59986,0.57081,0.63025,8.9916676031352e-20,1.2244445659308623e-17
resencm,thresholdnone,hd95_mm,68,6.28289,27.7958,-21.51291,-23.38944,-19.78443,7.989555020455465e-13,4.234464160841396e-11
resencm,thresholdnone,avd_pct,110,15.39794,1212.93128,-1197.53334,-1755.0747,-752.15179,1.7337439231508392e-19,1.7857562408453644e-17
resencm,thresholdnone,lesion_recall,110,0.72841,0.29798,0.43044,0.40396,0.45557,2.972409516766936e-16,2.1104107569045245e-14
resencm,thresholdnone,lesion_f1,110,0.78344,0.16975,0.61368,0.58008,0.64666,1.1508528848190756e-19,1.2659381733009831e-17
resencm,thresholdwhitestripe,dice,110,0.8025,0.5644,0.23811,0.21172,0.26406,8.74847894344336e-20,1.2244445659308623e-17
resencm,thresholdwhitestripe,hd95_mm,109,6.0923,23.05368,-16.96138,-18.48799,-15.3508,5.794185236962364e-19,5.620359679853494e-17
resencm,thresholdwhitestripe,avd_pct,110,15.39794,76.84537,-61.44743,-84.92807,-43.05393,7.824580162292243e-15,4.772993898998268e-13
resencm,thresholdwhitestripe,lesion_recall,110,0.72841,0.17833,0.55008,0.51765,0.57794,1.3510580082342004e-19,1.4321214887282526e-17
resencm,thresholdwhitestripe,lesion_f1,110,0.78344,0.23488,0.54856,0.52345,0.57274,8.74847894344336e-20,1.2244445659308623e-17
resencm,wmhsynthseg,dice,110,0.8025,0.40233,0.40017,0.37161,0.42918,8.748071176575978e-20,1.2244445659308623e-17
resencm,wmhsynthseg,hd95_mm,110,6.12351,13.97797,-7.85446,-8.96699,-6.8162,2.3667656325262296e-17,1.8934125060209837e-15
resencm,wmhsynthseg,avd_pct,110,15.39794,293.24264,-277.84471,-366.20998,-198.61928,7.217515159321526e-18,6.351413340202943e-16
resencm,wmhsynthseg,lesion_recall,110,0.72841,0.42765,0.30077,0.26885,0.33068,7.502709701096803e-18,6.527357439954218e-16
resencm,wmhsynthseg,lesion_f1,110,0.78344,0.45129,0.33215,0.31418,0.35063,8.74847894344336e-20,1.2244445659308623e-17
resencm_da5,resencmpre,dice,110,0.79781,0.80325,-0.00544,-0.01041,-0.00027,0.057218072787233724,1.0
resencm_da5,resencmpre,hd95_mm,110,6.25635,6.44664,-0.19029,-0.5283,0.18464,0.05773138472034436,1.0
resencm_da5,resencmpre,avd_pct,110,16.28882,16.07578,0.21304,-1.84606,2.08153,0.8708841977464828,1.0
resencm_da5,resencmpre,lesion_recall,110,0.72663,0.72358,0.00305,-0.00643,0.01252,0.9646961249436681,1.0
resencm_da5,resencmpre,lesion_f1,110,0.78603,0.78001,0.00603,-0.00228,0.0146,0.26585882686694395,1.0
resencm_da5,threshold,dice,110,0.79781,0.59495,0.20286,0.18148,0.2242,8.74847894344336e-20,1.2244445659308623e-17
resencm_da5,threshold,hd95_mm,110,6.25635,22.69568,-16.43933,-18.26133,-14.50768,6.547725319627634e-17,5.041748496113278e-15
resencm_da5,threshold,avd_pct,110,16.28882,72.74042,-56.4516,-78.00566,-37.16018,6.534432942047412e-13,3.5285937887056025e-11
resencm_da5,threshold,lesion_recall,110,0.72663,0.22883,0.49779,0.46928,0.5248,9.239384895027793e-20,1.2244445659308623e-17
resencm_da5,threshold,lesion_f1,110,0.78603,0.28388,0.50216,0.4784,0.52381,8.74847894344336e-20,1.2244445659308623e-17
resencm_da5,thresholdhistmatch,dice,110,0.79781,0.52169,0.27612,0.24568,0.30711,8.748071176575978e-20,1.2244445659308623e-17
resencm_da5,thresholdhistmatch,hd95_mm,110,6.25635,22.54319,-16.28684,-17.96503,-14.49412,1.3442275080005496e-17,1.1157088316404561e-15
resencm_da5,thresholdhistmatch,avd_pct,110,16.28882,173.01185,-156.72303,-203.66455,-115.6463,1.011500614604582e-17,8.597755224138947e-16
resencm_da5,thresholdhistmatch,lesion_recall,110,0.72663,0.20029,0.52634,0.48735,0.56325,3.9392703191521416e-19,3.89987761596062e-17
resencm_da5,thresholdhistmatch,lesion_f1,110,0.78603,0.24925,0.53678,0.50382,0.56829,9.763401230621142e-20,1.2244445659308623e-17
resencm_da5,thresholdnone,dice,110,0.79781,0.20265,0.59516,0.56827,0.62458,8.747663427812937e-20,1.2244445659308623e-17
resencm_da5,thresholdnone,hd95_mm,68,6.26062,27.7958,-21.53518,-23.33573,-19.64814,9.131347727220978e-13,4.748300818154908e-11
resencm_da5,thresholdnone,avd_pct,110,16.28882,1212.93128,-1196.64246,-1780.68788,-760.69105,4.240723219635383e-19,4.1559087552426755e-17
resencm_da5,thresholdnone,lesion_recall,110,0.72663,0.29798,0.42865,0.40056,0.45417,4.163295311489148e-16,2.872673764927512e-14
resencm_da5,thresholdnone,lesion_f1,110,0.78603,0.16975,0.61628,0.58073,0.64709,1.1827952090750343e-19,1.2892467778917873e-17
resencm_da5,thresholdwhitestripe,dice,110,0.79781,0.5644,0.23342,0.20766,0.26076,8.748071176575978e-20,1.2244445659308623e-17
resencm_da5,thresholdwhitestripe,hd95_mm,109,6.25023,23.05368,-16.80346,-18.40626,-15.1295,9.61432972544567e-18,8.268323563883277e-16
resencm_da5,thresholdwhitestripe,avd_pct,110,16.28882,76.84537,-60.55655,-83.00604,-41.51337,4.362684246883409e-14,2.5739837056612112e-12
resencm_da5,thresholdwhitestripe,lesion_recall,110,0.72663,0.17833,0.54829,0.5159,0.57871,1.4273321679533588e-19,1.498698776351027e-17
resencm_da5,thresholdwhitestripe,lesion_f1,110,0.78603,0.23488,0.55115,0.52406,0.57462,8.748071176575978e-20,1.2244445659308623e-17
resencm_da5,wmhsynthseg,dice,110,0.79781,0.40233,0.39548,0.36499,0.42408,8.748071176575978e-20,1.2244445659308623e-17
resencm_da5,wmhsynthseg,hd95_mm,110,6.25635,13.97797,-7.72162,-8.85968,-6.60613,1.8311684850967927e-16,1.3367529941206587e-14
resencm_da5,wmhsynthseg,avd_pct,110,16.28882,293.24264,-276.95383,-371.82171,-189.95626,1.2440788120116741e-17,1.0450262020898064e-15
resencm_da5,wmhsynthseg,lesion_recall,110,0.72663,0.42765,0.29898,0.26451,0.33155,3.5742014300035445e-17,2.8236191297028003e-15
resencm_da5,wmhsynthseg,lesion_f1,110,0.78603,0.45129,0.33474,0.31558,0.35404,8.992086453127801e-20,1.2244445659308623e-17
resencmpre,threshold,dice,110,0.80325,0.59495,0.20829,0.18701,0.23142,8.748071176575978e-20,1.2244445659308623e-17
resencmpre,threshold,hd95_mm,110,6.44664,22.69568,-16.24904,-17.95751,-14.32141,2.1916147128272087e-17,1.7971240645183112e-15
resencmpre,threshold,avd_pct,110,16.07578,72.74042,-56.66464,-78.668,-37.58261,4.567040775892876e-14,2.648883650017868e-12
resencmpre,threshold,lesion_recall,110,0.72358,0.22883,0.49474,0.46422,0.5227,1.0310063047450624e-19,1.2244445659308623e-17
resencmpre,threshold,lesion_f1,110,0.78001,0.28388,0.49613,0.47258,0.51833,8.991248771726401e-20,1.2244445659308623e-17
resencmpre,thresholdhistmatch,dice,110,0.80325,0.52169,0.28155,0.24938,0.31141,8.747663427812937e-20,1.2244445659308623e-17
resencmpre,thresholdhistmatch,hd95_mm,110,6.44664,22.54319,-16.09655,-17.74065,-14.48308,6.336358427142444e-18,5.639359000156775e-16
resencmpre,thresholdhistmatch,avd_pct,110,16.07578,173.01185,-156.93607,-203.98036,-117.033,8.425996405220598e-17,6.235237339863242e-15
resencmpre,thresholdhistmatch,lesion_recall,110,0.72358,0.20029,0.52329,0.48475,0.55937,3.6469137155063024e-19,3.6469137155063025e-17
resencmpre,thresholdhistmatch,lesion_f1,110,0.78001,0.24925,0.53075,0.49564,0.56354,9.76385514588609e-20,1.2244445659308623e-17
resencmpre,thresholdnone,dice,110,0.80325,0.20265,0.6006,0.57128,0.62836,8.748071176575978e-20,1.2244445659308623e-17
resencmpre,thresholdnone,hd95_mm,68,6.63583,27.7958,-21.15998,-23.04113,-19.37206,9.131347727220978e-13,4.748300818154908e-11
resencmpre,thresholdnone,avd_pct,110,16.07578,1212.93128,-1196.8555,-1762.27539,-746.68515,2.3384706773696145e-19,2.3618553841433106e-17
resencmpre,thresholdnone,lesion_recall,110,0.72358,0.29798,0.4256,0.39582,0.45291,7.981739599282192e-16,5.267948135526246e-14
resencmpre,thresholdnone,lesion_f1,110,0.78001,0.16975,0.61025,0.57753,0.64116,1.2156696373685146e-19,1.3129232083579957e-17
resencmpre,thresholdwhitestripe,dice,110,0.80325,0.5644,0.23885,0.2127,0.2655,8.74847894344336e-20,1.2244445659308623e-17
resencmpre,thresholdwhitestripe,hd95_mm,109,6.42627,23.05368,-16.62741,-18.23692,-14.93643,3.2487111998310547e-18,2.9888143038445706e-16
resencmpre,thresholdwhitestripe,avd_pct,110,16.07578,76.84537,-60.76959,-84.04528,-41.95434,1.3416749906385278e-14,8.050049943831166e-13
resencmpre,thresholdwhitestripe,lesion_recall,110,0.72358,0.17833,0.54525,0.50942,0.57623,1.6857224487024795e-19,1.7531513466505787e-17
resencmpre,thresholdwhitestripe,lesion_f1,110,0.78001,0.23488,0.54513,0.51772,0.57078,8.748071176575978e-20,1.2244445659308623e-17
resencmpre,wmhsynthseg,dice,110,0.80325,0.40233,0.40092,0.37168,0.42839,8.747663427812937e-20,1.2244445659308623e-17
resencmpre,wmhsynthseg,hd95_mm,110,6.44664,13.97797,-7.53133,-8.57998,-6.41095,3.665052179069579e-16,2.5655365253487053e-14
resencmpre,wmhsynthseg,avd_pct,110,16.07578,293.24264,-277.16687,-375.30271,-195.80634,3.75572848897707e-18,3.417712924969134e-16
resencmpre,wmhsynthseg,lesion_recall,110,0.72358,0.42765,0.29593,0.26043,0.33075,7.450919404284726e-17,5.662698747256391e-15
resencmpre,wmhsynthseg,lesion_f1,110,0.78001,0.45129,0.32872,0.30874,0.34819,8.9916676031352e-20,1.2244445659308623e-17
threshold,thresholdhistmatch,dice,110,0.59495,0.52169,0.07326,0.0517,0.09375,1.8800216913178697e-09,8.272095441798627e-08
threshold,thresholdhistmatch,hd95_mm,110,22.69568,22.54319,0.15249,-0.89221,1.18757,0.8638444857257563,1.0
threshold,thresholdhistmatch,avd_pct,110,72.74042,173.01185,-100.27143,-135.5197,-68.26298,9.49897784006274e-09,3.9895706928263507e-07
threshold,thresholdhistmatch,lesion_recall,110,0.22883,0.20029,0.02854,0.01044,0.04482,0.0005598426952841304,0.01623543816323978
threshold,thresholdhistmatch,lesion_f1,110,0.28388,0.24925,0.03462,0.01494,0.05403,0.0010865065463939937,0.030422183299031826
threshold,thresholdnone,dice,110,0.59495,0.20265,0.3923,0.35615,0.43246,8.216471231715884e-17,6.162353423786913e-15
threshold,thresholdnone,hd95_mm,68,23.07572,27.7958,-4.72009,-6.32429,-3.18766,4.589471341816648e-05,0.0015145255427994938
threshold,thresholdnone,avd_pct,110,72.74042,1212.93128,-1140.19086,-1698.68743,-670.4456,6.622348670373575e-10,2.9800569016681088e-08
threshold,thresholdnone,lesion_recall,110,0.22883,0.29798,-0.06914,-0.09311,-0.04552,0.4337108680435803,1.0
threshold,thresholdnone,lesion_f1,110,0.28388,0.16975,0.11412,0.07801,0.14645,2.8343902317339305e-10,1.303819506597608e-08
threshold,thresholdwhitestripe,dice,110,0.59495,0.5644,0.03056,0.01134,0.05181,0.010017444642112471,0.2504361160528118
threshold,thresholdwhitestripe,hd95_mm,109,22.83591,23.05368,-0.21777,-1.10591,0.6344,0.5404001502046829,1.0
threshold,thresholdwhitestripe,avd_pct,110,72.74042,76.84537,-4.10495,-25.96439,13.73413,0.1459817046562994,1.0
threshold,thresholdwhitestripe,lesion_recall,110,0.22883,0.17833,0.0505,0.03807,0.06245,3.4459849052727462e-09,1.481773509267281e-07
threshold,thresholdwhitestripe,lesion_f1,110,0.28388,0.23488,0.049,0.03576,0.06188,1.2144049676616501e-08,4.979060367412766e-07
threshold,wmhsynthseg,dice,110,0.59495,0.40233,0.19262,0.16813,0.2196,9.757871900983113e-16,6.342616735639023e-14
threshold,wmhsynthseg,hd95_mm,110,22.69568,13.97797,8.71771,7.08952,10.45805,1.5512391840893087e-13,8.686939430900128e-12
threshold,wmhsynthseg,avd_pct,110,72.74042,293.24264,-220.50223,-306.9021,-148.96702,9.958237747640129e-12,4.879536496343663e-10
threshold,wmhsynthseg,lesion_recall,110,0.22883,0.42765,-0.19881,-0.22103,-0.17582,1.4215989589061438e-18,1.336303021371775e-16
threshold,wmhsynthseg,lesion_f1,110,0.28388,0.45129,-0.16742,-0.1914,-0.14359,6.071738432073386e-17,4.735955977017241e-15
thresholdhistmatch,thresholdnone,dice,110,0.52169,0.20265,0.31905,0.27249,0.36377,2.4373070419801074e-13,1.340518873089059e-11
thresholdhistmatch,thresholdnone,hd95_mm,68,23.41128,27.7958,-4.38452,-6.21985,-2.56654,0.0004423222289232143,0.01326966686769643
thresholdhistmatch,thresholdnone,avd_pct,110,173.01185,1212.93128,-1039.91943,-1603.31092,-614.67733,0.0010980085705060776,0.030422183299031826
thresholdhistmatch,thresholdnone,lesion_recall,110,0.20029,0.29798,-0.09769,-0.12767,-0.0668,0.02401596731445266,0.5763832155468639
thresholdhistmatch,thresholdnone,lesion_f1,110,0.24925,0.16975,0.0795,0.03801,0.11593,8.433471560456766e-05,0.0026987108993461652
thresholdhistmatch,thresholdwhitestripe,dice,110,0.52169,0.5644,-0.0427,-0.06677,-0.01747,2.6448706674843678e-05,0.0009521534402943724
thresholdhistmatch,thresholdwhitestripe,hd95_mm,109,22.59727,23.05368,-0.45641,-1.47544,0.58464,0.6189602216786921,1.0
thresholdhistmatch,thresholdwhitestripe,avd_pct,110,173.01185,76.84537,96.16648,66.1588,130.21962,3.2186078357369524e-07,1.2230709775800418e-05
thresholdhistmatch,thresholdwhitestripe,lesion_recall,110,0.20029,0.17833,0.02196,0.00528,0.03783,0.08163390377400054,1.0
thresholdhistmatch,thresholdwhitestripe,lesion_f1,110,0.24925,0.23488,0.01437,-0.00292,0.03189,0.3032834875272994,1.0
thresholdhistmatch,wmhsynthseg,dice,110,0.52169,0.40233,0.11936,0.09894,0.13915,6.77074850004436e-16,4.536401495029721e-14
thresholdhistmatch,wmhsynthseg,hd95_mm,110,22.54319,13.97797,8.56522,7.16096,10.00289,5.8949215049043495e-15,3.6548513330406966e-13
thresholdhistmatch,wmhsynthseg,avd_pct,110,173.01185,293.24264,-120.23079,-182.68562,-68.67684,5.738098117358494e-07,2.123096303422643e-05
thresholdhistmatch,wmhsynthseg,lesion_recall,110,0.20029,0.42765,-0.22736,-0.25069,-0.20343,5.999417242748575e-19,5.759440553038633e-17
thresholdhistmatch,wmhsynthseg,lesion_f1,110,0.24925,0.45129,-0.20204,-0.2304,-0.17128,2.40707272260941e-16,1.733092360278775e-14
thresholdnone,thresholdwhitestripe,dice,110,0.20265,0.5644,-0.36175,-0.4037,-0.32084,2.166318847065162e-15,1.364780873651052e-13
thresholdnone,thresholdwhitestripe,hd95_mm,67,28.10872,23.60909,4.49963,3.09262,5.99211,3.0093271336409343e-05,0.001053264496774327
thresholdnone,thresholdwhitestripe,avd_pct,110,1212.93128,76.84537,1136.08591,686.15224,1687.9507,5.948769239271354e-08,2.3795076957085417e-06
thresholdnone,thresholdwhitestripe,lesion_recall,110,0.29798,0.17833,0.11964,0.09208,0.14737,0.008388383814309576,0.21809797917204896
thresholdnone,thresholdwhitestripe,lesion_f1,110,0.16975,0.23488,-0.06513,-0.10091,-0.02654,0.000409274470990873,0.012687508600717063
thresholdnone,wmhsynthseg,dice,110,0.20265,0.40233,-0.19968,-0.24146,-0.15782,8.711185916239858e-08,3.3973625073335445e-06
thresholdnone,wmhsynthseg,hd95_mm,68,27.7958,14.52762,13.26818,11.14982,15.17973,9.357987466641385e-11,4.398254109321451e-09
thresholdnone,wmhsynthseg,avd_pct,110,1212.93128,293.24264,919.68863,494.31194,1490.14169,0.07095208639153582,1.0
thresholdnone,wmhsynthseg,lesion_recall,110,0.29798,0.42765,-0.12967,-0.16153,-0.09716,3.745816336203042e-05,0.0012735775543090341
thresholdnone,wmhsynthseg,lesion_f1,110,0.16975,0.45129,-0.28154,-0.31365,-0.24816,4.518089934159387e-16,3.072301155228383e-14
thresholdwhitestripe,wmhsynthseg,dice,110,0.5644,0.40233,0.16206,0.12985,0.19275,1.0890285285308275e-12,5.4451426426541375e-11
thresholdwhitestripe,wmhsynthseg,hd95_mm,109,23.05368,13.78109,9.27259,7.82836,10.6767,1.7814925396834952e-15,1.140155225397437e-13
thresholdwhitestripe,wmhsynthseg,avd_pct,110,76.84537,293.24264,-216.39728,-306.04628,-145.86925,4.157765919305313e-11,1.9957276412665503e-09
thresholdwhitestripe,wmhsynthseg,lesion_recall,110,0.17833,0.42765,-0.24931,-0.27166,-0.227,1.2783902941957056e-19,1.367877614789405e-17
thresholdwhitestripe,wmhsynthseg,lesion_f1,110,0.23488,0.45129,-0.21641,-0.2414,-0.19017,2.8875571158645365e-18,2.685428117754019e-16
