split,rater,reference,biomarker,scanner,n,bias,ci_low,ci_high,mean_diff_raw,p_wilcoxon,p_holm
test,resencm,O1,wmh_ml,amsterdam_ge_1p5t,10,1.1041,1.0608,1.1422,0.71315,0.0039062,0.27344
test,resencm,O1,wmh_ml,amsterdam_ge_3t,30,1.0113,0.91663,1.0899,0.045347,0.044907,1
test,resencm,O1,wmh_ml,amsterdam_philips_3t,10,0.98243,0.80839,1.1317,1.4367,0.49219,1
test,resencm,O1,wmh_ml,singapore_siemens_3t,30,1.0331,0.96585,1.1009,1.0062,0.10484,1
test,resencm,O1,wmh_ml,utrecht_philips_3t,30,0.87377,0.80166,0.95102,-4.1715,0.00095177,0.078046
test,resencm_da5,O1,wmh_ml,amsterdam_ge_1p5t,10,1.0256,0.99461,1.0595,0.31927,0.23242,1
test,resencm_da5,O1,wmh_ml,amsterdam_ge_3t,30,0.94111,0.85448,1.0197,-0.39049,0.65544,1
test,resencm_da5,O1,wmh_ml,amsterdam_philips_3t,10,0.81227,0.66452,0.94439,-0.20617,0.027344,1
test,resencm_da5,O1,wmh_ml,singapore_siemens_3t,30,0.9991,0.93733,1.0591,0.5761,0.58376,1
test,resencm_da5,O1,wmh_ml,utrecht_philips_3t,30,0.76982,0.7022,0.84874,-4.7642,1.2184e-05,0.0012305
test,threshold,O1,wmh_ml,amsterdam_ge_1p5t,10,0.96233,0.75533,1.2194,-2.711,0.92188,1
test,threshold,O1,wmh_ml,amsterdam_ge_3t,30,1.2792,1.1077,1.4807,0.066437,0.0066395,0.42493
test,threshold,O1,wmh_ml,amsterdam_philips_3t,10,1.164,0.90137,1.5364,-0.80324,0.49219,1
test,threshold,O1,wmh_ml,singapore_siemens_3t,30,0.79439,0.65111,0.975,-6.5734,0.029326,1
test,threshold,O1,wmh_ml,utrecht_philips_3t,30,1.7209,1.3064,2.2642,-0.17072,8.8565e-05,0.0081373
test,wmhsynthseg,O1,wmh_ml,amsterdam_ge_1p5t,10,2.841,1.592,6.2168,8.6476,0.0058594,0.38672
test,wmhsynthseg,O1,wmh_ml,amsterdam_ge_3t,30,3.3163,2.4605,4.4879,14.081,1.8626e-09,2.1607e-07
test,wmhsynthseg,O1,wmh_ml,amsterdam_philips_3t,10,2.4246,1.5967,3.9174,7.7363,0.0019531,0.1582
test,wmhsynthseg,O1,wmh_ml,singapore_siemens_3t,30,1.8515,1.4181,2.4731,3.4316,2.6885e-05,0.0025902
test,wmhsynthseg,O1,wmh_ml,utrecht_philips_3t,30,2.2447,1.6023,3.1957,2.6929,3.4532e-05,0.0032805
training,O3,O1,wmh_ml,amsterdam_ge_3t,20,0.88755,0.78838,0.98783,-1.3609,0.06958,1
training,O3,O1,wmh_ml,singapore_siemens_3t,20,0.8973,0.8307,0.97149,-1.8169,0.0072956,0.45233
training,O3,O1,wmh_ml,utrecht_philips_3t,20,1.1337,1.0383,1.2525,1.6125,0.0031528,0.23016
training,O4,O1,wmh_ml,amsterdam_ge_3t,20,0.99707,0.90585,1.0849,-0.24592,0.78413,1
training,O4,O1,wmh_ml,singapore_siemens_3t,20,0.79879,0.75487,0.85243,-4.225,2.6703e-05,0.0025902
training,O4,O1,wmh_ml,utrecht_philips_3t,20,0.95803,0.83641,1.1008,-0.74817,0.08255,1
training,resencm,O1,wmh_ml,amsterdam_ge_3t,4,0.90607,0.80489,1.0317,-1.5056,0.375,1
training,resencm,O1,wmh_ml,singapore_siemens_3t,4,0.77194,0.69728,0.90088,-3.948,0.125,1
training,resencm,O1,wmh_ml,utrecht_philips_3t,4,0.94668,0.86494,0.99761,-0.93608,0.25,1
test,resencm,O1,wmh_periventricular_ml,amsterdam_ge_1p5t,10,1.1143,1.0604,1.1677,0.56301,0.0058594,0.38672
test,resencm,O1,wmh_periventricular_ml,amsterdam_ge_3t,30,1.0229,0.92676,1.0997,0.41673,0.04049,1
test,resencm,O1,wmh_periventricular_ml,amsterdam_philips_3t,10,0.98476,0.81071,1.1322,1.13,0.49219,1
test,resencm,O1,wmh_periventricular_ml,singapore_siemens_3t,30,1.0482,0.98415,1.1101,1.0445,0.044907,1
test,resencm,O1,wmh_periventricular_ml,utrecht_philips_3t,30,0.90411,0.82917,0.98634,-1.5433,0.011303,0.67818
test,resencm_da5,O1,wmh_periventricular_ml,amsterdam_ge_1p5t,10,1.0409,1.006,1.079,0.28481,0.083984,1
test,resencm_da5,O1,wmh_periventricular_ml,amsterdam_ge_3t,30,0.94868,0.86802,1.0207,-0.017817,0.68505,1
test,resencm_da5,O1,wmh_periventricular_ml,amsterdam_philips_3t,10,0.82145,0.6759,0.95682,-0.09311,0.083984,1
test,resencm_da5,O1,wmh_periventricular_ml,singapore_siemens_3t,30,1.0185,0.95502,1.0767,0.7866,0.20541,1
test,resencm_da5,O1,wmh_periventricular_ml,utrecht_philips_3t,30,0.79163,0.71635,0.8773,-2.2903,4.4076e-05,0.0041431
test,threshold,O1,wmh_periventricular_ml,amsterdam_ge_1p5t,10,1.0312,0.81352,1.2637,-0.71484,1,1
test,threshold,O1,wmh_periventricular_ml,amsterdam_ge_3t,30,1.3222,1.1735,1.4915,1.2346,0.00020913,0.018194
test,threshold,O1,wmh_periventricular_ml,amsterdam_philips_3t,10,1.205,0.98444,1.5024,0.11305,0.19336,1
test,threshold,O1,wmh_periventricular_ml,singapore_siemens_3t,30,0.8457,0.70377,1.007,-4.0011,0.096102,1
test,threshold,O1,wmh_periventricular_ml,utrecht_philips_3t,30,1.6742,1.3367,2.1041,1.8389,6.9179e-06,0.00071946
test,wmhsynthseg,O1,wmh_periventricular_ml,amsterdam_ge_1p5t,10,3.1656,1.7671,6.551,10.147,0.0019531,0.1582
test,wmhsynthseg,O1,wmh_periventricular_ml,amsterdam_ge_3t,30,3.3026,2.5276,4.3913,12.007,1.8626e-09,2.1607e-07
test,wmhsynthseg,O1,wmh_periventricular_ml,amsterdam_philips_3t,10,2.5133,1.6695,4.1639,6.6124,0.0019531,0.1582
test,wmhsynthseg,O1,wmh_periventricular_ml,singapore_siemens_3t,30,1.9192,1.4694,2.6011,4.0414,5.9735e-06,0.00063319
test,wmhsynthseg,O1,wmh_periventricular_ml,utrecht_philips_3t,30,2.3907,1.7318,3.3611,5.5808,6.9179e-06,0.00071946
training,O3,O1,wmh_periventricular_ml,amsterdam_ge_3t,20,0.89138,0.78901,0.99976,-1.0347,0.075851,1
training,O3,O1,wmh_periventricular_ml,singapore_siemens_3t,20,0.92081,0.8551,1.0002,-1.1607,0.058258,1
training,O3,O1,wmh_periventricular_ml,utrecht_philips_3t,20,1.159,1.058,1.2755,1.3831,0.0023251,0.17205
training,O4,O1,wmh_periventricular_ml,amsterdam_ge_3t,20,1.0088,0.91467,1.1036,-0.13586,0.70118,1
training,O4,O1,wmh_periventricular_ml,singapore_siemens_3t,20,0.83101,0.76814,0.92124,-3.168,0.00085068,0.070606
training,O4,O1,wmh_periventricular_ml,utrecht_philips_3t,20,0.97985,0.84962,1.1244,-0.27662,0.13273,1
training,resencm,O1,wmh_periventricular_ml,amsterdam_ge_3t,4,0.91176,0.81776,1.0352,-1.1311,0.375,1
training,resencm,O1,wmh_periventricular_ml,singapore_siemens_3t,4,0.80568,0.7396,0.92583,-2.409,0.125,1
training,resencm,O1,wmh_periventricular_ml,utrecht_philips_3t,4,1.0043,0.90609,1.0856,0.066775,0.875,1
test,resencm,O1,wmh_deep_ml,amsterdam_ge_1p5t,10,0.94982,0.82447,1.0654,0.15018,0.91016,1
test,resencm,O1,wmh_deep_ml,amsterdam_ge_3t,28,0.91826,0.70527,1.1039,-0.39752,0.438,1
test,resencm,O1,wmh_deep_ml,amsterdam_philips_3t,10,0.87049,0.62562,1.1419,0.30678,1,1
test,resencm,O1,wmh_deep_ml,singapore_siemens_3t,30,0.95894,0.88668,1.0337,-0.0383,0.39305,1
test,resencm,O1,wmh_deep_ml,utrecht_philips_3t,30,0.72163,0.64076,0.79804,-2.6282,6.9104e-07,7.7397e-05
test,resencm_da5,O1,wmh_deep_ml,amsterdam_ge_1p5t,10,0.84957,0.72523,0.96524,0.03447,0.083984,1
test,resencm_da5,O1,wmh_deep_ml,amsterdam_ge_3t,27,1.015,0.91606,1.1301,-0.41082,0.73172,1
test,resencm_da5,O1,wmh_deep_ml,amsterdam_philips_3t,10,0.73791,0.57887,0.90914,-0.11304,0.019531,1
test,resencm_da5,O1,wmh_deep_ml,singapore_siemens_3t,30,0.89335,0.82697,0.95978,-0.2105,0.0044628,0.29901
test,resencm_da5,O1,wmh_deep_ml,utrecht_philips_3t,30,0.6654,0.59843,0.73964,-2.4739,2.5518e-07,2.8836e-05
test,threshold,O1,wmh_deep_ml,amsterdam_ge_1p5t,9,0.59431,0.40783,0.89766,-2.2127,0.074219,1
test,threshold,O1,wmh_deep_ml,amsterdam_ge_3t,29,1.1026,0.66582,1.9282,-1.2133,0.88151,1
test,threshold,O1,wmh_deep_ml,amsterdam_philips_3t,9,0.93619,0.50431,1.9328,-1.0088,1,1
test,threshold,O1,wmh_deep_ml,singapore_siemens_3t,30,0.4421,0.26913,0.7898,-2.5723,0.0040318,0.27416
test,threshold,O1,wmh_deep_ml,utrecht_philips_3t,30,1.9099,1.2237,2.9621,-2.0096,0.052263,1
test,wmhsynthseg,O1,wmh_deep_ml,amsterdam_ge_1p5t,10,1.9999,0.98547,4.4964,-1.4998,0.13086,1
test,wmhsynthseg,O1,wmh_deep_ml,amsterdam_ge_3t,29,4.1786,2.2875,7.8137,2.129,1.381e-05,0.001381
test,wmhsynthseg,O1,wmh_deep_ml,amsterdam_philips_3t,10,1.9556,0.90314,4.5035,1.1239,0.16016,1
test,wmhsynthseg,O1,wmh_deep_ml,singapore_siemens_3t,30,1.6329,1.1118,2.5411,-0.6098,0.069893,1
test,wmhsynthseg,O1,wmh_deep_ml,utrecht_philips_3t,30,1.8028,1.1935,2.8164,-2.8878,0.0071115,0.44802
training,O3,O1,wmh_deep_ml,amsterdam_ge_3t,20,0.88287,0.76275,0.98226,-0.32625,0.032768,1
training,O3,O1,wmh_deep_ml,singapore_siemens_3t,20,0.72711,0.61309,0.82533,-0.65625,1.9073e-05,0.0018692
training,O3,O1,wmh_deep_ml,utrecht_philips_3t,19,0.99306,0.85207,1.1547,0.24189,0.76801,1
training,O4,O1,wmh_deep_ml,amsterdam_ge_3t,20,0.93576,0.83446,1.0641,-0.11003,0.14291,1
training,O4,O1,wmh_deep_ml,singapore_siemens_3t,20,0.6745,0.62191,0.7365,-1.0571,3.8147e-06,0.00041199
training,O4,O1,wmh_deep_ml,utrecht_philips_3t,20,0.7487,0.59479,0.88599,-0.47155,0.00021367,0.018376
training,resencm,O1,wmh_deep_ml,amsterdam_ge_3t,4,0.85908,0.73937,0.9972,-0.37442,0.25,1
training,resencm,O1,wmh_deep_ml,singapore_siemens_3t,4,0.6257,0.48522,0.75651,-1.539,0.125,1
training,resencm,O1,wmh_deep_ml,utrecht_philips_3t,4,0.63436,0.39212,0.89934,-1.0029,0.125,1
test,resencm,O1,n_lesions_ge10mm3,amsterdam_ge_1p5t,10,-0.0057815,-0.095333,0.089709,-1.7,0.82031,1
test,resencm,O1,n_lesions_ge10mm3,amsterdam_ge_3t,30,-0.11708,-0.17004,-0.063784,-4.0333,0.00076961,0.064647
test,resencm,O1,n_lesions_ge10mm3,amsterdam_philips_3t,10,-0.31951,-0.48968,-0.19117,-10.5,0.0019531,0.1582
test,resencm,O1,n_lesions_ge10mm3,singapore_siemens_3t,30,-0.19805,-0.25234,-0.14588,-6.1667,5.6061e-06,0.00059985
test,resencm,O1,n_lesions_ge10mm3,utrecht_philips_3t,30,-0.28436,-0.35198,-0.2096,-12.933,1.1939e-05,0.0012178
test,resencm_da5,O1,n_lesions_ge10mm3,amsterdam_ge_1p5t,10,-0.13722,-0.24119,-0.02657,-7.5,0.064453,1
test,resencm_da5,O1,n_lesions_ge10mm3,amsterdam_ge_3t,30,-0.15657,-0.22835,-0.092156,-5.2333,0.00010997,0.0097877
test,resencm_da5,O1,n_lesions_ge10mm3,amsterdam_philips_3t,10,-0.42516,-0.57715,-0.28585,-13.8,0.0019531,0.1582
test,resencm_da5,O1,n_lesions_ge10mm3,singapore_siemens_3t,30,-0.17774,-0.2407,-0.11498,-5.9,9.5012e-05,0.0085511
test,resencm_da5,O1,n_lesions_ge10mm3,utrecht_philips_3t,30,-0.32285,-0.39529,-0.24366,-13.7,6.5307e-06,0.00068572
test,threshold,O1,n_lesions_ge10mm3,amsterdam_ge_1p5t,10,-0.79724,-0.98202,-0.56197,-29.7,0.0039062,0.27344
test,threshold,O1,n_lesions_ge10mm3,amsterdam_ge_3t,30,-0.60389,-0.76993,-0.43669,-20.367,1.1921e-06,0.00013232
test,threshold,O1,n_lesions_ge10mm3,amsterdam_philips_3t,10,-0.62683,-0.93736,-0.30159,-23.8,0.0097656,0.5957
test,threshold,O1,n_lesions_ge10mm3,singapore_siemens_3t,30,-0.72828,-0.9105,-0.52244,-19.433,1.6386e-05,0.0016222
test,threshold,O1,n_lesions_ge10mm3,utrecht_philips_3t,30,-0.35895,-0.56486,-0.14988,-16.6,0.0033893,0.24403
test,wmhsynthseg,O1,n_lesions_ge10mm3,amsterdam_ge_1p5t,10,-0.85914,-1.1125,-0.61384,-30.4,0.0019531,0.1582
test,wmhsynthseg,O1,n_lesions_ge10mm3,amsterdam_ge_3t,30,-0.86202,-1.0112,-0.69919,-24.7,2.6017e-06,0.00028359
test,wmhsynthseg,O1,n_lesions_ge10mm3,amsterdam_philips_3t,10,-0.8252,-1.0242,-0.60709,-28,0.0019531,0.1582
test,wmhsynthseg,O1,n_lesions_ge10mm3,singapore_siemens_3t,30,-0.76861,-0.85583,-0.6797,-20.233,1.7333e-06,0.00019066
test,wmhsynthseg,O1,n_lesions_ge10mm3,utrecht_philips_3t,30,-0.83957,-0.98122,-0.68581,-29.233,1.3039e-08,1.4864e-06
training,O3,O1,n_lesions_ge10mm3,amsterdam_ge_3t,20,-0.11771,-0.21684,-0.041196,-5.85,0.014896,0.87886
training,O3,O1,n_lesions_ge10mm3,singapore_siemens_3t,20,-0.31806,-0.42046,-0.2184,-8.55,4.7684e-05,0.0044346
training,O3,O1,n_lesions_ge10mm3,utrecht_philips_3t,20,-0.28414,-0.35599,-0.21166,-13.45,0.00012009,0.010568
training,O4,O1,n_lesions_ge10mm3,amsterdam_ge_3t,20,-0.17766,-0.27686,-0.083211,-7.05,0.0036545,0.25947
training,O4,O1,n_lesions_ge10mm3,singapore_siemens_3t,20,-0.21374,-0.28795,-0.14257,-6.3,0.00023243,0.019757
training,O4,O1,n_lesions_ge10mm3,utrecht_philips_3t,20,-0.28497,-0.37604,-0.20895,-10.2,8.8449e-05,0.0081373
training,resencm,O1,n_lesions_ge10mm3,amsterdam_ge_3t,4,-0.087636,-0.17426,-0.018527,-5,0.25,1
training,resencm,O1,n_lesions_ge10mm3,singapore_siemens_3t,4,-0.27302,-0.34079,-0.19721,-6.5,0.125,1
training,resencm,O1,n_lesions_ge10mm3,utrecht_philips_3t,4,-0.31883,-0.47146,-0.1176,-18.75,0.125,1
