subject,variant,status,syn_seconds,peak_ram_gb,syn_corr_brain,tpl_vent_on_csf,vent_atlas_ml,vent_ml,dice_atlas_refined,error
sub-049,default_mattes_40-20-0,ok,313.2,1.98,0.7675,0.589,7.4,3.6,0.473,
sub-021,default_mattes_40-20-0,ok,368.8,1.98,0.6196,0.609,25.9,95.7,0.394,
sub-049,mattes_100-70-50-20,ok,2215.5,3.64,0.8427,0.668,6.9,3.3,0.48,
sub-053,default_mattes_40-20-0,ok,218.8,1.77,0.789,0.811,11.3,9.9,0.761,
sub-021,mattes_100-70-50-20,ok,2200.3,3.64,0.7097,0.743,34.0,98.3,0.476,
sub-053,mattes_100-70-50-20,ok,2184.3,3.64,0.8607,0.826,11.5,10.1,0.768,
sub-021,cc_100-70-50-20,failed,,0.33,,,,,,"                  ^^^^^^^^^^^^^^^^^^^^^
  File ""C:\Users\jeanb\Code Projects\lesionload\scripts\syn_benchmark.py"", line 93, in task
    sys.stdout.flush()
OSError: [WinError 6] Descripteur non valide
"
sub-000,cc_100-70-50-20,failed,,0.33,,,,,,"                  ^^^^^^^^^^^^^^^^^^^^^
  File ""C:\Users\jeanb\Code Projects\lesionload\scripts\syn_benchmark.py"", line 93, in task
    sys.stdout.flush()
OSError: [WinError 6] Descripteur non valide
"
sub-021,cc_100-70-50-20,failed,,0.33,,,,,,"esionload\.venv\Lib\site-packages\ants\registration\registration.py"", line 1047, in registration
    print(""antsRegistration "" + ' '.join(processed_args))
OSError: [WinError 6] Descripteur non valide
"
sub-000,cc_100-70-50-20,failed,,0.33,,,,,,"esionload\.venv\Lib\site-packages\ants\registration\registration.py"", line 1047, in registration
    print(""antsRegistration "" + ' '.join(processed_args))
OSError: [WinError 6] Descripteur non valide
"
sub-002,cc_100-70-50-20,failed,,0.33,,,,,,"esionload\.venv\Lib\site-packages\ants\registration\registration.py"", line 1047, in registration
    print(""antsRegistration "" + ' '.join(processed_args))
OSError: [WinError 6] Descripteur non valide
"
sub-049,cc_100-70-50-20,failed,,0.33,,,,,,"esionload\.venv\Lib\site-packages\ants\registration\registration.py"", line 1047, in registration
    print(""antsRegistration "" + ' '.join(processed_args))
OSError: [WinError 6] Descripteur non valide
"
sub-053,cc_100-70-50-20,failed,,0.33,,,,,,"esionload\.venv\Lib\site-packages\ants\registration\registration.py"", line 1047, in registration
    print(""antsRegistration "" + ' '.join(processed_args))
OSError: [WinError 6] Descripteur non valide
"
sub-021,cc_100-70-50-20,ok,3010.6,2.96,0.8678,0.84,94.4,109.8,0.865,
sub-021,cc2mm_100-70-50-20,ok,363.4,0.95,0.8303,0.851,86.6,109.2,0.838,
sub-050,cc2mm_100-70-50-20,ok,956.7,0.94,0.852,0.804,20.6,23.1,0.801,
sub-160,cc2mm_100-70-50-20,ok,961.9,1.1,0.8211,0.65,25.4,25.8,0.758,
sub-150,cc2mm_100-70-50-20,ok,1044.9,0.91,0.8703,0.848,14.8,14.8,0.792,
sub-100,cc2mm_100-70-50-20,ok,1069.4,0.92,0.8646,0.813,15.4,13.3,0.746,
sub-151,cc2mm_100-70-50-20,ok,976.2,0.91,0.8244,0.853,46.4,54.2,0.827,
sub-000,cc2mm_100-70-50-20,ok,1032.1,0.94,0.8013,0.885,116.2,147.2,0.85,
sub-101,cc2mm_100-70-50-20,ok,989.2,0.92,0.8269,0.787,44.5,48.3,0.858,
sub-161,cc2mm_100-70-50-20,ok,997.1,1.12,0.8298,0.718,43.9,49.7,0.824,
sub-102,cc2mm_100-70-50-20,ok,211.0,0.92,0.8627,0.832,21.1,21.6,0.774,
sub-152,cc2mm_100-70-50-20,ok,211.9,0.91,0.8636,0.88,26.9,31.9,0.797,
sub-051,cc2mm_100-70-50-20,ok,214.9,0.94,0.8275,0.794,39.0,47.4,0.806,
sub-001,cc2mm_100-70-50-20,ok,217.1,0.94,0.8253,0.752,42.2,51.2,0.818,
sub-052,cc2mm_100-70-50-20,ok,211.7,0.91,0.8646,0.824,24.4,29.0,0.789,
sub-162,cc2mm_100-70-50-20,ok,217.8,1.05,0.862,0.872,23.8,27.0,0.842,
sub-153,cc2mm_100-70-50-20,ok,218.7,0.81,0.8494,0.861,58.6,73.4,0.836,
sub-002,cc2mm_100-70-50-20,ok,228.3,0.78,0.824,0.831,35.8,39.0,0.833,
sub-103,cc2mm_100-70-50-20,ok,220.2,0.92,0.8332,0.796,18.5,16.8,0.76,
sub-003,cc2mm_100-70-50-20,ok,224.4,0.94,0.8212,0.75,50.1,51.8,0.852,
sub-163,cc2mm_100-70-50-20,ok,251.9,1.12,0.8595,0.717,13.4,13.1,0.751,
sub-053,cc2mm_100-70-50-20,ok,250.2,0.95,0.8871,0.777,12.5,10.2,0.753,
sub-154,cc2mm_100-70-50-20,ok,238.6,0.91,0.859,0.891,44.7,53.6,0.845,
sub-104,cc2mm_100-70-50-20,ok,242.8,0.92,0.8192,0.825,43.7,48.6,0.835,
sub-054,cc2mm_100-70-50-20,ok,232.0,0.94,0.8733,0.814,15.1,14.3,0.774,
sub-164,cc2mm_100-70-50-20,ok,243.7,1.11,0.853,0.796,50.8,60.7,0.843,
sub-004,cc2mm_100-70-50-20,ok,251.2,0.94,0.8358,0.801,19.2,18.5,0.766,
sub-155,cc2mm_100-70-50-20,ok,235.7,0.91,0.865,0.894,43.2,48.0,0.84,
sub-105,cc2mm_100-70-50-20,ok,235.9,0.92,0.8083,0.729,68.8,78.2,0.867,
sub-165,cc2mm_100-70-50-20,ok,248.9,1.13,0.8654,0.787,18.7,19.3,0.808,
sub-055,cc2mm_100-70-50-20,ok,232.6,0.94,0.8236,0.708,21.7,25.2,0.756,
sub-156,cc2mm_100-70-50-20,ok,231.6,0.91,0.8583,0.83,34.2,39.9,0.818,
sub-005,cc2mm_100-70-50-20,ok,257.7,0.94,0.878,0.802,13.5,9.2,0.723,
sub-106,cc2mm_100-70-50-20,ok,236.5,0.92,0.8588,0.834,25.2,26.0,0.796,
sub-056,cc2mm_100-70-50-20,ok,234.7,0.94,0.8464,0.848,38.5,44.2,0.839,
sub-166,cc2mm_100-70-50-20,ok,244.9,1.0,0.8486,0.754,35.3,37.6,0.816,
sub-006,cc2mm_100-70-50-20,ok,248.9,0.94,0.8295,0.867,42.8,51.1,0.784,
sub-157,cc2mm_100-70-50-20,ok,282.3,0.91,0.8684,0.792,15.2,18.2,0.752,
sub-107,cc2mm_100-70-50-20,ok,246.8,0.92,0.8439,0.668,20.9,19.6,0.728,
sub-167,cc2mm_100-70-50-20,ok,249.4,1.0,0.8535,0.746,12.0,9.4,0.74,
sub-057,cc2mm_100-70-50-20,ok,243.7,0.95,0.8266,0.68,23.4,25.6,0.802,
sub-007,cc2mm_100-70-50-20,ok,227.8,0.94,0.8522,0.801,26.4,25.7,0.818,
sub-158,cc2mm_100-70-50-20,ok,231.6,0.91,0.859,0.807,13.8,14.6,0.801,
sub-108,cc2mm_100-70-50-20,ok,241.6,0.92,0.8634,0.858,29.3,31.3,0.848,
sub-168,cc2mm_100-70-50-20,ok,249.9,1.11,0.8722,0.815,20.7,22.0,0.808,
sub-058,cc2mm_100-70-50-20,ok,240.9,0.94,0.8489,0.809,27.3,29.2,0.811,
sub-008,cc2mm_100-70-50-20,ok,238.7,0.94,0.8564,0.871,35.3,41.0,0.824,
sub-159,cc2mm_100-70-50-20,ok,259.5,0.91,0.8167,0.821,51.5,60.3,0.837,
sub-109,cc2mm_100-70-50-20,ok,241.5,0.92,0.8202,0.838,49.3,58.9,0.845,
sub-169,cc2mm_100-70-50-20,ok,241.8,1.0,0.8281,0.79,35.5,40.1,0.83,
sub-059,cc2mm_100-70-50-20,ok,232.7,0.94,0.8397,0.747,29.3,33.4,0.821,
sub-009,cc2mm_100-70-50-20,ok,232.4,0.94,0.8015,0.802,18.7,16.7,0.715,
sub-110,cc2mm_100-70-50-20,ok,238.0,0.91,0.8518,0.783,27.6,27.4,0.797,
sub-060,cc2mm_100-70-50-20,ok,239.6,0.94,0.8328,0.808,50.6,57.1,0.839,
sub-010,cc2mm_100-70-50-20,ok,229.5,0.94,0.8485,0.824,27.7,31.0,0.8,
sub-111,cc2mm_100-70-50-20,ok,257.0,0.92,0.789,0.776,53.6,62.3,0.848,
sub-011,cc2mm_100-70-50-20,ok,246.4,0.94,0.842,0.8,43.2,54.4,0.818,
sub-061,cc2mm_100-70-50-20,ok,273.0,0.94,0.8404,0.752,17.3,16.9,0.738,
sub-112,cc2mm_100-70-50-20,ok,234.2,0.92,0.839,0.806,31.4,34.5,0.824,
sub-062,cc2mm_100-70-50-20,ok,247.3,0.94,0.8137,0.843,48.5,56.8,0.825,
sub-012,cc2mm_100-70-50-20,ok,226.4,0.94,0.8697,0.813,15.8,13.4,0.809,
sub-113,cc2mm_100-70-50-20,ok,226.9,0.92,0.8267,0.847,30.5,31.9,0.837,
sub-063,cc2mm_100-70-50-20,ok,239.0,0.94,0.8217,0.898,75.9,97.4,0.83,
sub-013,cc2mm_100-70-50-20,ok,231.8,0.94,0.847,0.833,33.9,35.6,0.841,
sub-064,cc2mm_100-70-50-20,ok,237.8,0.92,0.8417,0.833,32.8,38.0,0.802,
sub-114,cc2mm_100-70-50-20,ok,239.7,0.92,0.8307,0.762,21.2,17.1,0.718,
sub-014,cc2mm_100-70-50-20,ok,236.2,0.94,0.8612,0.765,15.7,13.0,0.79,
sub-065,cc2mm_100-70-50-20,ok,245.6,0.94,0.8286,0.76,37.4,41.5,0.8,
sub-015,cc2mm_100-70-50-20,ok,248.2,0.94,0.8278,0.704,39.4,48.5,0.807,
sub-115,cc2mm_100-70-50-20,ok,283.5,0.92,0.8472,0.819,22.6,21.2,0.852,
sub-116,cc2mm_100-70-50-20,ok,288.0,0.92,0.8653,0.685,15.9,13.2,0.687,
sub-066,cc2mm_100-70-50-20,ok,262.8,0.94,0.838,0.716,20.7,22.8,0.768,
sub-117,cc2mm_100-70-50-20,ok,255.2,0.92,0.8131,0.813,39.6,45.1,0.805,
sub-016,cc2mm_100-70-50-20,ok,285.1,0.94,0.845,0.744,23.3,22.3,0.753,
sub-067,cc2mm_100-70-50-20,ok,263.4,0.94,0.8143,0.754,25.4,25.3,0.823,
sub-017,cc2mm_100-70-50-20,ok,239.9,1.02,0.8348,0.745,32.9,38.5,0.823,
sub-118,cc2mm_100-70-50-20,ok,233.6,0.92,0.8282,0.828,54.0,62.2,0.85,
sub-068,cc2mm_100-70-50-20,ok,239.4,0.94,0.8198,0.728,22.2,25.0,0.802,
sub-018,cc2mm_100-70-50-20,ok,251.9,0.93,0.8384,0.763,16.4,13.7,0.794,
sub-119,cc2mm_100-70-50-20,ok,224.0,0.92,0.7967,0.686,37.3,39.6,0.842,
sub-069,cc2mm_100-70-50-20,ok,221.6,0.93,0.8291,0.84,43.5,55.2,0.8,
sub-019,cc2mm_100-70-50-20,ok,226.8,0.93,0.8175,0.814,28.7,33.0,0.794,
sub-120,cc2mm_100-70-50-20,ok,230.8,0.92,0.8448,0.796,28.1,29.1,0.823,
sub-070,cc2mm_100-70-50-20,ok,232.9,0.94,0.8491,0.82,42.0,48.5,0.83,
sub-020,cc2mm_100-70-50-20,ok,238.1,0.94,0.8334,0.798,31.2,34.3,0.738,
sub-121,cc2mm_100-70-50-20,ok,237.9,0.92,0.8306,0.84,57.4,64.3,0.851,
sub-071,cc2mm_100-70-50-20,ok,243.0,0.94,0.8276,0.725,39.2,42.2,0.812,
sub-122,cc2mm_100-70-50-20,ok,240.7,0.92,0.8244,0.796,36.0,35.4,0.84,
sub-072,cc2mm_100-70-50-20,ok,254.5,0.94,0.7883,0.716,38.4,44.4,0.779,
sub-022,cc2mm_100-70-50-20,ok,255.1,0.94,0.8266,0.779,57.5,72.6,0.818,
sub-123,cc2mm_100-70-50-20,ok,229.3,0.92,0.8461,0.853,31.1,33.9,0.82,
sub-073,cc2mm_100-70-50-20,ok,245.2,0.94,0.8589,0.78,20.1,21.0,0.805,
sub-023,cc2mm_100-70-50-20,ok,239.9,0.94,0.8318,0.776,37.3,49.1,0.781,
sub-124,cc2mm_100-70-50-20,ok,235.6,0.92,0.8425,0.841,25.7,24.7,0.809,
sub-074,cc2mm_100-70-50-20,ok,244.4,0.81,0.8545,0.834,36.6,43.5,0.813,
sub-024,cc2mm_100-70-50-20,ok,234.8,0.77,0.8351,0.861,59.2,68.6,0.852,
sub-125,cc2mm_100-70-50-20,ok,242.5,0.92,0.8496,0.814,19.7,22.6,0.801,
sub-075,cc2mm_100-70-50-20,ok,262.6,0.94,0.8675,0.833,21.1,23.3,0.804,
sub-025,cc2mm_100-70-50-20,ok,232.4,0.94,0.8229,0.635,39.0,47.2,0.791,
sub-126,cc2mm_100-70-50-20,ok,231.5,0.92,0.8022,0.662,42.0,43.7,0.799,
sub-076,cc2mm_100-70-50-20,ok,277.6,0.94,0.8738,0.745,10.6,7.7,0.654,
sub-026,cc2mm_100-70-50-20,ok,243.8,0.94,0.8252,0.808,65.1,71.8,0.856,
sub-127,cc2mm_100-70-50-20,ok,304.8,0.92,0.8235,0.843,35.3,35.5,0.844,
sub-077,cc2mm_100-70-50-20,ok,349.6,0.94,0.8455,0.739,17.8,17.8,0.761,
sub-027,cc2mm_100-70-50-20,ok,312.5,0.94,0.8552,0.764,22.9,25.0,0.815,
sub-128,cc2mm_100-70-50-20,ok,347.6,0.92,0.8036,0.747,33.1,30.7,0.777,
sub-078,cc2mm_100-70-50-20,ok,433.8,0.94,0.8684,0.781,15.9,14.7,0.766,
sub-028,cc2mm_100-70-50-20,ok,362.8,0.95,0.8275,0.846,61.1,74.3,0.84,
sub-129,cc2mm_100-70-50-20,ok,368.7,0.92,0.8257,0.869,54.3,58.6,0.836,
sub-079,cc2mm_100-70-50-20,ok,349.3,0.95,0.8314,0.748,26.9,33.3,0.802,
sub-029,cc2mm_100-70-50-20,ok,434.8,0.94,0.8135,0.753,72.2,88.7,0.826,
sub-130,cc2mm_100-70-50-20,ok,518.4,0.93,0.8678,0.781,16.1,13.5,0.775,
sub-080,cc2mm_100-70-50-20,ok,494.6,0.95,0.833,0.789,30.0,34.2,0.812,
sub-030,cc2mm_100-70-50-20,ok,488.7,0.94,0.8098,0.732,46.5,55.6,0.833,
sub-131,cc2mm_100-70-50-20,ok,426.5,0.92,0.8545,0.794,17.4,15.1,0.795,
sub-081,cc2mm_100-70-50-20,ok,468.1,0.94,0.7989,0.81,62.5,74.2,0.845,
sub-031,cc2mm_100-70-50-20,ok,486.5,0.94,0.8264,0.778,30.9,30.5,0.802,
sub-132,cc2mm_100-70-50-20,ok,521.9,0.92,0.7946,0.824,76.1,86.6,0.843,
sub-082,cc2mm_100-70-50-20,ok,462.0,0.95,0.8488,0.769,19.2,21.8,0.751,
sub-032,cc2mm_100-70-50-20,ok,460.6,0.94,0.8311,0.743,27.4,29.9,0.808,
sub-133,cc2mm_100-70-50-20,ok,441.4,0.92,0.83,0.862,38.2,42.1,0.83,
sub-083,cc2mm_100-70-50-20,ok,430.6,0.94,0.8372,0.766,33.5,39.4,0.797,
sub-033,cc2mm_100-70-50-20,ok,304.3,0.94,0.8429,0.878,40.0,46.0,0.833,
sub-134,cc2mm_100-70-50-20,ok,256.2,0.92,0.8093,0.836,65.8,74.8,0.849,
sub-084,cc2mm_100-70-50-20,ok,282.5,0.94,0.8514,0.87,39.9,38.7,0.872,
sub-034,cc2mm_100-70-50-20,ok,261.8,0.94,0.8518,0.819,25.0,27.4,0.823,
sub-135,cc2mm_100-70-50-20,ok,266.6,0.92,0.814,0.7,32.6,31.0,0.79,
sub-085,cc2mm_100-70-50-20,ok,255.0,0.94,0.8328,0.822,34.8,39.0,0.831,
sub-035,cc2mm_100-70-50-20,ok,262.4,0.94,0.855,0.86,30.7,32.2,0.842,
sub-136,cc2mm_100-70-50-20,ok,301.0,0.92,0.8437,0.813,21.8,21.4,0.763,
sub-086,cc2mm_100-70-50-20,ok,269.0,0.94,0.8371,0.823,28.7,32.3,0.821,
sub-036,cc2mm_100-70-50-20,ok,252.2,0.94,0.8589,0.832,25.0,24.8,0.867,
sub-137,cc2mm_100-70-50-20,ok,289.7,0.92,0.8623,0.807,20.6,19.8,0.818,
sub-087,cc2mm_100-70-50-20,ok,249.3,0.94,0.8452,0.766,40.1,44.7,0.834,
sub-037,cc2mm_100-70-50-20,ok,257.0,0.94,0.8317,0.72,25.0,23.7,0.793,
sub-138,cc2mm_100-70-50-20,ok,300.2,0.92,0.856,0.819,20.3,19.6,0.794,
sub-088,cc2mm_100-70-50-20,ok,266.8,0.94,0.8489,0.798,22.7,24.8,0.831,
sub-038,cc2mm_100-70-50-20,ok,257.0,0.94,0.8296,0.767,18.1,15.7,0.653,
sub-139,cc2mm_100-70-50-20,ok,275.6,0.92,0.8651,0.765,17.5,16.0,0.783,
sub-089,cc2mm_100-70-50-20,ok,262.2,0.94,0.865,0.8,27.0,27.7,0.792,
sub-039,cc2mm_100-70-50-20,ok,261.9,0.94,0.8219,0.716,42.3,42.8,0.792,
sub-140,cc2mm_100-70-50-20,ok,265.5,0.92,0.8315,0.856,38.7,39.8,0.851,
sub-090,cc2mm_100-70-50-20,ok,280.5,0.94,0.8447,0.746,18.3,18.4,0.806,
sub-040,cc2mm_100-70-50-20,ok,267.5,0.94,0.8067,0.737,35.0,39.8,0.789,
sub-141,cc2mm_100-70-50-20,ok,281.2,0.92,0.8384,0.772,21.7,20.6,0.796,
sub-091,cc2mm_100-70-50-20,ok,283.9,0.94,0.8142,0.736,21.2,23.7,0.784,
sub-041,cc2mm_100-70-50-20,ok,263.6,0.93,0.8397,0.705,28.5,24.7,0.714,
sub-142,cc2mm_100-70-50-20,ok,264.5,0.92,0.8064,0.855,116.5,153.0,0.826,
sub-092,cc2mm_100-70-50-20,ok,265.8,0.78,0.8311,0.737,45.5,48.7,0.837,
sub-042,cc2mm_100-70-50-20,ok,268.9,0.95,0.8343,0.578,39.3,45.8,0.824,
sub-143,cc2mm_100-70-50-20,ok,281.5,0.92,0.8094,0.798,53.4,58.0,0.861,
sub-093,cc2mm_100-70-50-20,ok,270.0,0.94,0.8323,0.818,40.5,44.6,0.821,
sub-043,cc2mm_100-70-50-20,ok,269.4,0.94,0.8449,0.812,36.0,38.9,0.834,
sub-144,cc2mm_100-70-50-20,ok,301.6,0.92,0.857,0.814,17.8,17.2,0.824,
sub-094,cc2mm_100-70-50-20,ok,265.4,0.94,0.8124,0.885,76.6,94.8,0.851,
sub-044,cc2mm_100-70-50-20,ok,261.5,0.94,0.8496,0.818,33.1,42.6,0.792,
sub-145,cc2mm_100-70-50-20,ok,258.8,0.92,0.8472,0.783,20.5,18.9,0.77,
sub-095,cc2mm_100-70-50-20,ok,265.6,0.94,0.8264,0.789,33.8,38.1,0.816,
sub-045,cc2mm_100-70-50-20,ok,255.3,0.94,0.8485,0.763,19.5,21.2,0.754,
sub-146,cc2mm_100-70-50-20,ok,257.5,0.92,0.826,0.879,63.4,77.0,0.837,
sub-096,cc2mm_100-70-50-20,ok,260.5,0.94,0.8411,0.647,12.8,8.6,0.706,
sub-046,cc2mm_100-70-50-20,ok,265.5,0.95,0.8231,0.863,70.1,78.7,0.863,
sub-147,cc2mm_100-70-50-20,ok,254.0,0.92,0.8489,0.783,24.1,23.5,0.81,
sub-097,cc2mm_100-70-50-20,ok,256.8,0.95,0.8289,0.729,35.2,43.5,0.795,
sub-047,cc2mm_100-70-50-20,ok,260.6,0.94,0.8456,0.898,83.7,96.6,0.868,
sub-148,cc2mm_100-70-50-20,ok,264.1,0.92,0.8401,0.763,34.0,34.3,0.821,
sub-098,cc2mm_100-70-50-20,ok,265.5,0.94,0.8554,0.743,18.3,20.9,0.777,
sub-048,cc2mm_100-70-50-20,ok,262.8,0.94,0.8269,0.728,48.1,55.1,0.849,
sub-149,cc2mm_100-70-50-20,ok,296.7,0.92,0.8281,0.721,17.9,13.6,0.751,
sub-099,cc2mm_100-70-50-20,ok,242.5,0.94,0.8414,0.828,42.3,47.6,0.842,
sub-049,cc2mm_100-70-50-20,ok,229.6,0.94,0.858,0.546,8.7,3.2,0.412,
