z_threshold,min_depth_mm,min_size_mm3,dice_all,dice_amsterdam_ge_3t,dice_singapore_siemens_3t,dice_utrecht_philips_3t
1.0,0,0,0.2017,0.1292,0.2641,0.2116
1.0,0,10,0.2093,0.1337,0.2773,0.2169
1.0,0,20,0.2134,0.137,0.2828,0.2203
1.0,0,40,0.2179,0.1404,0.2896,0.2237
1.0,0,80,0.2225,0.1438,0.2961,0.2275
1.0,0,160,0.2276,0.1471,0.3039,0.2318
1.0,2,0,0.2066,0.1306,0.267,0.2222
1.0,2,10,0.2146,0.1352,0.2804,0.2283
1.0,2,20,0.219,0.1387,0.286,0.2323
1.0,2,40,0.2238,0.1422,0.293,0.2363
1.0,2,80,0.2286,0.1458,0.2996,0.2406
1.0,2,160,0.2338,0.1492,0.3074,0.2449
1.0,4,0,0.2275,0.1455,0.293,0.2441
1.0,4,10,0.2367,0.1509,0.3085,0.2507
1.0,4,20,0.2417,0.1549,0.3152,0.2551
1.0,4,40,0.2473,0.1591,0.3234,0.2595
1.0,4,80,0.253,0.1637,0.3311,0.264
1.0,4,160,0.2589,0.1677,0.3403,0.2687
1.0,6,0,0.2487,0.1589,0.3265,0.2607
1.0,6,10,0.2582,0.1642,0.3432,0.2671
1.0,6,20,0.2633,0.1682,0.3503,0.2714
1.0,6,40,0.269,0.1723,0.3591,0.2756
1.0,6,80,0.2744,0.1766,0.3669,0.2796
1.0,6,160,0.28,0.1806,0.3761,0.2834
1.0,8,0,0.2651,0.1696,0.3507,0.2748
1.0,8,10,0.2742,0.1747,0.3671,0.2808
1.0,8,20,0.279,0.1783,0.3739,0.2847
1.0,8,40,0.2841,0.1821,0.3816,0.2884
1.0,8,80,0.2887,0.1858,0.389,0.2914
1.0,8,160,0.2933,0.189,0.3963,0.2947
1.0,10,0,0.2809,0.181,0.3725,0.2892
1.0,10,10,0.2893,0.1857,0.3877,0.2946
1.0,10,20,0.2935,0.189,0.3937,0.2979
1.0,10,40,0.2979,0.1924,0.4004,0.3008
1.0,10,80,0.3018,0.1954,0.4065,0.3034
1.0,10,160,0.3052,0.198,0.4116,0.3059
1.0,12,0,0.2945,0.1916,0.3896,0.3023
1.0,12,10,0.3022,0.196,0.4035,0.3072
1.0,12,20,0.306,0.1991,0.4087,0.3102
1.0,12,40,0.3097,0.2018,0.4147,0.3127
1.0,12,80,0.3127,0.2043,0.4194,0.3144
1.0,12,160,0.3154,0.2064,0.4234,0.3165
1.0,14,0,0.3086,0.2015,0.4079,0.3166
1.0,14,10,0.3155,0.2055,0.4201,0.321
1.0,14,20,0.3188,0.2081,0.4246,0.3236
1.0,14,40,0.3217,0.2105,0.4291,0.3256
1.0,14,80,0.324,0.2122,0.4327,0.327
1.0,14,160,0.3263,0.2138,0.4366,0.3285
1.0,16,0,0.3212,0.2113,0.4226,0.3296
1.0,16,10,0.3274,0.215,0.4335,0.3336
1.0,16,20,0.3303,0.2175,0.4374,0.336
1.0,16,40,0.333,0.2195,0.4414,0.3379
1.0,16,80,0.3351,0.2207,0.4453,0.3392
1.0,16,160,0.337,0.2223,0.4484,0.3404
1.1,0,0,0.2343,0.1547,0.3082,0.24
1.1,0,10,0.2451,0.1616,0.3265,0.2472
1.1,0,20,0.251,0.1669,0.3339,0.2521
1.1,0,40,0.2577,0.1729,0.3435,0.2566
1.1,0,80,0.2641,0.1779,0.3524,0.262
1.1,0,160,0.2717,0.1835,0.3638,0.2678
1.1,2,0,0.2399,0.1564,0.3116,0.2518
1.1,2,10,0.2513,0.1636,0.3303,0.2599
1.1,2,20,0.2575,0.169,0.3379,0.2655
1.1,2,40,0.2645,0.1752,0.3476,0.2706
1.1,2,80,0.271,0.1802,0.3566,0.2763
1.1,2,160,0.2784,0.1858,0.3677,0.2817
1.1,4,0,0.2627,0.173,0.3403,0.2748
1.1,4,10,0.2751,0.1809,0.3612,0.2833
1.1,4,20,0.2818,0.187,0.3695,0.2889
1.1,4,40,0.2894,0.1936,0.3803,0.2944
1.1,4,80,0.2963,0.1989,0.3902,0.2997
1.1,4,160,0.304,0.2043,0.4026,0.3051
1.1,6,0,0.284,0.1868,0.3741,0.2912
1.1,6,10,0.2964,0.1944,0.3955,0.2993
1.1,6,20,0.3029,0.2001,0.4039,0.3047
1.1,6,40,0.3101,0.2063,0.4144,0.3095
1.1,6,80,0.3161,0.2109,0.4236,0.3138
1.1,6,160,0.3228,0.2159,0.4338,0.3187
1.1,8,0,0.3,0.1978,0.3976,0.3046
1.1,8,10,0.3116,0.2049,0.4179,0.3121
1.1,8,20,0.3174,0.21,0.4254,0.3169
1.1,8,40,0.3238,0.2155,0.435,0.321
1.1,8,80,0.3287,0.2194,0.4424,0.3244
1.1,8,160,0.3339,0.2234,0.4496,0.3288
1.1,10,0,0.3152,0.2093,0.4181,0.3182
1.1,10,10,0.3258,0.2159,0.4365,0.3249
1.1,10,20,0.3309,0.2206,0.4431,0.3289
1.1,10,40,0.3361,0.2254,0.4508,0.3321
1.1,10,80,0.34,0.2283,0.4569,0.3348
1.1,10,160,0.3444,0.2317,0.4632,0.3382
1.1,12,0,0.3281,0.2202,0.4339,0.3303
1.1,12,10,0.3377,0.2262,0.4504,0.3364
1.1,12,20,0.3422,0.2304,0.4562,0.3399
1.1,12,40,0.3467,0.2346,0.463,0.3424
1.1,12,80,0.3498,0.2368,0.4681,0.3446
1.1,12,160,0.3534,0.2393,0.4733,0.3476
1.1,14,0,0.3415,0.2302,0.4505,0.3437
1.1,14,10,0.35,0.2357,0.465,0.3491
1.1,14,20,0.3539,0.2395,0.4698,0.3522
1.1,14,40,0.3576,0.243,0.4754,0.3544
1.1,14,80,0.36,0.2445,0.4795,0.3561
1.1,14,160,0.3633,0.2468,0.4845,0.3585
1.1,16,0,0.3533,0.2402,0.4636,0.356
1.1,16,10,0.361,0.2454,0.4766,0.3609
1.1,16,20,0.3645,0.2488,0.481,0.3638
1.1,16,40,0.3678,0.2518,0.4859,0.3658
1.1,16,80,0.3704,0.2532,0.4903,0.3675
1.1,16,160,0.3731,0.255,0.4946,0.3697
1.2,0,0,0.2689,0.1844,0.3523,0.2701
1.2,0,10,0.2831,0.1944,0.3752,0.2798
1.2,0,20,0.291,0.2026,0.3846,0.2858
1.2,0,40,0.2992,0.2106,0.3958,0.2913
1.2,0,80,0.3079,0.2179,0.4077,0.298
1.2,0,160,0.317,0.2253,0.4209,0.3047
1.2,2,0,0.2752,0.1864,0.3562,0.283
1.2,2,10,0.29,0.1968,0.3796,0.2937
1.2,2,20,0.2981,0.2051,0.3891,0.3002
1.2,2,40,0.3066,0.2132,0.4004,0.3063
1.2,2,80,0.3154,0.2205,0.4124,0.3133
1.2,2,160,0.324,0.2273,0.4251,0.3196
1.2,4,0,0.2992,0.2043,0.3865,0.3068
1.2,4,10,0.3148,0.2153,0.4117,0.3174
1.2,4,20,0.3231,0.2236,0.4217,0.3241
1.2,4,40,0.3318,0.2316,0.4336,0.33
1.2,4,80,0.34,0.2381,0.4456,0.3362
1.2,4,160,0.348,0.2446,0.4575,0.3421
1.2,6,0,0.3201,0.2183,0.4194,0.3226
1.2,6,10,0.3351,0.2284,0.4441,0.3327
1.2,6,20,0.3428,0.2361,0.4536,0.3388
1.2,6,40,0.3507,0.2434,0.4647,0.3439
1.2,6,80,0.3577,0.249,0.4748,0.3494
1.2,6,160,0.3636,0.2541,0.4827,0.354
1.2,8,0,0.3353,0.2293,0.4415,0.3351
1.2,8,10,0.349,0.2386,0.4641,0.3442
1.2,8,20,0.3559,0.2454,0.4727,0.3496
1.2,8,40,0.3626,0.2516,0.4824,0.3538
1.2,8,80,0.3683,0.2565,0.4902,0.3581
1.2,8,160,0.3729,0.2606,0.496,0.3619
1.2,10,0,0.3496,0.2409,0.4603,0.3475
1.2,10,10,0.3619,0.2495,0.4806,0.3555
1.2,10,20,0.3678,0.2556,0.4881,0.3599
1.2,10,40,0.3735,0.2611,0.4958,0.3636
1.2,10,80,0.3779,0.2649,0.5021,0.3667
1.2,10,160,0.3814,0.2679,0.5064,0.3698
1.2,12,0,0.3617,0.2518,0.4745,0.3587
1.2,12,10,0.3727,0.2597,0.4926,0.3658
1.2,12,20,0.378,0.2653,0.4991,0.3696
1.2,12,40,0.3827,0.27,0.506,0.3722
1.2,12,80,0.3864,0.2728,0.5111,0.3753
1.2,12,160,0.3892,0.2752,0.5146,0.3777
1.2,14,0,0.3741,0.2618,0.4892,0.3712
1.2,14,10,0.3839,0.269,0.5052,0.3776
1.2,14,20,0.3885,0.2739,0.5108,0.3809
1.2,14,40,0.3926,0.278,0.5165,0.3834
1.2,14,80,0.3956,0.2802,0.5209,0.3858
1.2,14,160,0.3983,0.2826,0.5249,0.3874
1.2,16,0,0.385,0.2719,0.5005,0.3826
1.2,16,10,0.394,0.2786,0.5149,0.3884
1.2,16,20,0.3982,0.2832,0.52,0.3916
1.2,16,40,0.402,0.2869,0.5252,0.394
1.2,16,80,0.4051,0.2889,0.5299,0.3963
1.2,16,160,0.4079,0.2913,0.534,0.3984
1.3,0,0,0.304,0.2174,0.3931,0.3014
1.3,0,10,0.3212,0.2313,0.4192,0.3132
1.3,0,20,0.3308,0.2424,0.4299,0.3201
1.3,0,40,0.3411,0.2534,0.4431,0.3268
1.3,0,80,0.3497,0.2608,0.4541,0.3342
1.3,0,160,0.3604,0.2695,0.4694,0.3423
1.3,2,0,0.3108,0.2198,0.3975,0.3152
1.3,2,10,0.3287,0.2341,0.4242,0.3279
1.3,2,20,0.3385,0.2454,0.4349,0.3352
1.3,2,40,0.3488,0.2562,0.4481,0.3421
1.3,2,80,0.3573,0.2635,0.459,0.3496
1.3,2,160,0.3677,0.2718,0.4741,0.3571
1.3,4,0,0.3354,0.2385,0.4283,0.3392
1.3,4,10,0.3534,0.2528,0.4559,0.3515
1.3,4,20,0.363,0.2633,0.467,0.3587
1.3,4,40,0.3729,0.2732,0.4802,0.3652
1.3,4,80,0.3806,0.2795,0.4906,0.3717
1.3,4,160,0.3888,0.2861,0.5027,0.3777
1.3,6,0,0.3554,0.2524,0.4593,0.3543
1.3,6,10,0.3723,0.2654,0.4856,0.3657
1.3,6,20,0.3808,0.2749,0.4955,0.3721
1.3,6,40,0.3895,0.2836,0.5072,0.3778
1.3,6,80,0.3961,0.2896,0.5158,0.383
1.3,6,160,0.4021,0.2943,0.5237,0.3882
1.3,8,0,0.3695,0.2632,0.4796,0.3657
1.3,8,10,0.3849,0.2752,0.5034,0.376
1.3,8,20,0.3925,0.2835,0.5124,0.3815
1.3,8,40,0.3999,0.2914,0.5222,0.3861
1.3,8,80,0.4049,0.2956,0.5287,0.3905
1.3,8,160,0.4097,0.3002,0.5346,0.3944
1.3,10,0,0.3827,0.2747,0.4964,0.3769
1.3,10,10,0.3963,0.2856,0.5176,0.3858
1.3,10,20,0.4029,0.2933,0.5251,0.3905
1.3,10,40,0.4093,0.3,0.5337,0.3943
1.3,10,80,0.4131,0.3034,0.5385,0.3973
1.3,10,160,0.417,0.3068,0.5435,0.4006
1.3,12,0,0.3938,0.2856,0.5088,0.3869
1.3,12,10,0.406,0.2957,0.5276,0.3948
1.3,12,20,0.4119,0.3026,0.5342,0.3988
1.3,12,40,0.4174,0.3085,0.5418,0.4017
1.3,12,80,0.4204,0.3111,0.5457,0.4046
1.3,12,160,0.4241,0.3142,0.5508,0.4073
1.3,14,0,0.4051,0.2953,0.5217,0.3983
1.3,14,10,0.4161,0.3046,0.5381,0.4055
1.3,14,20,0.4212,0.3108,0.5439,0.4089
1.3,14,40,0.426,0.3159,0.5503,0.4118
1.3,14,80,0.4289,0.3189,0.5539,0.414
1.3,14,160,0.4325,0.3213,0.5595,0.4165
1.3,16,0,0.4151,0.3053,0.5311,0.4089
1.3,16,10,0.4251,0.3139,0.546,0.4154
1.3,16,20,0.4299,0.3198,0.5511,0.4187
1.3,16,40,0.4346,0.3247,0.5575,0.4216
1.3,16,80,0.4372,0.3271,0.5609,0.4237
1.3,16,160,0.4411,0.3298,0.5666,0.4268
1.4,0,0,0.3384,0.2533,0.4288,0.3331
1.4,0,10,0.3584,0.2711,0.4573,0.3467
1.4,0,20,0.3693,0.285,0.4683,0.3546
1.4,0,40,0.3802,0.2978,0.4809,0.3619
1.4,0,80,0.3895,0.3056,0.4933,0.3698
1.4,0,160,0.4,0.3129,0.5088,0.3784
1.4,2,0,0.3457,0.256,0.4336,0.3476
1.4,2,10,0.3663,0.2742,0.4626,0.3619
1.4,2,20,0.3773,0.2882,0.4737,0.3701
1.4,2,40,0.3882,0.3007,0.4861,0.3777
1.4,2,80,0.3974,0.3081,0.4986,0.3854
1.4,2,160,0.4069,0.315,0.5131,0.3926
1.4,4,0,0.3702,0.2751,0.4639,0.3714
1.4,4,10,0.3903,0.2925,0.4933,0.3851
1.4,4,20,0.4006,0.3051,0.504,0.3927
1.4,4,40,0.4103,0.3157,0.5158,0.3994
1.4,4,80,0.4182,0.3222,0.5265,0.406
1.4,4,160,0.4254,0.3274,0.538,0.4109
1.4,6,0,0.3889,0.2886,0.4926,0.3855
1.4,6,10,0.4074,0.3043,0.5198,0.3982
1.4,6,20,0.4166,0.3158,0.5295,0.4046
1.4,6,40,0.425,0.3251,0.5398,0.4102
1.4,6,80,0.4314,0.3304,0.5482,0.4157
1.4,6,160,0.4371,0.3344,0.5569,0.4201
1.4,8,0,0.4018,0.2989,0.5107,0.3958
1.4,8,10,0.4184,0.3133,0.535,0.407
1.4,8,20,0.4266,0.3236,0.5438,0.4126
1.4,8,40,0.4336,0.3316,0.552,0.4173
1.4,8,80,0.4388,0.3362,0.5584,0.4217
1.4,8,160,0.4432,0.3395,0.5653,0.4249
1.4,10,0,0.4137,0.31,0.5256,0.4056
1.4,10,10,0.4286,0.3231,0.5472,0.4154
1.4,10,20,0.4357,0.3327,0.5545,0.42
1.4,10,40,0.4417,0.3398,0.5615,0.4238
1.4,10,80,0.4459,0.3437,0.5669,0.427
1.4,10,160,0.4496,0.346,0.5732,0.4298
1.4,12,0,0.4238,0.3205,0.5365,0.4144
1.4,12,10,0.4372,0.3327,0.5557,0.4231
1.4,12,20,0.4436,0.3415,0.5622,0.4271
1.4,12,40,0.4488,0.3481,0.5681,0.4301
1.4,12,80,0.4523,0.351,0.5728,0.4331
1.4,12,160,0.4559,0.3531,0.5791,0.4356
1.4,14,0,0.4341,0.3301,0.5476,0.4247
1.4,14,10,0.4462,0.3414,0.5647,0.4326
1.4,14,20,0.4519,0.3492,0.5704,0.4361
1.4,14,40,0.4565,0.355,0.5756,0.439
1.4,14,80,0.4598,0.3582,0.5797,0.4415
1.4,14,160,0.4633,0.3594,0.5864,0.4441
1.4,16,0,0.4431,0.3397,0.5553,0.4342
1.4,16,10,0.4542,0.3503,0.5709,0.4415
1.4,16,20,0.4596,0.3578,0.5761,0.4451
1.4,16,40,0.4643,0.3637,0.5813,0.4479
1.4,16,80,0.4669,0.3656,0.5849,0.4504
1.4,16,160,0.4709,0.369,0.5911,0.4527
1.5,0,0,0.3716,0.2915,0.4587,0.3645
1.5,0,10,0.3937,0.3136,0.4877,0.3798
1.5,0,20,0.4057,0.3298,0.4992,0.3882
1.5,0,40,0.4167,0.3428,0.5114,0.396
1.5,0,80,0.4263,0.3522,0.5232,0.4036
1.5,0,160,0.4358,0.3582,0.5369,0.4124
1.5,2,0,0.3792,0.2945,0.4638,0.3793
1.5,2,10,0.4018,0.3169,0.4934,0.3952
1.5,2,20,0.4137,0.3329,0.5046,0.4036
1.5,2,40,0.4247,0.3456,0.5168,0.4116
1.5,2,80,0.4338,0.3546,0.5282,0.4187
1.5,2,160,0.4422,0.36,0.5412,0.4254
1.5,4,0,0.403,0.3133,0.493,0.4028
1.5,4,10,0.4245,0.334,0.5219,0.4177
1.5,4,20,0.4353,0.348,0.5325,0.4253
1.5,4,40,0.4446,0.3586,0.5435,0.4318
1.5,4,80,0.4524,0.3664,0.5531,0.4378
1.5,4,160,0.4582,0.3692,0.5634,0.4422
1.5,6,0,0.4204,0.3261,0.5193,0.4158
1.5,6,10,0.4401,0.3447,0.546,0.4294
1.5,6,20,0.4495,0.3575,0.5554,0.4358
1.5,6,40,0.4575,0.3665,0.5646,0.4413
1.5,6,80,0.4638,0.3728,0.5723,0.4463
1.5,6,160,0.4676,0.3748,0.5786,0.4495
1.5,8,0,0.432,0.3358,0.5355,0.4249
1.5,8,10,0.4497,0.353,0.5592,0.437
1.5,8,20,0.4581,0.3645,0.5673,0.4425
1.5,8,40,0.4648,0.3727,0.5745,0.4472
1.5,8,80,0.4698,0.3785,0.5804,0.4505
1.5,8,160,0.4729,0.3797,0.5858,0.4531
1.5,10,0,0.4428,0.3466,0.5484,0.4335
1.5,10,10,0.4587,0.3625,0.5694,0.4441
1.5,10,20,0.4661,0.3732,0.5764,0.4487
1.5,10,40,0.4721,0.3806,0.5829,0.4527
1.5,10,80,0.4763,0.386,0.5876,0.4552
1.5,10,160,0.4785,0.386,0.5929,0.4566
1.5,12,0,0.4519,0.3568,0.5577,0.4412
1.5,12,10,0.4663,0.3716,0.5766,0.4507
1.5,12,20,0.473,0.3815,0.5827,0.4546
1.5,12,40,0.4783,0.3886,0.5884,0.4578
1.5,12,80,0.4818,0.3927,0.5924,0.4603
1.5,12,160,0.4841,0.3929,0.5978,0.4616
1.5,14,0,0.4611,0.3659,0.5671,0.4503
1.5,14,10,0.4742,0.3798,0.5839,0.459
1.5,14,20,0.4804,0.389,0.5895,0.4626
1.5,14,40,0.4851,0.3954,0.5945,0.4654
1.5,14,80,0.4886,0.399,0.5987,0.4682
1.5,14,160,0.4911,0.3999,0.6038,0.4697
1.5,16,0,0.4689,0.375,0.5732,0.4585
1.5,16,10,0.4811,0.3881,0.5886,0.4667
1.5,16,20,0.4869,0.3968,0.5937,0.4703
1.5,16,40,0.4917,0.4032,0.5989,0.473
1.5,16,80,0.4946,0.406,0.6022,0.4755
1.5,16,160,0.4975,0.4079,0.6069,0.4776
1.6,0,0,0.4022,0.3311,0.4808,0.3948
1.6,0,10,0.4258,0.3569,0.5091,0.4114
1.6,0,20,0.4381,0.3751,0.5194,0.42
1.6,0,40,0.4495,0.3886,0.5321,0.4278
1.6,0,80,0.4588,0.398,0.542,0.4365
1.6,0,160,0.4683,0.4045,0.5565,0.444
1.6,2,0,0.4101,0.3342,0.4861,0.4098
1.6,2,10,0.4339,0.3603,0.5148,0.4267
1.6,2,20,0.4461,0.3783,0.5248,0.4352
1.6,2,40,0.4572,0.3914,0.5375,0.4427
1.6,2,80,0.4656,0.3997,0.5469,0.4502
1.6,2,160,0.474,0.4058,0.5602,0.4561
1.6,4,0,0.4328,0.3524,0.5135,0.4324
1.6,4,10,0.455,0.3762,0.541,0.4479
1.6,4,20,0.4658,0.3917,0.5503,0.4553
1.6,4,40,0.4753,0.403,0.5611,0.4618
1.6,4,80,0.4821,0.4094,0.5691,0.4677
1.6,4,160,0.4875,0.4129,0.579,0.4706
1.6,6,0,0.4489,0.3645,0.5378,0.4443
1.6,6,10,0.4691,0.3861,0.563,0.4584
1.6,6,20,0.4785,0.4,0.5711,0.4645
1.6,6,40,0.4867,0.4096,0.5803,0.4702
1.6,6,80,0.4917,0.4154,0.5851,0.4745
1.6,6,160,0.4955,0.4178,0.5923,0.4763
1.6,8,0,0.4593,0.3736,0.5519,0.4523
1.6,8,10,0.4775,0.3936,0.5741,0.4648
1.6,8,20,0.4859,0.4066,0.5811,0.4702
1.6,8,40,0.4927,0.4152,0.5882,0.4747
1.6,8,80,0.4968,0.4207,0.5921,0.4777
1.6,8,160,0.4996,0.4216,0.5981,0.4791
1.6,10,0,0.4689,0.3839,0.563,0.4597
1.6,10,10,0.4853,0.4026,0.5827,0.4707
1.6,10,20,0.4928,0.4145,0.5887,0.4752
1.6,10,40,0.4988,0.4227,0.595,0.4788
1.6,10,80,0.5023,0.4275,0.5984,0.4811
1.6,10,160,0.5047,0.4279,0.6041,0.482
1.6,12,0,0.4769,0.3936,0.5709,0.4662
1.6,12,10,0.4919,0.4112,0.5885,0.4761
1.6,12,20,0.4987,0.4223,0.5939,0.48
1.6,12,40,0.5042,0.4299,0.5998,0.483
1.6,12,80,0.5072,0.4334,0.6028,0.4853
1.6,12,160,0.5096,0.4338,0.6083,0.4867
1.6,14,0,0.4851,0.4021,0.5788,0.4742
1.6,14,10,0.4989,0.4185,0.5946,0.4834
1.6,14,20,0.5051,0.4286,0.5996,0.4871
1.6,14,40,0.51,0.4355,0.6048,0.4898
1.6,14,80,0.5134,0.4396,0.608,0.4924
1.6,14,160,0.5156,0.4397,0.6136,0.4936
1.6,16,0,0.4916,0.4103,0.5834,0.4812
1.6,16,10,0.5045,0.4258,0.5978,0.4899
1.6,16,20,0.5104,0.4355,0.6024,0.4933
1.6,16,40,0.5153,0.4423,0.6073,0.4962
1.6,16,80,0.5181,0.4454,0.6103,0.4986
1.6,16,160,0.5216,0.4489,0.6153,0.5006
1.7,0,0,0.4302,0.3717,0.4955,0.4234
1.7,0,10,0.4548,0.4013,0.5225,0.4406
1.7,0,20,0.4672,0.4207,0.5314,0.4494
1.7,0,40,0.478,0.4344,0.5418,0.4578
1.7,0,80,0.4879,0.4456,0.5524,0.4656
1.7,0,160,0.4955,0.4475,0.5656,0.4732
1.7,2,0,0.438,0.3749,0.5009,0.4383
1.7,2,10,0.4628,0.4046,0.5281,0.4555
1.7,2,20,0.4749,0.4236,0.537,0.4642
1.7,2,40,0.4851,0.4365,0.5468,0.4719
1.7,2,80,0.494,0.4469,0.5572,0.4779
1.7,2,160,0.5008,0.4483,0.569,0.4851
1.7,4,0,0.4596,0.3922,0.5265,0.46
1.7,4,10,0.4822,0.4191,0.552,0.4756
1.7,4,20,0.4928,0.4356,0.5598,0.4831
1.7,4,40,0.5016,0.446,0.569,0.4898
1.7,4,80,0.5084,0.4544,0.5772,0.4938
1.7,4,160,0.5117,0.4535,0.5845,0.497
1.7,6,0,0.4742,0.4035,0.5484,0.4707
1.7,6,10,0.4948,0.4281,0.5717,0.4848
1.7,6,20,0.5042,0.4431,0.5784,0.4912
1.7,6,40,0.5116,0.4524,0.5857,0.4967
1.7,6,80,0.5166,0.4603,0.5904,0.4991
1.7,6,160,0.5183,0.458,0.5948,0.5019
1.7,8,0,0.4834,0.412,0.5607,0.4776
1.7,8,10,0.5022,0.4351,0.5814,0.4902
1.7,8,20,0.5105,0.449,0.5869,0.4957
1.7,8,40,0.5166,0.4572,0.5927,0.4998
1.7,8,80,0.5211,0.4647,0.5969,0.5018
1.7,8,160,0.5217,0.4615,0.6003,0.5033
1.7,10,0,0.492,0.4218,0.5703,0.4838
1.7,10,10,0.5091,0.4436,0.589,0.4949
1.7,10,20,0.5165,0.4565,0.5934,0.4996
1.7,10,40,0.5219,0.4641,0.5987,0.503
1.7,10,80,0.5259,0.471,0.6021,0.5046
1.7,10,160,0.5261,0.467,0.6057,0.5056
1.7,12,0,0.4991,0.431,0.577,0.4894
1.7,12,10,0.5149,0.4514,0.5938,0.4995
1.7,12,20,0.5216,0.4635,0.598,0.5034
1.7,12,40,0.5267,0.4707,0.6028,0.5067
1.7,12,80,0.5303,0.4768,0.6061,0.5081
1.7,12,160,0.5308,0.473,0.6101,0.5094
1.7,14,0,0.5063,0.4387,0.5837,0.4964
1.7,14,10,0.5208,0.4578,0.5988,0.5058
1.7,14,20,0.5271,0.4692,0.6028,0.5095
1.7,14,40,0.5317,0.4753,0.607,0.5128
1.7,14,80,0.5357,0.4822,0.6113,0.5137
1.7,14,160,0.5359,0.4778,0.6144,0.5155
1.7,16,0,0.5118,0.4461,0.5871,0.5022
1.7,16,10,0.5254,0.4642,0.601,0.5109
1.7,16,20,0.5316,0.4753,0.6048,0.5147
1.7,16,40,0.5362,0.4819,0.6091,0.5177
1.7,16,80,0.5397,0.4868,0.6131,0.5191
1.7,16,160,0.5411,0.4861,0.6165,0.5206
1.8,0,0,0.4551,0.4125,0.5031,0.4498
1.8,0,10,0.4802,0.4451,0.5279,0.4675
1.8,0,20,0.4926,0.4656,0.536,0.4763
1.8,0,40,0.5026,0.4786,0.546,0.4833
1.8,0,80,0.5128,0.4911,0.5562,0.4912
1.8,0,160,0.516,0.4847,0.5654,0.4978
1.8,2,0,0.4629,0.4157,0.5085,0.4645
1.8,2,10,0.4879,0.4482,0.5335,0.4819
1.8,2,20,0.5001,0.468,0.5415,0.4906
1.8,2,40,0.5091,0.4804,0.5508,0.4962
1.8,2,80,0.5185,0.4919,0.5607,0.5028
1.8,2,160,0.5208,0.4852,0.5687,0.5087
1.8,4,0,0.483,0.4317,0.5322,0.4852
1.8,4,10,0.5057,0.461,0.5554,0.5007
1.8,4,20,0.5164,0.478,0.5629,0.5082
1.8,4,40,0.5241,0.488,0.5716,0.5129
1.8,4,80,0.5313,0.4978,0.579,0.5172
1.8,4,160,0.5305,0.4897,0.5828,0.5189
1.8,6,0,0.4964,0.4422,0.5521,0.4948
1.8,6,10,0.517,0.4691,0.5733,0.5088
1.8,6,20,0.5264,0.4847,0.5794,0.5151
1.8,6,40,0.5326,0.4937,0.5856,0.5185
1.8,6,80,0.5382,0.5022,0.5908,0.5215
1.8,6,160,0.5358,0.4937,0.5915,0.5222
1.8,8,0,0.5045,0.45,0.5628,0.5006
1.8,8,10,0.5234,0.4755,0.5816,0.5131
1.8,8,20,0.5317,0.4901,0.5867,0.5184
1.8,8,40,0.537,0.4979,0.5919,0.5211
1.8,8,80,0.542,0.507,0.5961,0.5229
1.8,8,160,0.5387,0.4971,0.596,0.523
1.8,10,0,0.5121,0.4594,0.5712,0.5058
1.8,10,10,0.5293,0.4833,0.588,0.5167
1.8,10,20,0.5368,0.4968,0.5924,0.5213
1.8,10,40,0.5417,0.5049,0.5972,0.5229
1.8,10,80,0.5464,0.5131,0.6012,0.5249
1.8,10,160,0.5427,0.5022,0.6012,0.5247
1.8,12,0,0.5185,0.4679,0.577,0.5105
1.8,12,10,0.5344,0.4903,0.5924,0.5204
1.8,12,20,0.5412,0.5032,0.5965,0.5241
1.8,12,40,0.546,0.5108,0.6008,0.5263
1.8,12,80,0.5503,0.5181,0.6047,0.5282
1.8,12,160,0.5471,0.5077,0.6056,0.528
1.8,14,0,0.5248,0.4748,0.5828,0.5167
1.8,14,10,0.5396,0.4962,0.5969,0.5259
1.8,14,20,0.5461,0.5081,0.6006,0.5295
1.8,14,40,0.5503,0.5145,0.6047,0.5317
1.8,14,80,0.5556,0.5231,0.6102,0.5336
1.8,14,160,0.5512,0.5105,0.609,0.5341
1.8,16,0,0.5292,0.4812,0.5851,0.5212
1.8,16,10,0.5432,0.5015,0.5982,0.5299
1.8,16,20,0.5496,0.5136,0.6016,0.5336
1.8,16,40,0.554,0.52,0.6058,0.536
1.8,16,80,0.5581,0.5255,0.61,0.5387
1.8,16,160,0.556,0.519,0.609,0.5399
1.9,0,0,0.4767,0.4511,0.5048,0.4742
1.9,0,10,0.502,0.4864,0.5276,0.4922
1.9,0,20,0.514,0.5072,0.534,0.5007
1.9,0,40,0.524,0.5205,0.5436,0.5079
1.9,0,80,0.53,0.5266,0.5502,0.5131
1.9,0,160,0.534,0.5219,0.5605,0.5197
1.9,2,0,0.4843,0.4542,0.5102,0.4885
1.9,2,10,0.5095,0.4893,0.5331,0.5063
1.9,2,20,0.521,0.5092,0.5393,0.5144
1.9,2,40,0.5302,0.5216,0.5486,0.5204
1.9,2,80,0.5354,0.5269,0.5545,0.5247
1.9,2,160,0.5387,0.5221,0.5641,0.5299
1.9,4,0,0.5029,0.4687,0.532,0.5081
1.9,4,10,0.5258,0.5,0.5533,0.524
1.9,4,20,0.5358,0.5172,0.5591,0.5309
1.9,4,40,0.5434,0.5282,0.5669,0.5352
1.9,4,80,0.5464,0.5321,0.5707,0.5365
1.9,4,160,0.5464,0.5258,0.5749,0.5387
1.9,6,0,0.5151,0.4781,0.5504,0.5168
1.9,6,10,0.536,0.5072,0.57,0.5309
1.9,6,20,0.5445,0.523,0.574,0.5366
1.9,6,40,0.5509,0.5326,0.5803,0.5399
1.9,6,80,0.5521,0.5359,0.5806,0.5398
1.9,6,160,0.5513,0.5291,0.5834,0.5413
1.9,8,0,0.5223,0.4853,0.5598,0.5217
1.9,8,10,0.5415,0.5129,0.5773,0.5343
1.9,8,20,0.5491,0.5277,0.5804,0.5392
1.9,8,40,0.5548,0.5371,0.5859,0.5415
1.9,8,80,0.5555,0.5401,0.585,0.5413
1.9,8,160,0.5537,0.5318,0.5877,0.5417
1.9,10,0,0.5291,0.4941,0.5671,0.526
1.9,10,10,0.5468,0.5201,0.583,0.5372
1.9,10,20,0.5538,0.5343,0.5857,0.5413
1.9,10,40,0.5591,0.5437,0.5905,0.5431
1.9,10,80,0.5597,0.5466,0.5898,0.5429
1.9,10,160,0.5579,0.5379,0.5922,0.5436
1.9,12,0,0.5347,0.5019,0.5722,0.5299
1.9,12,10,0.5512,0.5264,0.5869,0.5402
1.9,12,20,0.5575,0.5396,0.5894,0.5436
1.9,12,40,0.5628,0.5486,0.5938,0.546
1.9,12,80,0.5629,0.5505,0.5926,0.5455
1.9,12,160,0.5612,0.5419,0.5948,0.5468
1.9,14,0,0.54,0.5078,0.5769,0.5353
1.9,14,10,0.5555,0.5313,0.5903,0.5449
1.9,14,20,0.5616,0.5433,0.5931,0.5482
1.9,14,40,0.5668,0.5527,0.597,0.5508
1.9,14,80,0.5677,0.5554,0.5968,0.5509
1.9,14,160,0.5643,0.5437,0.5971,0.5521
1.9,16,0,0.5433,0.513,0.5784,0.5387
1.9,16,10,0.5578,0.535,0.5907,0.5478
1.9,16,20,0.564,0.5475,0.5931,0.5514
1.9,16,40,0.5691,0.556,0.5972,0.5541
1.9,16,80,0.5685,0.5553,0.596,0.5541
1.9,16,160,0.5682,0.5498,0.5968,0.5579
2.0,0,0,0.4949,0.4881,0.5006,0.4962
2.0,0,10,0.5195,0.5238,0.5205,0.5141
2.0,0,20,0.531,0.5443,0.5265,0.5221
2.0,0,40,0.5394,0.5551,0.5344,0.5286
2.0,0,80,0.5446,0.56,0.5407,0.5331
2.0,0,160,0.5436,0.5442,0.5466,0.5399
2.0,2,0,0.5023,0.491,0.5059,0.5101
2.0,2,10,0.5266,0.5264,0.5256,0.5277
2.0,2,20,0.5375,0.546,0.5315,0.5351
2.0,2,40,0.5451,0.5559,0.5392,0.5403
2.0,2,80,0.5496,0.5607,0.5442,0.544
2.0,2,160,0.5473,0.5443,0.5492,0.5483
2.0,4,0,0.5194,0.5038,0.5258,0.5286
2.0,4,10,0.5413,0.5351,0.5444,0.5444
2.0,4,20,0.551,0.5526,0.5498,0.5505
2.0,4,40,0.5569,0.5607,0.556,0.5541
2.0,4,80,0.5588,0.5638,0.5583,0.5542
2.0,4,160,0.5538,0.5467,0.5589,0.5559
2.0,6,0,0.5303,0.5122,0.5425,0.5363
2.0,6,10,0.5505,0.5414,0.5594,0.5506
2.0,6,20,0.5588,0.5575,0.5634,0.5555
2.0,6,40,0.5637,0.5647,0.568,0.5582
2.0,6,80,0.564,0.5669,0.568,0.5572
2.0,6,160,0.5578,0.5491,0.5662,0.5579
2.0,8,0,0.5367,0.5187,0.5509,0.5405
2.0,8,10,0.5551,0.5461,0.5658,0.5534
2.0,8,20,0.5628,0.5617,0.5692,0.5576
2.0,8,40,0.5671,0.5688,0.573,0.5596
2.0,8,80,0.5665,0.5698,0.5715,0.5583
2.0,8,160,0.5602,0.5526,0.5699,0.5582
2.0,10,0,0.5427,0.5269,0.5572,0.5439
2.0,10,10,0.5597,0.5527,0.5709,0.5555
2.0,10,20,0.5669,0.5679,0.5737,0.5591
2.0,10,40,0.5709,0.5743,0.5773,0.5609
2.0,10,80,0.5702,0.5752,0.5759,0.5596
2.0,10,160,0.5642,0.5574,0.575,0.56
2.0,12,0,0.5476,0.5339,0.5616,0.5471
2.0,12,10,0.5636,0.5584,0.5745,0.5579
2.0,12,20,0.5704,0.5731,0.577,0.5613
2.0,12,40,0.5738,0.5778,0.5802,0.5634
2.0,12,80,0.5732,0.5785,0.5796,0.5616
2.0,12,160,0.5675,0.5614,0.5776,0.5636
2.0,14,0,0.552,0.5387,0.5655,0.5519
2.0,14,10,0.5671,0.5619,0.5775,0.562
2.0,14,20,0.5735,0.5751,0.5801,0.5654
2.0,14,40,0.5773,0.5803,0.5837,0.5679
2.0,14,80,0.5766,0.581,0.582,0.5667
2.0,14,160,0.5717,0.5655,0.5793,0.5703
2.0,16,0,0.5544,0.5424,0.5666,0.5541
2.0,16,10,0.5686,0.5645,0.5776,0.5637
2.0,16,20,0.5749,0.5771,0.58,0.5676
2.0,16,40,0.5784,0.5816,0.5834,0.5702
2.0,16,80,0.5776,0.5821,0.5818,0.5689
2.0,16,160,0.5746,0.5697,0.5784,0.5757
2.1,0,0,0.5095,0.5216,0.4917,0.5153
2.1,0,10,0.5332,0.5576,0.509,0.533
2.1,0,20,0.5436,0.5755,0.515,0.5403
2.1,0,40,0.5498,0.5808,0.5223,0.5463
2.1,0,80,0.5544,0.5851,0.5281,0.55
2.1,0,160,0.5507,0.5674,0.5282,0.5567
2.1,2,0,0.5167,0.5243,0.4968,0.5289
2.1,2,10,0.5398,0.5595,0.5139,0.546
2.1,2,20,0.5496,0.5767,0.5196,0.5526
2.1,2,40,0.5552,0.5812,0.527,0.5574
2.1,2,80,0.5588,0.5852,0.5315,0.5596
2.1,2,160,0.554,0.5674,0.531,0.5638
2.1,4,0,0.5324,0.5355,0.5151,0.5465
2.1,4,10,0.5532,0.5667,0.5313,0.5618
2.1,4,20,0.5616,0.5814,0.5364,0.5669
2.1,4,40,0.5655,0.5849,0.5419,0.5698
2.1,4,80,0.5669,0.5881,0.5437,0.569
2.1,4,160,0.5606,0.5703,0.5409,0.5706
2.1,6,0,0.5423,0.5429,0.5304,0.5535
2.1,6,10,0.5614,0.572,0.5451,0.5673
2.1,6,20,0.5687,0.586,0.549,0.5711
2.1,6,40,0.5715,0.5883,0.5531,0.5732
2.1,6,80,0.5718,0.5914,0.5525,0.5716
2.1,6,160,0.564,0.573,0.5465,0.5726
2.1,8,0,0.5478,0.5488,0.5379,0.5569
2.1,8,10,0.5654,0.576,0.5506,0.5695
2.1,8,20,0.5721,0.5895,0.5541,0.5728
2.1,8,40,0.5743,0.5913,0.5573,0.5741
2.1,8,80,0.574,0.5938,0.5557,0.5724
2.1,8,160,0.566,0.5753,0.55,0.5727
2.1,10,0,0.553,0.556,0.5434,0.5596
2.1,10,10,0.5693,0.5819,0.5551,0.571
2.1,10,20,0.5757,0.5944,0.5586,0.5741
2.1,10,40,0.5775,0.596,0.5616,0.575
2.1,10,80,0.5774,0.5988,0.5603,0.5732
2.1,10,160,0.5693,0.5777,0.555,0.5753
2.1,12,0,0.5572,0.5621,0.5472,0.5622
2.1,12,10,0.5725,0.5866,0.5581,0.5728
2.1,12,20,0.5787,0.5989,0.5613,0.576
2.1,12,40,0.5804,0.5996,0.5639,0.5776
2.1,12,80,0.5804,0.6026,0.5629,0.5757
2.1,12,160,0.5715,0.5794,0.5566,0.5786
2.1,14,0,0.5607,0.5654,0.5504,0.5663
2.1,14,10,0.5753,0.5885,0.5607,0.5766
2.1,14,20,0.5809,0.5992,0.5636,0.5798
2.1,14,40,0.5829,0.6009,0.5662,0.5817
2.1,14,80,0.5822,0.6012,0.5648,0.5807
2.1,14,160,0.575,0.5826,0.5588,0.5837
2.1,16,0,0.5619,0.5673,0.5508,0.5675
2.1,16,10,0.5756,0.5893,0.5603,0.5773
2.1,16,20,0.5812,0.5998,0.5626,0.5812
2.1,16,40,0.5826,0.5998,0.5649,0.5829
2.1,16,80,0.5828,0.6014,0.5638,0.583
2.1,16,160,0.5786,0.5848,0.5603,0.5908
2.2,0,0,0.5204,0.5509,0.4783,0.5319
2.2,0,10,0.5424,0.5842,0.4938,0.5493
2.2,0,20,0.5511,0.5971,0.4996,0.5567
2.2,0,40,0.5558,0.5992,0.5062,0.5619
2.2,0,80,0.5589,0.5991,0.5108,0.5667
2.2,0,160,0.5498,0.5703,0.5077,0.5715
2.2,2,0,0.5272,0.5532,0.4833,0.5452
2.2,2,10,0.5487,0.5856,0.4985,0.5619
2.2,2,20,0.5568,0.598,0.5039,0.5686
2.2,2,40,0.5608,0.5995,0.5103,0.5724
2.2,2,80,0.5628,0.5991,0.5137,0.5757
2.2,2,160,0.5528,0.5704,0.5097,0.5782
2.2,4,0,0.5416,0.5626,0.5004,0.562
2.2,4,10,0.561,0.5912,0.5151,0.5768
2.2,4,20,0.5679,0.6018,0.5198,0.582
2.2,4,40,0.5704,0.6021,0.5252,0.5837
2.2,4,80,0.5705,0.6017,0.5254,0.5845
2.2,4,160,0.5587,0.5721,0.519,0.5849
2.2,6,0,0.5507,0.5691,0.5145,0.5683
2.2,6,10,0.5685,0.5958,0.528,0.5817
2.2,6,20,0.5744,0.6055,0.5318,0.5859
2.2,6,40,0.5758,0.6051,0.5353,0.5869
2.2,6,80,0.5747,0.6039,0.5336,0.5867
2.2,6,160,0.5613,0.5738,0.5236,0.5867
2.2,8,0,0.5554,0.574,0.521,0.5711
2.2,8,10,0.5718,0.599,0.5329,0.5834
2.2,8,20,0.5771,0.608,0.5362,0.5871
2.2,8,40,0.5779,0.6069,0.539,0.5879
2.2,8,80,0.5765,0.6059,0.5361,0.5875
2.2,8,160,0.5631,0.5763,0.5261,0.587
2.2,10,0,0.5598,0.5802,0.5258,0.5733
2.2,10,10,0.5753,0.6043,0.5368,0.5847
2.2,10,20,0.5803,0.6123,0.5404,0.5882
2.2,10,40,0.5809,0.611,0.5431,0.5887
2.2,10,80,0.5799,0.6102,0.5412,0.5882
2.2,10,160,0.566,0.579,0.5293,0.5896
2.2,12,0,0.5633,0.5852,0.5291,0.5754
2.2,12,10,0.5778,0.6077,0.5396,0.5862
2.2,12,20,0.5828,0.616,0.543,0.5896
2.2,12,40,0.5835,0.6139,0.5454,0.5911
2.2,12,80,0.5824,0.613,0.5432,0.5909
2.2,12,160,0.5679,0.5805,0.5304,0.5927
2.2,14,0,0.5661,0.5874,0.5317,0.5792
2.2,14,10,0.58,0.6089,0.5416,0.5895
2.2,14,20,0.5847,0.6158,0.545,0.5934
2.2,14,40,0.5854,0.6146,0.5464,0.5952
2.2,14,80,0.5846,0.6137,0.5449,0.5952
2.2,14,160,0.5705,0.5829,0.5305,0.5981
2.2,16,0,0.5662,0.5875,0.5317,0.5793
2.2,16,10,0.5793,0.6078,0.5408,0.5893
2.2,16,20,0.5839,0.6147,0.5436,0.5935
2.2,16,40,0.584,0.6113,0.5454,0.5954
2.2,16,80,0.5832,0.6106,0.5426,0.5966
2.2,16,160,0.5709,0.5813,0.5273,0.6042
2.3,0,0,0.5271,0.5761,0.4591,0.5462
2.3,0,10,0.5478,0.6069,0.4731,0.5634
2.3,0,20,0.5546,0.6147,0.4785,0.5706
2.3,0,40,0.5589,0.6153,0.4848,0.5766
2.3,0,80,0.5604,0.6126,0.4882,0.5803
2.3,0,160,0.5449,0.5708,0.4799,0.5841
2.3,2,0,0.5337,0.5779,0.464,0.5591
2.3,2,10,0.5537,0.6077,0.4776,0.5756
2.3,2,20,0.5599,0.6151,0.4828,0.5819
2.3,2,40,0.5636,0.6153,0.4891,0.5865
2.3,2,80,0.5641,0.6126,0.4907,0.5888
2.3,2,160,0.5479,0.5708,0.4817,0.5911
2.3,4,0,0.5468,0.5853,0.48,0.5752
2.3,4,10,0.565,0.6119,0.4934,0.5898
2.3,4,20,0.5704,0.6178,0.4986,0.5947
2.3,4,40,0.5726,0.6172,0.5037,0.5971
2.3,4,80,0.5719,0.6144,0.5041,0.5971
2.3,4,160,0.5525,0.5723,0.4881,0.5972
2.3,6,0,0.5551,0.5909,0.4933,0.5809
2.3,6,10,0.5719,0.6158,0.5057,0.5941
2.3,6,20,0.5763,0.6212,0.5095,0.5982
2.3,6,40,0.5777,0.6198,0.5137,0.5998
2.3,6,80,0.5754,0.6161,0.5109,0.5992
2.3,6,160,0.555,0.5736,0.4931,0.5984
2.3,8,0,0.5591,0.5948,0.4991,0.5833
2.3,8,10,0.5745,0.618,0.5099,0.5955
2.3,8,20,0.5786,0.6231,0.5134,0.5992
2.3,8,40,0.5794,0.621,0.5166,0.6006
2.3,8,80,0.577,0.6173,0.5139,0.5998
2.3,8,160,0.5562,0.5747,0.4954,0.5985
2.3,10,0,0.5628,0.6,0.5033,0.5851
2.3,10,10,0.5775,0.6223,0.5136,0.5966
2.3,10,20,0.5813,0.6267,0.5174,0.5999
2.3,10,40,0.5824,0.6246,0.5211,0.6015
2.3,10,80,0.5793,0.6206,0.5169,0.6006
2.3,10,160,0.5586,0.5788,0.4968,0.6001
2.3,12,0,0.5657,0.604,0.5063,0.5867
2.3,12,10,0.5796,0.625,0.5162,0.5978
2.3,12,20,0.5834,0.6297,0.5195,0.6011
2.3,12,40,0.5841,0.6277,0.5208,0.6036
2.3,12,80,0.5814,0.6231,0.518,0.6032
2.3,12,160,0.5595,0.5774,0.4974,0.6038
2.3,14,0,0.5679,0.6053,0.5084,0.59
2.3,14,10,0.5812,0.625,0.5177,0.6008
2.3,14,20,0.5845,0.6285,0.5202,0.6048
2.3,14,40,0.5849,0.626,0.522,0.6068
2.3,14,80,0.582,0.6211,0.518,0.607
2.3,14,160,0.5618,0.5781,0.4972,0.6101
2.3,16,0,0.567,0.6036,0.508,0.5893
2.3,16,10,0.5794,0.6219,0.5163,0.5999
2.3,16,20,0.5825,0.6252,0.5186,0.6037
2.3,16,40,0.5822,0.6208,0.5197,0.6063
2.3,16,80,0.5797,0.6155,0.5153,0.6082
2.3,16,160,0.5606,0.5737,0.496,0.6121
2.4,0,0,0.5293,0.5917,0.4388,0.5573
2.4,0,10,0.5471,0.6164,0.4515,0.5734
2.4,0,20,0.5524,0.6212,0.4559,0.58
2.4,0,40,0.5542,0.6194,0.4582,0.5849
2.4,0,80,0.5502,0.6085,0.4557,0.5864
2.4,0,160,0.5378,0.5746,0.4466,0.5923
2.4,2,0,0.5355,0.5932,0.4435,0.57
2.4,2,10,0.5528,0.617,0.4558,0.5855
2.4,2,20,0.5575,0.6215,0.4599,0.591
2.4,2,40,0.5587,0.6194,0.4622,0.5946
2.4,2,80,0.5538,0.6085,0.4582,0.5949
2.4,2,160,0.5408,0.5746,0.4487,0.5992
2.4,4,0,0.5477,0.5991,0.4586,0.5854
2.4,4,10,0.5635,0.6203,0.471,0.5992
2.4,4,20,0.5675,0.6237,0.4753,0.6036
2.4,4,40,0.5672,0.6207,0.4763,0.6046
2.4,4,80,0.5606,0.6104,0.4688,0.6026
2.4,4,160,0.5448,0.575,0.4542,0.6051
2.4,6,0,0.5551,0.6038,0.4708,0.5907
2.4,6,10,0.5696,0.6235,0.4823,0.6031
2.4,6,20,0.5729,0.6264,0.4857,0.6066
2.4,6,40,0.5717,0.623,0.4851,0.6072
2.4,6,80,0.5636,0.612,0.4743,0.6046
2.4,6,160,0.5465,0.5757,0.4575,0.6062
2.4,8,0,0.5584,0.6068,0.4758,0.5927
2.4,8,10,0.5719,0.6251,0.486,0.6044
2.4,8,20,0.575,0.628,0.4893,0.6076
2.4,8,40,0.5731,0.624,0.4876,0.6078
2.4,8,80,0.5644,0.6125,0.4757,0.6049
2.4,8,160,0.5467,0.576,0.4578,0.6065
2.4,10,0,0.5617,0.6113,0.4795,0.5942
2.4,10,10,0.5745,0.6288,0.4896,0.6052
2.4,10,20,0.5775,0.6314,0.4927,0.6083
2.4,10,40,0.5754,0.6272,0.4906,0.6085
2.4,10,80,0.5661,0.6151,0.4775,0.6057
2.4,10,160,0.5498,0.5813,0.4589,0.6092
2.4,12,0,0.5641,0.6145,0.4823,0.5954
2.4,12,10,0.5764,0.6312,0.4918,0.6062
2.4,12,20,0.579,0.6332,0.4943,0.6094
2.4,12,40,0.577,0.6292,0.4913,0.6106
2.4,12,80,0.5677,0.616,0.4785,0.6085
2.4,12,160,0.5512,0.5801,0.4602,0.6132
2.4,14,0,0.5657,0.6148,0.4839,0.5984
2.4,14,10,0.5772,0.6299,0.4928,0.6089
2.4,14,20,0.5794,0.6313,0.4944,0.6124
2.4,14,40,0.5775,0.6278,0.4916,0.613
2.4,14,80,0.5687,0.6157,0.4785,0.6121
2.4,14,160,0.5512,0.577,0.4599,0.6168
2.4,16,0,0.564,0.6119,0.4833,0.5969
2.4,16,10,0.5746,0.6258,0.4907,0.6072
2.4,16,20,0.5766,0.6262,0.4928,0.6108
2.4,16,40,0.5737,0.62,0.4893,0.6117
2.4,16,80,0.5663,0.6084,0.4758,0.6148
2.4,16,160,0.5482,0.5705,0.4559,0.6182
2.5,0,0,0.5267,0.6009,0.4138,0.5656
2.5,0,10,0.5418,0.6202,0.4245,0.5808
2.5,0,20,0.5454,0.6225,0.4271,0.5866
2.5,0,40,0.5461,0.6178,0.4293,0.5911
2.5,0,80,0.5397,0.605,0.4222,0.592
2.5,0,160,0.5226,0.5681,0.4009,0.5988
2.5,2,0,0.5327,0.6019,0.4182,0.5781
2.5,2,10,0.5472,0.6205,0.4285,0.5925
2.5,2,20,0.5504,0.6229,0.4307,0.5975
2.5,2,40,0.5503,0.6178,0.4323,0.6007
2.5,2,80,0.5433,0.605,0.4244,0.6005
2.5,2,160,0.5252,0.5681,0.4023,0.605
2.5,4,0,0.5439,0.6064,0.4323,0.5929
2.5,4,10,0.5571,0.6229,0.4427,0.6058
2.5,4,20,0.5599,0.6244,0.4455,0.6097
2.5,4,40,0.5583,0.619,0.4456,0.6105
2.5,4,80,0.5486,0.6055,0.4324,0.6079
2.5,4,160,0.5282,0.5684,0.4053,0.6109
2.5,6,0,0.5504,0.61,0.4435,0.5977
2.5,6,10,0.5626,0.6252,0.4531,0.6093
2.5,6,20,0.5646,0.6265,0.4551,0.6122
2.5,6,40,0.5623,0.6211,0.4531,0.6126
2.5,6,80,0.5514,0.6071,0.4378,0.6095
2.5,6,160,0.5303,0.5714,0.4075,0.6121
2.5,8,0,0.5533,0.6123,0.4479,0.5995
2.5,8,10,0.5646,0.6265,0.4566,0.6106
2.5,8,20,0.5663,0.6276,0.4582,0.6131
2.5,8,40,0.5634,0.6217,0.4554,0.613
2.5,8,80,0.5519,0.6073,0.4383,0.6101
2.5,8,160,0.5302,0.5716,0.4076,0.6114
2.5,10,0,0.5559,0.6161,0.451,0.6006
2.5,10,10,0.5668,0.6297,0.4595,0.6112
2.5,10,20,0.5684,0.6302,0.461,0.6139
2.5,10,40,0.5651,0.6233,0.4578,0.6142
2.5,10,80,0.5532,0.6094,0.4389,0.6113
2.5,10,160,0.5319,0.5722,0.4085,0.6151
2.5,12,0,0.5578,0.6185,0.4533,0.6016
2.5,12,10,0.5682,0.6316,0.4611,0.612
2.5,12,20,0.5692,0.6309,0.4617,0.6149
2.5,12,40,0.5663,0.6249,0.4582,0.616
2.5,12,80,0.5545,0.6097,0.4395,0.6143
2.5,12,160,0.5323,0.5703,0.4086,0.618
2.5,14,0,0.5588,0.6179,0.4545,0.6041
2.5,14,10,0.5684,0.6297,0.4614,0.6142
2.5,14,20,0.5693,0.6285,0.4621,0.6174
2.5,14,40,0.5666,0.6233,0.4582,0.6184
2.5,14,80,0.5553,0.6085,0.4391,0.6182
2.5,14,160,0.532,0.5666,0.408,0.6215
2.5,16,0,0.5565,0.6141,0.4535,0.6018
2.5,16,10,0.5651,0.6245,0.4593,0.6116
2.5,16,20,0.5658,0.6224,0.4603,0.6148
2.5,16,40,0.5619,0.6137,0.4559,0.616
2.5,16,80,0.5522,0.6008,0.4369,0.619
2.5,16,160,0.5293,0.5606,0.4058,0.6215
2.6,0,0,0.5208,0.6047,0.3875,0.5704
2.6,0,10,0.5336,0.6189,0.3965,0.5855
2.6,0,20,0.5357,0.6185,0.398,0.5907
2.6,0,40,0.5341,0.6103,0.3966,0.5952
2.6,0,80,0.5248,0.5934,0.3846,0.5965
2.6,0,160,0.5034,0.56,0.3535,0.5966
2.6,2,0,0.5265,0.6053,0.3918,0.5825
2.6,2,10,0.5388,0.6191,0.4003,0.5971
2.6,2,20,0.5406,0.6188,0.4013,0.6018
2.6,2,40,0.5381,0.6103,0.3991,0.605
2.6,2,80,0.5281,0.5934,0.3861,0.6047
2.6,2,160,0.5058,0.56,0.3545,0.6029
2.6,4,0,0.5368,0.6087,0.405,0.5968
2.6,4,10,0.5482,0.6208,0.4138,0.61
2.6,4,20,0.5493,0.62,0.4146,0.6132
2.6,4,40,0.5458,0.6118,0.4109,0.6146
2.6,4,80,0.5328,0.5938,0.3925,0.612
2.6,4,160,0.5092,0.5622,0.3581,0.6073
2.6,6,0,0.5427,0.6117,0.4152,0.6011
2.6,6,10,0.553,0.6229,0.4231,0.6131
2.6,6,20,0.5536,0.622,0.4232,0.6155
2.6,6,40,0.5487,0.6129,0.4167,0.6166
2.6,6,80,0.5346,0.5945,0.3959,0.6134
2.6,6,160,0.5094,0.5624,0.3586,0.6073
2.6,8,0,0.545,0.6134,0.4189,0.6027
2.6,8,10,0.5547,0.6238,0.4261,0.6142
2.6,8,20,0.555,0.6229,0.4257,0.6165
2.6,8,40,0.5498,0.6137,0.4186,0.6171
2.6,8,80,0.5349,0.5946,0.3962,0.6138
2.6,8,160,0.5097,0.5624,0.3588,0.6079
2.6,10,0,0.5472,0.6165,0.4215,0.6036
2.6,10,10,0.5566,0.6266,0.4283,0.615
2.6,10,20,0.5567,0.6252,0.4274,0.6174
2.6,10,40,0.5509,0.6154,0.4193,0.6179
2.6,10,80,0.5361,0.5967,0.3964,0.6151
2.6,10,160,0.511,0.5627,0.3588,0.6115
2.6,12,0,0.5486,0.6178,0.4233,0.6046
2.6,12,10,0.5574,0.6274,0.4293,0.6156
2.6,12,20,0.5573,0.625,0.4281,0.6187
2.6,12,40,0.5515,0.6151,0.4196,0.6198
2.6,12,80,0.537,0.5959,0.397,0.6182
2.6,12,160,0.5109,0.561,0.3589,0.6127
2.6,14,0,0.549,0.6162,0.424,0.6068
2.6,14,10,0.5573,0.625,0.4292,0.6176
2.6,14,20,0.557,0.6217,0.4282,0.621
2.6,14,40,0.5512,0.6123,0.4195,0.6218
2.6,14,80,0.5371,0.5931,0.3966,0.6217
2.6,14,160,0.5104,0.5568,0.3581,0.6162
2.6,16,0,0.5461,0.6112,0.4232,0.6038
2.6,16,10,0.5537,0.6187,0.4279,0.6143
2.6,16,20,0.5531,0.6148,0.4269,0.6175
2.6,16,40,0.5465,0.6025,0.4179,0.6192
2.6,16,80,0.5334,0.5837,0.3952,0.6211
2.6,16,160,0.5077,0.551,0.3563,0.6158
2.7,0,0,0.5119,0.6036,0.3595,0.5727
2.7,0,10,0.5223,0.6137,0.3669,0.5862
2.7,0,20,0.5231,0.6099,0.3665,0.593
2.7,0,40,0.5195,0.601,0.3636,0.5938
2.7,0,80,0.5048,0.5767,0.3456,0.5922
2.7,0,160,0.485,0.5436,0.3206,0.5908
2.7,2,0,0.5175,0.6042,0.3634,0.5848
2.7,2,10,0.5273,0.614,0.3704,0.5976
2.7,2,20,0.5278,0.6101,0.3698,0.6034
2.7,2,40,0.5234,0.601,0.3658,0.6034
2.7,2,80,0.508,0.5767,0.3472,0.6002
2.7,2,160,0.4871,0.5436,0.3214,0.5961
2.7,4,0,0.5271,0.6068,0.3759,0.5985
2.7,4,10,0.5362,0.6153,0.3833,0.61
2.7,4,20,0.5359,0.6112,0.382,0.6145
2.7,4,40,0.5302,0.6017,0.3763,0.6126
2.7,4,80,0.5128,0.5773,0.3534,0.6078
2.7,4,160,0.4894,0.5436,0.3242,0.6004
2.7,6,0,0.5323,0.609,0.3853,0.6025
2.7,6,10,0.5405,0.6168,0.3918,0.6129
2.7,6,20,0.5394,0.6122,0.3897,0.6165
2.7,6,40,0.5328,0.603,0.3812,0.6141
2.7,6,80,0.5142,0.5778,0.3555,0.6092
2.7,6,160,0.49,0.5436,0.3247,0.6016
2.7,8,0,0.5343,0.6103,0.3885,0.604
2.7,8,10,0.5421,0.6175,0.3947,0.614
2.7,8,20,0.5406,0.6127,0.3919,0.6173
2.7,8,40,0.5336,0.6034,0.3823,0.6151
2.7,8,80,0.5143,0.5779,0.3556,0.6095
2.7,8,160,0.4905,0.5436,0.3247,0.6032
2.7,10,0,0.5361,0.613,0.3905,0.6048
2.7,10,10,0.5435,0.6199,0.396,0.6145
2.7,10,20,0.5421,0.615,0.3929,0.6182
2.7,10,40,0.5345,0.605,0.3827,0.6157
2.7,10,80,0.5153,0.5799,0.3558,0.6103
2.7,10,160,0.4914,0.5433,0.3247,0.6061
2.7,12,0,0.5372,0.6137,0.392,0.6058
2.7,12,10,0.544,0.6202,0.3966,0.6153
2.7,12,20,0.5424,0.6148,0.3933,0.6192
2.7,12,40,0.5348,0.6043,0.3829,0.6172
2.7,12,80,0.5165,0.5795,0.3561,0.6139
2.7,12,160,0.4915,0.5428,0.3248,0.6071
2.7,14,0,0.5373,0.6115,0.3926,0.6076
2.7,14,10,0.5433,0.6169,0.3962,0.6168
2.7,14,20,0.5419,0.6114,0.3934,0.621
2.7,14,40,0.5334,0.6007,0.3829,0.6167
2.7,14,80,0.5155,0.5757,0.3558,0.6151
2.7,14,160,0.4909,0.5388,0.3244,0.6095
2.7,16,0,0.5338,0.6055,0.3918,0.6042
2.7,16,10,0.5392,0.6097,0.3951,0.6129
2.7,16,20,0.5375,0.6038,0.392,0.6166
2.7,16,40,0.5295,0.5911,0.3814,0.6159
2.7,16,80,0.511,0.5666,0.3542,0.6123
2.7,16,160,0.4876,0.533,0.3229,0.6068
2.8,0,0,0.4995,0.5968,0.3296,0.572
2.8,0,10,0.5073,0.6027,0.3344,0.5848
2.8,0,20,0.5062,0.5969,0.3321,0.5895
2.8,0,40,0.5026,0.589,0.3293,0.5896
2.8,0,80,0.4844,0.5601,0.3119,0.5813
2.8,0,160,0.4651,0.5227,0.2872,0.5854
2.8,2,0,0.5048,0.5972,0.3333,0.584
2.8,2,10,0.5122,0.6029,0.3375,0.5963
2.8,2,20,0.5106,0.5971,0.3347,0.5999
2.8,2,40,0.5066,0.589,0.3312,0.5995
2.8,2,80,0.4875,0.5601,0.3135,0.589
2.8,2,160,0.467,0.5227,0.2883,0.5901
2.8,4,0,0.5138,0.5992,0.3449,0.5973
2.8,4,10,0.5204,0.6039,0.3491,0.6083
2.8,4,20,0.5178,0.5977,0.345,0.6107
2.8,4,40,0.5125,0.5897,0.3398,0.6078
2.8,4,80,0.4919,0.5615,0.3181,0.5961
2.8,4,160,0.4692,0.5227,0.2902,0.5947
2.8,6,0,0.5184,0.601,0.3532,0.601
2.8,6,10,0.5243,0.6052,0.3567,0.6111
2.8,6,20,0.5209,0.5988,0.3513,0.6127
2.8,6,40,0.5144,0.5907,0.3432,0.6095
2.8,6,80,0.493,0.5618,0.3196,0.5975
2.8,6,160,0.4702,0.5227,0.2905,0.5973
2.8,8,0,0.5201,0.6021,0.3559,0.6024
2.8,8,10,0.5255,0.6057,0.3589,0.612
2.8,8,20,0.522,0.5994,0.353,0.6136
2.8,8,40,0.5151,0.5906,0.3441,0.6105
2.8,8,80,0.4933,0.5618,0.3196,0.5984
2.8,8,160,0.4702,0.5227,0.2905,0.5973
2.8,10,0,0.5217,0.6044,0.3575,0.6031
2.8,10,10,0.5268,0.6081,0.3598,0.6126
2.8,10,20,0.5232,0.6015,0.3535,0.6146
2.8,10,40,0.516,0.592,0.3442,0.6119
2.8,10,80,0.4941,0.5623,0.3201,0.5998
2.8,10,160,0.471,0.5226,0.2905,0.5998
2.8,12,0,0.5224,0.6047,0.3587,0.6039
2.8,12,10,0.5272,0.6081,0.3601,0.6133
2.8,12,20,0.5233,0.6009,0.3537,0.6153
2.8,12,40,0.5163,0.5913,0.3444,0.6132
2.8,12,80,0.4945,0.5614,0.3201,0.6019
2.8,12,160,0.471,0.5222,0.2905,0.6003
2.8,14,0,0.5222,0.6021,0.359,0.6056
2.8,14,10,0.5261,0.6043,0.3596,0.6145
2.8,14,20,0.5225,0.5973,0.3537,0.6165
2.8,14,40,0.5151,0.5878,0.3443,0.6133
2.8,14,80,0.4937,0.5575,0.3198,0.6038
2.8,14,160,0.4711,0.5195,0.2902,0.6035
2.8,16,0,0.5184,0.5955,0.3581,0.6018
2.8,16,10,0.5218,0.5967,0.3585,0.6102
2.8,16,20,0.5179,0.5889,0.3526,0.6121
2.8,16,40,0.511,0.5779,0.3432,0.6119
2.8,16,80,0.4895,0.5486,0.3185,0.6013
2.8,16,160,0.4685,0.5141,0.289,0.6024
2.9,0,0,0.4847,0.5848,0.3,0.5693
2.9,0,10,0.4898,0.5872,0.302,0.5802
2.9,0,20,0.4883,0.581,0.2984,0.5856
2.9,0,40,0.4837,0.5694,0.2974,0.5843
2.9,0,80,0.4647,0.5366,0.2796,0.5779
2.9,0,160,0.4408,0.4922,0.2562,0.5741
2.9,2,0,0.4899,0.5851,0.3033,0.5813
2.9,2,10,0.4946,0.5873,0.3047,0.5916
2.9,2,20,0.4926,0.581,0.3008,0.5959
2.9,2,40,0.4877,0.5694,0.299,0.5946
2.9,2,80,0.4676,0.5366,0.2804,0.5857
2.9,2,160,0.4426,0.4922,0.2571,0.5784
2.9,4,0,0.4983,0.5866,0.3141,0.5942
2.9,4,10,0.5022,0.5881,0.3153,0.6033
2.9,4,20,0.4992,0.5815,0.3099,0.6063
2.9,4,40,0.4928,0.5698,0.3061,0.6025
2.9,4,80,0.4717,0.5377,0.2845,0.5928
2.9,4,160,0.4444,0.4922,0.2587,0.5823
2.9,6,0,0.5022,0.5879,0.3212,0.5976
2.9,6,10,0.5054,0.5891,0.3215,0.6057
2.9,6,20,0.5017,0.5823,0.3145,0.6082
2.9,6,40,0.4944,0.5709,0.3083,0.604
2.9,6,80,0.4725,0.5379,0.2855,0.594
2.9,6,160,0.4448,0.4922,0.2589,0.5834
2.9,8,0,0.5037,0.5888,0.3234,0.5989
2.9,8,10,0.5063,0.5895,0.323,0.6065
2.9,8,20,0.5025,0.5828,0.3155,0.609
2.9,8,40,0.4949,0.5709,0.3089,0.605
2.9,8,80,0.4726,0.5379,0.2856,0.5942
2.9,8,160,0.4448,0.4922,0.2589,0.5834
2.9,10,0,0.505,0.5908,0.3246,0.5994
2.9,10,10,0.5074,0.5913,0.3237,0.6072
2.9,10,20,0.5035,0.5845,0.3159,0.6102
2.9,10,40,0.4958,0.5715,0.309,0.6068
2.9,10,80,0.4742,0.5389,0.2856,0.598
2.9,10,160,0.4452,0.4921,0.2589,0.5845
2.9,12,0,0.5055,0.5909,0.3255,0.6
2.9,12,10,0.5076,0.5912,0.3238,0.6078
2.9,12,20,0.5037,0.5839,0.316,0.6112
2.9,12,40,0.4963,0.5708,0.3093,0.6088
2.9,12,80,0.4743,0.538,0.2856,0.5992
2.9,12,160,0.4452,0.4918,0.2589,0.5849
2.9,14,0,0.505,0.5882,0.3257,0.6012
2.9,14,10,0.5067,0.5875,0.3239,0.6087
2.9,14,20,0.5028,0.5804,0.316,0.6119
2.9,14,40,0.4953,0.5678,0.3092,0.6088
2.9,14,80,0.4732,0.5353,0.2854,0.5989
2.9,14,160,0.4445,0.4893,0.2587,0.5854
2.9,16,0,0.501,0.5813,0.3247,0.5971
2.9,16,10,0.5025,0.5799,0.3232,0.6043
2.9,16,20,0.4981,0.5721,0.3152,0.607
2.9,16,40,0.4901,0.5575,0.3081,0.6049
2.9,16,80,0.4697,0.529,0.2844,0.5957
2.9,16,160,0.4414,0.4839,0.2573,0.5831
3.0,0,0,0.4683,0.5723,0.2684,0.5642
3.0,0,10,0.4709,0.5711,0.2687,0.573
3.0,0,20,0.4699,0.5658,0.265,0.5788
3.0,0,40,0.4623,0.5524,0.2608,0.5737
3.0,0,80,0.4403,0.5139,0.2352,0.5718
3.0,0,160,0.4203,0.4749,0.2229,0.5633
3.0,2,0,0.4734,0.5725,0.2715,0.5762
3.0,2,10,0.4755,0.5712,0.2711,0.5844
3.0,2,20,0.4741,0.5658,0.2674,0.589
3.0,2,40,0.466,0.5524,0.2623,0.5834
3.0,2,80,0.443,0.5139,0.2358,0.5792
3.0,2,160,0.4219,0.4749,0.2233,0.5675
3.0,4,0,0.4811,0.5735,0.2813,0.5884
3.0,4,10,0.4826,0.5717,0.2807,0.5954
3.0,4,20,0.4802,0.5663,0.2754,0.5988
3.0,4,40,0.4708,0.5528,0.2686,0.5911
3.0,4,80,0.4462,0.514,0.2385,0.5862
3.0,4,160,0.4235,0.4749,0.2246,0.5711
3.0,6,0,0.4845,0.5746,0.2874,0.5916
3.0,6,10,0.4854,0.5725,0.2859,0.5976
3.0,6,20,0.4822,0.567,0.279,0.6006
3.0,6,40,0.472,0.5537,0.2698,0.5924
3.0,6,80,0.4468,0.514,0.2389,0.5874
3.0,6,160,0.4239,0.4749,0.2247,0.5722
3.0,8,0,0.4858,0.5752,0.2892,0.5929
3.0,8,10,0.486,0.5727,0.2869,0.5983
3.0,8,20,0.4829,0.5671,0.2797,0.6017
3.0,8,40,0.4726,0.5537,0.2699,0.5941
3.0,8,80,0.4466,0.514,0.239,0.5869
3.0,8,160,0.4239,0.4749,0.2247,0.5721
3.0,10,0,0.4868,0.5768,0.2901,0.5936
3.0,10,10,0.487,0.5743,0.2874,0.5993
3.0,10,20,0.4838,0.5684,0.2801,0.6029
3.0,10,40,0.4731,0.5542,0.27,0.5953
3.0,10,80,0.4479,0.5145,0.239,0.5902
3.0,10,160,0.4242,0.4749,0.2247,0.5731
3.0,12,0,0.4871,0.5766,0.2909,0.5939
3.0,12,10,0.4872,0.5739,0.2875,0.6001
3.0,12,20,0.484,0.568,0.2802,0.6039
3.0,12,40,0.4738,0.5537,0.2702,0.5975
3.0,12,80,0.4479,0.5137,0.239,0.5911
3.0,12,160,0.4241,0.4745,0.2247,0.5729
3.0,14,0,0.4864,0.5736,0.2909,0.5948
3.0,14,10,0.4863,0.5704,0.2876,0.601
3.0,14,20,0.483,0.5641,0.2801,0.6048
3.0,14,40,0.4725,0.5507,0.27,0.5969
3.0,14,80,0.4467,0.5106,0.2388,0.5907
3.0,14,160,0.423,0.4722,0.2246,0.5722
3.0,16,0,0.4822,0.5662,0.2902,0.5902
3.0,16,10,0.482,0.5625,0.287,0.5964
3.0,16,20,0.4783,0.5554,0.2794,0.6001
3.0,16,40,0.4673,0.5403,0.269,0.5925
3.0,16,80,0.4429,0.5045,0.2371,0.5872
3.0,16,160,0.4198,0.4667,0.2239,0.5688
3.1,0,0,0.4498,0.5548,0.2378,0.5567
3.1,0,10,0.4516,0.5516,0.2371,0.5661
3.1,0,20,0.4489,0.5452,0.2321,0.5695
3.1,0,40,0.436,0.5319,0.2174,0.5587
3.1,0,80,0.4191,0.4948,0.1989,0.5637
3.1,0,160,0.3953,0.4474,0.1919,0.5467
3.1,2,0,0.4547,0.5549,0.2405,0.5687
3.1,2,10,0.4561,0.5517,0.2393,0.5774
3.1,2,20,0.4529,0.5452,0.234,0.5793
3.1,2,40,0.4397,0.5319,0.2185,0.5687
3.1,2,80,0.4217,0.4948,0.1994,0.5709
3.1,2,160,0.3966,0.4474,0.1923,0.5501
3.1,4,0,0.4617,0.5557,0.2491,0.5804
3.1,4,10,0.4625,0.5521,0.2475,0.5879
3.1,4,20,0.4583,0.5456,0.2408,0.5885
3.1,4,40,0.4434,0.5322,0.2228,0.5753
3.1,4,80,0.4245,0.4949,0.201,0.5777
3.1,4,160,0.398,0.4474,0.1931,0.5536
3.1,6,0,0.4647,0.5566,0.2544,0.5832
3.1,6,10,0.4648,0.5529,0.2517,0.5897
3.1,6,20,0.46,0.5467,0.2432,0.5902
3.1,6,40,0.4444,0.533,0.2236,0.5766
3.1,6,80,0.4249,0.4949,0.2012,0.5788
3.1,6,160,0.3984,0.4474,0.1933,0.5545
3.1,8,0,0.4658,0.5571,0.2558,0.5845
3.1,8,10,0.4653,0.553,0.2524,0.5905
3.1,8,20,0.4605,0.5467,0.2435,0.5912
3.1,8,40,0.4449,0.5331,0.2236,0.578
3.1,8,80,0.4251,0.4949,0.2012,0.5793
3.1,8,160,0.3983,0.4474,0.1933,0.5544
3.1,10,0,0.4667,0.5584,0.2566,0.5851
3.1,10,10,0.4661,0.5541,0.2528,0.5915
3.1,10,20,0.4612,0.5472,0.2438,0.5924
3.1,10,40,0.4454,0.5334,0.2237,0.5791
3.1,10,80,0.4253,0.4952,0.2012,0.5796
3.1,10,160,0.3984,0.4474,0.1933,0.5544
3.1,12,0,0.4668,0.5579,0.2571,0.5854
3.1,12,10,0.4662,0.5535,0.2529,0.5923
3.1,12,20,0.4614,0.5464,0.2439,0.5938
3.1,12,40,0.4453,0.533,0.2237,0.5792
3.1,12,80,0.425,0.4943,0.2012,0.5796
3.1,12,160,0.3982,0.4471,0.1933,0.5542
3.1,14,0,0.4659,0.5548,0.2572,0.5859
3.1,14,10,0.4652,0.5501,0.2529,0.5925
3.1,14,20,0.4603,0.543,0.2438,0.594
3.1,14,40,0.4443,0.5301,0.2236,0.5794
3.1,14,80,0.4236,0.4906,0.201,0.579
3.1,14,160,0.3972,0.4449,0.1931,0.5535
3.1,16,0,0.4617,0.5474,0.2566,0.5812
3.1,16,10,0.4609,0.5424,0.2524,0.5877
3.1,16,20,0.4557,0.5346,0.2432,0.5892
3.1,16,40,0.439,0.5204,0.2226,0.5742
3.1,16,80,0.4202,0.4854,0.2005,0.5747
3.1,16,160,0.3941,0.4398,0.1926,0.5499
3.2,0,0,0.4304,0.5359,0.2085,0.5467
3.2,0,10,0.43,0.5312,0.2046,0.5541
3.2,0,20,0.4267,0.524,0.1999,0.5562
3.2,0,40,0.4145,0.5082,0.1876,0.5479
3.2,0,80,0.3962,0.4736,0.1672,0.548
3.2,0,160,0.3671,0.4115,0.1537,0.5362
3.2,2,0,0.4352,0.536,0.211,0.5585
3.2,2,10,0.4343,0.5313,0.2065,0.5652
3.2,2,20,0.4304,0.524,0.2014,0.5658
3.2,2,40,0.4181,0.5082,0.1885,0.5576
3.2,2,80,0.3987,0.4736,0.1677,0.555
3.2,2,160,0.3683,0.4115,0.1539,0.5393
3.2,4,0,0.4416,0.5365,0.2184,0.5698
3.2,4,10,0.44,0.5316,0.2133,0.5752
3.2,4,20,0.4352,0.5243,0.2071,0.5742
3.2,4,40,0.4215,0.5084,0.1919,0.5642
3.2,4,80,0.4009,0.4736,0.1687,0.5603
3.2,4,160,0.3697,0.4115,0.1548,0.5426
3.2,6,0,0.4442,0.5373,0.2229,0.5724
3.2,6,10,0.4419,0.5322,0.2167,0.5769
3.2,6,20,0.4365,0.5251,0.2087,0.5758
3.2,6,40,0.4223,0.5091,0.1924,0.5655
3.2,6,80,0.4017,0.4736,0.1689,0.5625
3.2,6,160,0.37,0.4115,0.1548,0.5436
3.2,8,0,0.4451,0.5376,0.224,0.5736
3.2,8,10,0.4424,0.5323,0.2171,0.5779
3.2,8,20,0.437,0.5251,0.209,0.577
3.2,8,40,0.4228,0.5091,0.1924,0.567
3.2,8,80,0.4018,0.4736,0.1689,0.5631
3.2,8,160,0.3702,0.4115,0.1548,0.5443
3.2,10,0,0.4458,0.5387,0.2245,0.5742
3.2,10,10,0.4431,0.533,0.2175,0.5789
3.2,10,20,0.4374,0.5254,0.2092,0.5776
3.2,10,40,0.423,0.5094,0.1925,0.5673
3.2,10,80,0.4018,0.4736,0.1689,0.563
3.2,10,160,0.37,0.4115,0.1548,0.5437
3.2,12,0,0.4458,0.5382,0.2249,0.5742
3.2,12,10,0.4431,0.5324,0.2175,0.5795
3.2,12,20,0.4374,0.5245,0.2092,0.5786
3.2,12,40,0.4226,0.5085,0.1925,0.567
3.2,12,80,0.4017,0.4727,0.1689,0.5634
3.2,12,160,0.3696,0.4113,0.1548,0.5425
3.2,14,0,0.4449,0.535,0.2251,0.5745
3.2,14,10,0.442,0.5291,0.2175,0.5796
3.2,14,20,0.4362,0.5215,0.2091,0.5781
3.2,14,40,0.4217,0.5057,0.1923,0.5671
3.2,14,80,0.4001,0.469,0.1687,0.5627
3.2,14,160,0.3686,0.4095,0.1547,0.5417
3.2,16,0,0.4407,0.5279,0.2247,0.5695
3.2,16,10,0.4377,0.5217,0.2171,0.5744
3.2,16,20,0.4317,0.5133,0.2087,0.5731
3.2,16,40,0.4165,0.4962,0.192,0.5614
3.2,16,80,0.3966,0.4642,0.1683,0.5571
3.2,16,160,0.366,0.4051,0.1543,0.5386
3.3,0,0,0.4107,0.5149,0.1819,0.5352
3.3,0,10,0.409,0.5089,0.1763,0.5417
3.3,0,20,0.4043,0.5016,0.1697,0.5415
3.3,0,40,0.3918,0.4829,0.1588,0.5337
3.3,0,80,0.374,0.4444,0.1423,0.5352
3.3,0,160,0.3456,0.3919,0.1311,0.5137
3.3,2,0,0.4153,0.5149,0.1842,0.5469
3.3,2,10,0.4132,0.509,0.1779,0.5527
3.3,2,20,0.4078,0.5016,0.1708,0.551
3.3,2,40,0.3953,0.4829,0.1597,0.5434
3.3,2,80,0.3764,0.4444,0.1427,0.5421
3.3,2,160,0.3466,0.3919,0.1313,0.5166
3.3,4,0,0.4212,0.5153,0.1907,0.5577
3.3,4,10,0.4183,0.5092,0.1836,0.5622
3.3,4,20,0.4119,0.5018,0.1751,0.5587
3.3,4,40,0.3985,0.4831,0.1624,0.5499
3.3,4,80,0.3788,0.4444,0.1436,0.5484
3.3,4,160,0.3478,0.3919,0.132,0.5194
3.3,6,0,0.4236,0.5159,0.1947,0.5601
3.3,6,10,0.4199,0.5097,0.1863,0.5638
3.3,6,20,0.413,0.5025,0.1763,0.5602
3.3,6,40,0.3991,0.4837,0.1626,0.551
3.3,6,80,0.3791,0.4444,0.1437,0.5492
3.3,6,160,0.348,0.3919,0.132,0.5203
3.3,8,0,0.4243,0.5162,0.1956,0.5612
3.3,8,10,0.4204,0.5098,0.1866,0.5648
3.3,8,20,0.4134,0.5025,0.1765,0.5613
3.3,8,40,0.3995,0.4837,0.1626,0.5523
3.3,8,80,0.3793,0.4444,0.1437,0.5499
3.3,8,160,0.3483,0.3919,0.132,0.521
3.3,10,0,0.4249,0.5169,0.1961,0.5617
3.3,10,10,0.421,0.5104,0.1868,0.5657
3.3,10,20,0.4138,0.5026,0.1766,0.5622
3.3,10,40,0.3997,0.4839,0.1626,0.5525
3.3,10,80,0.3793,0.4444,0.1437,0.5498
3.3,10,160,0.3481,0.3919,0.132,0.5204
3.3,12,0,0.425,0.5165,0.1964,0.562
3.3,12,10,0.421,0.5098,0.1868,0.5663
3.3,12,20,0.4138,0.5018,0.1766,0.5628
3.3,12,40,0.3994,0.4834,0.1626,0.5521
3.3,12,80,0.3786,0.4428,0.1437,0.5493
3.3,12,160,0.3477,0.3917,0.132,0.5194
3.3,14,0,0.4239,0.5134,0.1965,0.5618
3.3,14,10,0.4198,0.5066,0.1868,0.5659
3.3,14,20,0.4125,0.499,0.1765,0.5619
3.3,14,40,0.3984,0.4808,0.1625,0.5519
3.3,14,80,0.3772,0.4402,0.1436,0.5479
3.3,14,160,0.3467,0.39,0.1318,0.5182
3.3,16,0,0.42,0.5068,0.1962,0.5569
3.3,16,10,0.4158,0.5001,0.1865,0.5608
3.3,16,20,0.4081,0.4916,0.1761,0.5567
3.3,16,40,0.3942,0.4733,0.1622,0.5471
3.3,16,80,0.374,0.436,0.1433,0.5427
3.3,16,160,0.344,0.3864,0.1315,0.5142
3.4,0,0,0.3907,0.4949,0.1554,0.5218
3.4,0,10,0.3879,0.4877,0.1483,0.5277
3.4,0,20,0.383,0.4787,0.1426,0.5278
3.4,0,40,0.3698,0.4598,0.13,0.5196
3.4,0,80,0.353,0.4195,0.1197,0.5197
3.4,0,160,0.3271,0.3738,0.1125,0.4949
3.4,2,0,0.3952,0.4949,0.1573,0.5332
3.4,2,10,0.3919,0.4877,0.1497,0.5383
3.4,2,20,0.3864,0.4787,0.1436,0.5369
3.4,2,40,0.373,0.4598,0.1308,0.5286
3.4,2,80,0.3551,0.4195,0.1199,0.526
3.4,2,160,0.3279,0.3738,0.1126,0.4973
3.4,4,0,0.4006,0.4953,0.163,0.5435
3.4,4,10,0.3965,0.4879,0.1542,0.5473
3.4,4,20,0.3902,0.4791,0.147,0.5444
3.4,4,40,0.376,0.4605,0.1329,0.5346
3.4,4,80,0.3574,0.4195,0.1206,0.5322
3.4,4,160,0.329,0.3738,0.1131,0.5
3.4,6,0,0.4025,0.4956,0.1662,0.5458
3.4,6,10,0.3978,0.4882,0.1563,0.5489
3.4,6,20,0.391,0.4794,0.1479,0.5456
3.4,6,40,0.3764,0.4605,0.133,0.5356
3.4,6,80,0.3577,0.4195,0.1206,0.533
3.4,6,160,0.3292,0.3738,0.1131,0.5008
3.4,8,0,0.4031,0.4958,0.1668,0.5467
3.4,8,10,0.3981,0.4881,0.1566,0.5497
3.4,8,20,0.3913,0.4794,0.148,0.5467
3.4,8,40,0.3765,0.4605,0.133,0.5361
3.4,8,80,0.3578,0.4195,0.1206,0.5332
3.4,8,160,0.3295,0.3738,0.1131,0.5016
3.4,10,0,0.4036,0.4964,0.1673,0.5471
3.4,10,10,0.3986,0.4886,0.1566,0.5506
3.4,10,20,0.3917,0.4795,0.148,0.5475
3.4,10,40,0.3766,0.4605,0.133,0.5362
3.4,10,80,0.3577,0.4194,0.1206,0.533
3.4,10,160,0.3293,0.3738,0.1131,0.501
3.4,12,0,0.4035,0.4958,0.1675,0.5473
3.4,12,10,0.3985,0.4881,0.1566,0.5509
3.4,12,20,0.3915,0.4788,0.148,0.5477
3.4,12,40,0.3764,0.4599,0.133,0.5362
3.4,12,80,0.357,0.4179,0.1206,0.5326
3.4,12,160,0.3287,0.3732,0.1131,0.4999
3.4,14,0,0.4024,0.4927,0.1675,0.5471
3.4,14,10,0.3972,0.4848,0.1565,0.5504
3.4,14,20,0.39,0.4756,0.1479,0.5465
3.4,14,40,0.375,0.4572,0.1329,0.535
3.4,14,80,0.3556,0.4151,0.1205,0.5312
3.4,14,160,0.328,0.3721,0.113,0.4988
3.4,16,0,0.3987,0.4867,0.1673,0.5423
3.4,16,10,0.3934,0.4789,0.1561,0.5452
3.4,16,20,0.3861,0.4691,0.1477,0.5414
3.4,16,40,0.3716,0.4518,0.1327,0.5305
3.4,16,80,0.3527,0.4113,0.1203,0.5265
3.4,16,160,0.3257,0.369,0.1128,0.4953
3.5,0,0,0.3698,0.4721,0.13,0.5074
3.5,0,10,0.3668,0.4657,0.1222,0.5126
3.5,0,20,0.3617,0.4563,0.1184,0.5104
3.5,0,40,0.3463,0.431,0.1045,0.5036
3.5,0,80,0.331,0.3957,0.0976,0.4998
3.5,0,160,0.3075,0.3544,0.0887,0.4795
3.5,2,0,0.3742,0.4722,0.1316,0.5188
3.5,2,10,0.3707,0.4657,0.1233,0.523
3.5,2,20,0.365,0.4563,0.1193,0.5194
3.5,2,40,0.3495,0.431,0.105,0.5125
3.5,2,80,0.3331,0.3957,0.0977,0.5059
3.5,2,160,0.3084,0.3544,0.0892,0.4816
3.5,4,0,0.3791,0.4725,0.1363,0.5285
3.5,4,10,0.3746,0.4659,0.1264,0.5316
3.5,4,20,0.3684,0.4567,0.122,0.5266
3.5,4,40,0.3517,0.431,0.1057,0.5183
3.5,4,80,0.3347,0.3957,0.0982,0.5102
3.5,4,160,0.3092,0.3544,0.0892,0.4839
3.5,6,0,0.3807,0.4727,0.1388,0.5306
3.5,6,10,0.3757,0.4662,0.1278,0.5331
3.5,6,20,0.369,0.4567,0.1227,0.5276
3.5,6,40,0.3521,0.431,0.1058,0.5194
3.5,6,80,0.335,0.3957,0.0983,0.511
3.5,6,160,0.3095,0.3544,0.0892,0.4847
3.5,8,0,0.3812,0.4729,0.1393,0.5314
3.5,8,10,0.376,0.4662,0.1279,0.5338
3.5,8,20,0.3694,0.4567,0.1227,0.5287
3.5,8,40,0.3524,0.431,0.1058,0.5203
3.5,8,80,0.3351,0.3957,0.0983,0.5113
3.5,8,160,0.3097,0.3544,0.0892,0.4855
3.5,10,0,0.3816,0.4733,0.1396,0.5319
3.5,10,10,0.3765,0.4665,0.1279,0.535
3.5,10,20,0.3696,0.4567,0.1228,0.5293
3.5,10,40,0.3522,0.431,0.1058,0.5198
3.5,10,80,0.3351,0.3957,0.0983,0.5112
3.5,10,160,0.3095,0.3544,0.0892,0.485
3.5,12,0,0.3815,0.4727,0.1397,0.532
3.5,12,10,0.3763,0.4659,0.1279,0.5349
3.5,12,20,0.3693,0.456,0.1228,0.5291
3.5,12,40,0.3519,0.4305,0.1058,0.5195
3.5,12,80,0.3344,0.3942,0.0983,0.5108
3.5,12,160,0.3091,0.3544,0.0892,0.4838
3.5,14,0,0.3803,0.4697,0.1397,0.5316
3.5,14,10,0.3751,0.4629,0.1279,0.5346
3.5,14,20,0.3681,0.4531,0.1227,0.5286
3.5,14,40,0.3505,0.4279,0.1057,0.5181
3.5,14,80,0.333,0.3914,0.0982,0.5095
3.5,14,160,0.3087,0.3533,0.0891,0.4837
3.5,16,0,0.3767,0.4637,0.1395,0.527
3.5,16,10,0.3711,0.4565,0.1277,0.5291
3.5,16,20,0.3641,0.4468,0.1225,0.5231
3.5,16,40,0.3474,0.4235,0.1054,0.5135
3.5,16,80,0.3305,0.3882,0.0979,0.5053
3.5,16,160,0.3061,0.3499,0.0889,0.4796
3.6,0,0,0.3495,0.4497,0.1079,0.4908
3.6,0,10,0.3458,0.4427,0.1005,0.4942
3.6,0,20,0.3397,0.4325,0.0946,0.4919
3.6,0,40,0.3264,0.4096,0.0836,0.486
3.6,0,80,0.3101,0.3756,0.0753,0.4795
3.6,0,160,0.2811,0.3373,0.0651,0.441
3.6,2,0,0.3536,0.4498,0.1093,0.5019
3.6,2,10,0.3495,0.4427,0.1015,0.5042
3.6,2,20,0.3427,0.4325,0.0951,0.5005
3.6,2,40,0.3294,0.4096,0.0839,0.4946
3.6,2,80,0.3122,0.3756,0.0756,0.4854
3.6,2,160,0.2818,0.3373,0.0651,0.4431
3.6,4,0,0.358,0.4499,0.1132,0.5109
3.6,4,10,0.353,0.4429,0.1041,0.5121
3.6,4,20,0.3459,0.4327,0.0974,0.5075
3.6,4,40,0.3314,0.4096,0.0845,0.5002
3.6,4,80,0.3135,0.3756,0.0756,0.4893
3.6,4,160,0.2825,0.3373,0.0651,0.4452
3.6,6,0,0.3594,0.4502,0.1151,0.5128
3.6,6,10,0.3539,0.4431,0.1051,0.5135
3.6,6,20,0.3463,0.4327,0.0977,0.5085
3.6,6,40,0.3318,0.4096,0.0846,0.5012
3.6,6,80,0.3138,0.3756,0.0756,0.4902
3.6,6,160,0.2828,0.3373,0.0651,0.446
3.6,8,0,0.3598,0.4503,0.1155,0.5135
3.6,8,10,0.3542,0.4431,0.1051,0.5142
3.6,8,20,0.3467,0.4327,0.0977,0.5095
3.6,8,40,0.3321,0.4096,0.0846,0.5021
3.6,8,80,0.3139,0.3756,0.0756,0.4905
3.6,8,160,0.283,0.3373,0.0651,0.4468
3.6,10,0,0.3601,0.4506,0.1156,0.514
3.6,10,10,0.3546,0.4433,0.1051,0.5153
3.6,10,20,0.3467,0.4327,0.0977,0.5098
3.6,10,40,0.3319,0.4096,0.0846,0.5017
3.6,10,80,0.3139,0.3755,0.0756,0.4905
3.6,10,160,0.2828,0.3373,0.0651,0.4462
3.6,12,0,0.3599,0.45,0.1158,0.514
3.6,12,10,0.3543,0.4428,0.1051,0.5151
3.6,12,20,0.3464,0.432,0.0977,0.5093
3.6,12,40,0.3316,0.4091,0.0846,0.5013
3.6,12,80,0.3132,0.3741,0.0756,0.49
3.6,12,160,0.2825,0.3372,0.0651,0.4453
3.6,14,0,0.3588,0.4471,0.1157,0.5135
3.6,14,10,0.353,0.4397,0.105,0.5144
3.6,14,20,0.345,0.4293,0.0977,0.508
3.6,14,40,0.3304,0.4066,0.0845,0.5
3.6,14,80,0.312,0.3716,0.0755,0.4889
3.6,14,160,0.2821,0.3362,0.065,0.4451
3.6,16,0,0.3553,0.4418,0.1156,0.5085
3.6,16,10,0.3493,0.4341,0.1049,0.5088
3.6,16,20,0.3415,0.424,0.0977,0.5029
3.6,16,40,0.3276,0.4024,0.0845,0.4959
3.6,16,80,0.3097,0.3685,0.0755,0.4851
3.6,16,160,0.2797,0.3331,0.065,0.441
3.7,0,0,0.3286,0.4259,0.0867,0.4732
3.7,0,10,0.3245,0.4188,0.0789,0.4758
3.7,0,20,0.3169,0.4082,0.0715,0.4711
3.7,0,40,0.3054,0.3846,0.0623,0.4692
3.7,0,80,0.2897,0.3558,0.0567,0.4567
3.7,0,160,0.2586,0.3136,0.0487,0.4134
3.7,2,0,0.3325,0.4259,0.0878,0.4837
3.7,2,10,0.3279,0.4188,0.0797,0.4852
3.7,2,20,0.3198,0.4082,0.0719,0.4792
3.7,2,40,0.3082,0.3846,0.0625,0.4776
3.7,2,80,0.2916,0.3558,0.057,0.4621
3.7,2,160,0.2592,0.3136,0.0487,0.4154
3.7,4,0,0.3364,0.4261,0.091,0.4921
3.7,4,10,0.3312,0.4189,0.082,0.4926
3.7,4,20,0.3225,0.4082,0.0735,0.4858
3.7,4,40,0.3101,0.3846,0.0629,0.4828
3.7,4,80,0.2928,0.3558,0.057,0.4658
3.7,4,160,0.2599,0.3136,0.0487,0.4175
3.7,6,0,0.3376,0.4263,0.0926,0.4939
3.7,6,10,0.332,0.4192,0.0827,0.494
3.7,6,20,0.3229,0.4082,0.0737,0.4869
3.7,6,40,0.3104,0.3846,0.063,0.4837
3.7,6,80,0.2931,0.3558,0.057,0.4666
3.7,6,160,0.2602,0.3136,0.0487,0.4183
3.7,8,0,0.3379,0.4263,0.0928,0.4946
3.7,8,10,0.3322,0.4192,0.0827,0.4948
3.7,8,20,0.3233,0.4082,0.0737,0.488
3.7,8,40,0.3107,0.3846,0.063,0.4846
3.7,8,80,0.2932,0.3558,0.057,0.4669
3.7,8,160,0.2605,0.3136,0.0487,0.419
3.7,10,0,0.3382,0.4266,0.0929,0.4951
3.7,10,10,0.3326,0.4192,0.0827,0.4957
3.7,10,20,0.3232,0.4082,0.0737,0.4879
3.7,10,40,0.3106,0.3845,0.063,0.4841
3.7,10,80,0.2932,0.3558,0.057,0.4669
3.7,10,160,0.2603,0.3136,0.0487,0.4185
3.7,12,0,0.338,0.426,0.093,0.4951
3.7,12,10,0.3323,0.4187,0.0827,0.4954
3.7,12,20,0.3229,0.4075,0.0737,0.4876
3.7,12,40,0.3103,0.384,0.063,0.4838
3.7,12,80,0.2926,0.3544,0.057,0.4665
3.7,12,160,0.2599,0.3135,0.0487,0.4176
3.7,14,0,0.3369,0.4233,0.093,0.4945
3.7,14,10,0.331,0.4159,0.0827,0.4944
3.7,14,20,0.3216,0.405,0.0737,0.4862
3.7,14,40,0.3091,0.3818,0.063,0.4824
3.7,14,80,0.2914,0.352,0.0569,0.4652
3.7,14,160,0.2593,0.3126,0.0487,0.4165
3.7,16,0,0.3338,0.4185,0.0929,0.49
3.7,16,10,0.3276,0.4107,0.0826,0.4895
3.7,16,20,0.3187,0.4008,0.0737,0.4815
3.7,16,40,0.3064,0.3779,0.0629,0.4785
3.7,16,80,0.2893,0.3492,0.0569,0.4619
3.7,16,160,0.2571,0.3097,0.0487,0.4128
3.8,0,0,0.3086,0.4008,0.0697,0.4552
3.8,0,10,0.3036,0.3941,0.06,0.4567
3.8,0,20,0.2959,0.3835,0.051,0.453
3.8,0,40,0.2855,0.3585,0.0471,0.451
3.8,0,80,0.2689,0.3281,0.0411,0.4375
3.8,0,160,0.2412,0.2958,0.032,0.3958
3.8,2,0,0.3123,0.4009,0.0706,0.4654
3.8,2,10,0.3067,0.3941,0.0605,0.4656
3.8,2,20,0.2986,0.3835,0.0513,0.4608
3.8,2,40,0.2883,0.3585,0.0472,0.4591
3.8,2,80,0.2706,0.3281,0.0411,0.4425
3.8,2,160,0.2418,0.2958,0.032,0.3977
3.8,4,0,0.3159,0.401,0.0734,0.4734
3.8,4,10,0.3096,0.3942,0.062,0.4726
3.8,4,20,0.3009,0.3835,0.052,0.4671
3.8,4,40,0.2899,0.3585,0.0476,0.4636
3.8,4,80,0.2717,0.3281,0.0411,0.4459
3.8,4,160,0.2424,0.2958,0.032,0.3995
3.8,6,0,0.3169,0.4012,0.0747,0.475
3.8,6,10,0.3103,0.3944,0.0625,0.4739
3.8,6,20,0.3013,0.3835,0.0521,0.4681
3.8,6,40,0.2902,0.3585,0.0476,0.4645
3.8,6,80,0.272,0.3281,0.0411,0.4467
3.8,6,160,0.2427,0.2958,0.032,0.4003
3.8,8,0,0.3172,0.4012,0.0748,0.4757
3.8,8,10,0.3105,0.3944,0.0625,0.4746
3.8,8,20,0.3016,0.3835,0.0521,0.4692
3.8,8,40,0.2903,0.3585,0.0476,0.4649
3.8,8,80,0.272,0.3281,0.0411,0.4468
3.8,8,160,0.2429,0.2958,0.032,0.401
3.8,10,0,0.3175,0.4014,0.0749,0.4761
3.8,10,10,0.3109,0.3944,0.0625,0.4756
3.8,10,20,0.3015,0.3836,0.0521,0.4688
3.8,10,40,0.2903,0.3585,0.0476,0.4648
3.8,10,80,0.2721,0.3281,0.0411,0.4469
3.8,10,160,0.2428,0.2958,0.032,0.4006
3.8,12,0,0.3173,0.4009,0.075,0.4761
3.8,12,10,0.3106,0.394,0.0625,0.4752
3.8,12,20,0.3012,0.3832,0.0521,0.4681
3.8,12,40,0.29,0.358,0.0476,0.4643
3.8,12,80,0.2718,0.3277,0.0411,0.4465
3.8,12,160,0.2425,0.2957,0.032,0.3997
3.8,14,0,0.3163,0.3984,0.075,0.4755
3.8,14,10,0.3093,0.3914,0.0625,0.474
3.8,14,20,0.2998,0.3807,0.0521,0.4667
3.8,14,40,0.2887,0.3555,0.0476,0.463
3.8,14,80,0.271,0.3266,0.0411,0.4452
3.8,14,160,0.2417,0.2944,0.032,0.3987
3.8,16,0,0.3134,0.3941,0.0749,0.4711
3.8,16,10,0.3063,0.3871,0.0626,0.4692
3.8,16,20,0.2971,0.3769,0.0521,0.4623
3.8,16,40,0.2862,0.3522,0.0476,0.4588
3.8,16,80,0.269,0.3235,0.0411,0.4423
3.8,16,160,0.2397,0.2919,0.032,0.3952
3.9,0,0,0.2897,0.3774,0.0562,0.4355
3.9,0,10,0.2836,0.3703,0.0458,0.4347
3.9,0,20,0.2755,0.3594,0.036,0.4311
3.9,0,40,0.2645,0.3319,0.0331,0.4286
3.9,0,80,0.249,0.3035,0.0288,0.4148
3.9,0,160,0.2192,0.2651,0.0222,0.3704
3.9,2,0,0.2932,0.3774,0.0571,0.445
3.9,2,10,0.2866,0.3703,0.0462,0.4432
3.9,2,20,0.278,0.3594,0.0362,0.4383
3.9,2,40,0.267,0.3319,0.0332,0.436
3.9,2,80,0.2505,0.3035,0.0288,0.4194
3.9,2,160,0.2198,0.2651,0.0222,0.3722
3.9,4,0,0.2964,0.3775,0.0594,0.4524
3.9,4,10,0.289,0.3704,0.0471,0.4496
3.9,4,20,0.28,0.3594,0.0365,0.4441
3.9,4,40,0.2688,0.3319,0.0335,0.4409
3.9,4,80,0.2516,0.3035,0.0288,0.4226
3.9,4,160,0.2204,0.2651,0.0222,0.3739
3.9,6,0,0.2973,0.3777,0.0605,0.4538
3.9,6,10,0.2895,0.3705,0.0474,0.4507
3.9,6,20,0.2803,0.3594,0.0365,0.445
3.9,6,40,0.269,0.3319,0.0335,0.4416
3.9,6,80,0.2518,0.3035,0.0288,0.4232
3.9,6,160,0.2206,0.2651,0.0222,0.3746
3.9,8,0,0.2976,0.3777,0.0606,0.4545
3.9,8,10,0.2897,0.3705,0.0474,0.4513
3.9,8,20,0.2806,0.3594,0.0365,0.4458
3.9,8,40,0.269,0.3319,0.0335,0.4418
3.9,8,80,0.2519,0.3035,0.0288,0.4234
3.9,8,160,0.2209,0.2651,0.0222,0.3753
3.9,10,0,0.2978,0.3778,0.0607,0.455
3.9,10,10,0.29,0.3705,0.0474,0.452
3.9,10,20,0.2806,0.3594,0.0365,0.4458
3.9,10,40,0.269,0.3319,0.0335,0.4417
3.9,10,80,0.2519,0.3035,0.0288,0.4235
3.9,10,160,0.2206,0.2651,0.0222,0.3747
3.9,12,0,0.2977,0.3773,0.0607,0.4551
3.9,12,10,0.2897,0.37,0.0474,0.4516
3.9,12,20,0.2803,0.359,0.0365,0.4453
3.9,12,40,0.2687,0.3313,0.0335,0.4413
3.9,12,80,0.2517,0.3031,0.0288,0.4231
3.9,12,160,0.2204,0.265,0.0222,0.3741
3.9,14,0,0.2966,0.3749,0.0607,0.4542
3.9,14,10,0.2885,0.3675,0.0474,0.4505
3.9,14,20,0.2791,0.3567,0.0365,0.4439
3.9,14,40,0.2675,0.329,0.0335,0.44
3.9,14,80,0.2509,0.302,0.0288,0.4218
3.9,14,160,0.2197,0.2637,0.0222,0.3732
3.9,16,0,0.2939,0.3709,0.0607,0.4499
3.9,16,10,0.2857,0.3637,0.0474,0.446
3.9,16,20,0.276,0.3521,0.0366,0.4395
3.9,16,40,0.2653,0.3258,0.0335,0.4366
3.9,16,80,0.249,0.2991,0.0288,0.419
3.9,16,160,0.2177,0.2613,0.0222,0.3697
4.0,0,0,0.2714,0.3549,0.044,0.4155
4.0,0,10,0.2652,0.3471,0.0342,0.4142
4.0,0,20,0.2579,0.3367,0.0269,0.4101
4.0,0,40,0.2465,0.3092,0.0235,0.407
4.0,0,80,0.2308,0.2842,0.0198,0.3883
4.0,0,160,0.2009,0.2456,0.013,0.3442
4.0,2,0,0.2746,0.3549,0.0447,0.4243
4.0,2,10,0.2679,0.3471,0.0346,0.422
4.0,2,20,0.2603,0.3367,0.0271,0.417
4.0,2,40,0.2488,0.3092,0.0235,0.4136
4.0,2,80,0.2321,0.2842,0.0198,0.3923
4.0,2,160,0.2013,0.2456,0.013,0.3452
4.0,4,0,0.2776,0.355,0.0465,0.4312
4.0,4,10,0.2701,0.3472,0.0353,0.428
4.0,4,20,0.2621,0.3367,0.0274,0.4223
4.0,4,40,0.2501,0.3092,0.0237,0.4173
4.0,4,80,0.2329,0.2842,0.0198,0.3946
4.0,4,160,0.2015,0.2456,0.013,0.346
4.0,6,0,0.2783,0.3551,0.0473,0.4325
4.0,6,10,0.2706,0.3472,0.0355,0.429
4.0,6,20,0.2624,0.3367,0.0274,0.4231
4.0,6,40,0.2503,0.3092,0.0237,0.418
4.0,6,80,0.2331,0.2842,0.0198,0.3952
4.0,6,160,0.2017,0.2456,0.013,0.3466
4.0,8,0,0.2785,0.3551,0.0474,0.4331
4.0,8,10,0.2708,0.3472,0.0355,0.4296
4.0,8,20,0.2627,0.3367,0.0274,0.4239
4.0,8,40,0.2503,0.3092,0.0237,0.4181
4.0,8,80,0.2331,0.2842,0.0198,0.3954
4.0,8,160,0.202,0.2456,0.013,0.3475
4.0,10,0,0.2788,0.3552,0.0475,0.4336
4.0,10,10,0.2709,0.3472,0.0355,0.43
4.0,10,20,0.2626,0.3367,0.0274,0.4239
4.0,10,40,0.2503,0.3092,0.0237,0.4181
4.0,10,80,0.2332,0.2842,0.0198,0.3955
4.0,10,160,0.2018,0.2456,0.013,0.3468
4.0,12,0,0.2786,0.3547,0.0475,0.4335
4.0,12,10,0.2706,0.3467,0.0355,0.4296
4.0,12,20,0.2624,0.3363,0.0274,0.4234
4.0,12,40,0.25,0.3086,0.0237,0.4176
4.0,12,80,0.2329,0.2838,0.0198,0.395
4.0,12,160,0.2016,0.2455,0.013,0.3463
4.0,14,0,0.2776,0.3527,0.0475,0.4326
4.0,14,10,0.2695,0.3446,0.0355,0.4285
4.0,14,20,0.2613,0.3343,0.0274,0.4221
4.0,14,40,0.2489,0.3066,0.0237,0.4165
4.0,14,80,0.2322,0.2828,0.0198,0.3939
4.0,14,160,0.2011,0.2449,0.013,0.3455
4.0,16,0,0.275,0.3489,0.0475,0.4288
4.0,16,10,0.2669,0.3409,0.0356,0.4243
4.0,16,20,0.259,0.331,0.0274,0.4185
4.0,16,40,0.2469,0.3034,0.0237,0.4136
4.0,16,80,0.2301,0.2794,0.0198,0.3911
4.0,16,160,0.1993,0.2423,0.013,0.3425
