participant_id,scanner,split,seconds,peak_ram_gb,killed,ok,dice_quick,true_ml,pred_ml,ventricles_ml
sub-002,utrecht_philips_3t,training,441.5,26.1,,True,0.705,32.67,32.95,53.6
sub-003,utrecht_philips_3t,test,441.5,26.1,,True,0.605,19.61,33.58,69.6
sub-008,utrecht_philips_3t,training,442.5,26.1,,True,0.089,1.5,16.67,50.4
sub-009,utrecht_philips_3t,test,440.5,26.1,,True,0.223,195.15,26.57,27.0
sub-013,utrecht_philips_3t,test,430.4,26.1,,True,0.691,51.41,43.51,50.4
sub-016,utrecht_philips_3t,test,429.5,26.1,,True,0.389,12.75,33.46,36.0
sub-019,utrecht_philips_3t,training,430.4,26.1,,True,0.576,11.89,19.09,43.3
sub-022,utrecht_philips_3t,test,433.5,26.1,,True,0.5,11.81,23.33,86.8
sub-025,utrecht_philips_3t,training,429.5,26.1,,True,0.741,24.09,28.29,54.2
sub-028,utrecht_philips_3t,test,430.5,26.1,,True,0.771,39.2,38.69,89.4
sub-031,utrecht_philips_3t,training,438.5,26.1,,True,0.748,67.97,55.83,46.8
sub-034,utrecht_philips_3t,test,433.5,26.1,,True,0.049,1.94,28.04,38.1
sub-037,utrecht_philips_3t,training,428.5,26.1,,True,0.697,74.99,50.83,39.5
sub-040,utrecht_philips_3t,test,433.5,26.1,,True,0.564,14.88,31.14,53.3
sub-044,utrecht_philips_3t,test,427.5,26.1,,True,0.358,4.78,14.94,49.6
sub-047,utrecht_philips_3t,test,431.5,26.1,,True,0.457,21.88,27.28,114.9
sub-049,utrecht_philips_3t,training,428.4,26.1,,True,0.617,26.57,23.98,16.4
sub-050,singapore_siemens_3t,training,433.5,26.1,,True,0.734,25.68,21.6,30.0
sub-053,singapore_siemens_3t,training,429.5,26.1,,True,0.057,1.14,11.98,18.2
sub-056,singapore_siemens_3t,training,433.5,26.1,,True,0.72,16.39,18.16,52.4
sub-059,singapore_siemens_3t,training,427.5,26.1,,True,0.738,17.59,18.12,38.9
sub-062,singapore_siemens_3t,training,429.5,26.1,,True,0.829,61.33,51.77,71.5
sub-065,singapore_siemens_3t,training,428.5,26.1,,True,0.689,18.1,20.91,48.6
sub-068,singapore_siemens_3t,training,428.5,26.1,,True,0.406,36.72,14.87,32.1
sub-070,singapore_siemens_3t,test,429.5,26.1,,True,0.306,7.37,26.0,62.5
sub-073,singapore_siemens_3t,test,430.5,26.1,,True,0.154,0.9,7.25,28.8
sub-076,singapore_siemens_3t,test,434.5,26.1,,True,0.161,3.29,12.91,16.7
sub-079,singapore_siemens_3t,test,443.5,26.1,,True,0.588,7.62,12.15,38.7
sub-082,singapore_siemens_3t,test,442.5,26.1,,True,0.702,12.3,15.6,28.7
sub-085,singapore_siemens_3t,test,435.5,26.1,,True,0.617,20.26,19.91,54.8
sub-088,singapore_siemens_3t,test,433.5,26.1,,True,0.504,8.87,12.07,31.2
sub-091,singapore_siemens_3t,test,436.5,26.1,,True,0.799,11.9,13.2,29.6
sub-094,singapore_siemens_3t,test,432.5,26.1,,True,0.586,28.92,27.94,108.7
sub-097,singapore_siemens_3t,test,429.5,26.1,,True,0.685,18.17,16.79,47.3
sub-100,amsterdam_ge_3t,training,430.5,26.1,,True,0.235,6.27,16.95,23.2
sub-103,amsterdam_ge_3t,training,438.5,26.1,,True,0.713,22.72,26.89,26.3
sub-106,amsterdam_ge_3t,training,456.6,26.1,,True,0.109,3.03,27.83,35.8
sub-109,amsterdam_ge_3t,training,438.5,26.1,,True,0.078,1.93,21.45,66.8
sub-111,amsterdam_ge_3t,test,437.5,26.1,,True,0.603,22.08,33.72,71.0
sub-113,amsterdam_ge_3t,training,431.4,26.1,,True,0.551,22.67,30.61,48.1
sub-116,amsterdam_ge_3t,training,432.5,26.1,,True,0.069,2.16,19.75,25.2
sub-119,amsterdam_ge_3t,test,428.5,26.1,,True,0.82,39.27,40.04,52.8
sub-122,amsterdam_ge_3t,test,428.5,26.1,,True,0.184,3.38,22.55,48.6
sub-125,amsterdam_ge_3t,test,429.5,26.1,,True,0.093,0.82,5.74,31.4
sub-129,amsterdam_ge_3t,test,431.5,26.1,,True,0.579,29.82,31.05,74.4
sub-133,amsterdam_ge_3t,test,429.5,26.1,,True,0.191,6.43,21.79,57.8
sub-136,amsterdam_ge_3t,test,433.5,26.1,,True,0.067,1.13,19.07,31.2
sub-137,amsterdam_ge_3t,training,430.5,26.1,,True,0.356,8.97,17.54,31.4
sub-140,amsterdam_ge_3t,test,432.5,26.1,,True,0.344,13.32,24.17,58.6
sub-143,amsterdam_ge_3t,test,430.5,26.1,,True,0.528,10.93,18.83,70.0
sub-147,amsterdam_ge_3t,test,486.5,29.9,,True,0.38,7.56,16.21,37.1
sub-151,amsterdam_ge_1p5t,test,488.5,29.9,,True,0.466,69.24,54.04,68.5
sub-154,amsterdam_ge_1p5t,test,486.5,29.8,,True,0.51,13.07,22.91,64.8
sub-157,amsterdam_ge_1p5t,test,435.5,26.1,,True,0.1,0.9,7.21,23.2
sub-161,amsterdam_philips_3t,test,502.6,29.9,,True,0.593,11.75,18.0,63.5
sub-164,amsterdam_philips_3t,test,506.7,29.8,,True,0.372,3.39,8.01,69.9
sub-167,amsterdam_philips_3t,test,485.5,29.9,,True,0.45,13.28,24.51,23.1
